t,c,u
0.000000,1.000000,[0.000000,0.000000,0.000000,0.000000,0.000000,0.000000,0.000000,0.000000,0.000000,0.000000,0.000000,0.000000,0.000000,0.000000,0.000000,0.000000,1.000000,1.000000,1.000000,1.000000,1.000000,1.000000,1.000000,1.000000,1.000000,1.000000,1.000000,1.000000,1.000000,1.000000,1.000000,1.000000,0.000000,0.000000,0.000000,0.000000,0.000000,0.000000,0.000000,0.000000,0.000000,0.000000,0.000000,0.000000,0.000000,0.000000,0.000000,0.000000,0.000000,0.000000,0.000000,0.000000,0.000000,0.000000,0.000000,0.000000,0.000000,0.000000,0.000000,0.000000,0.000000,0.000000,0.000000,0.000000,0.000000,0.000000,0.000000,0.000000,0.000000,0.000000,0.000000,0.000000,0.000000,0.000000,0.000000,0.000000,0.000000,0.000000,0.000000,0.000000,0.000000,0.000000,0.000000,0.000000,0.000000,0.000000,0.000000,0.000000,0.000000,0.000000,0.000000,0.000000,0.000000,0.000000,0.000000,0.000000,0.000000,0.000000,0.000000,0.000000]
0.015867,1.000000,[0.000000,0.000000,0.000000,0.000000,0.000000,0.000000,0.000000,0.000000,0.000000,0.000000,0.000000,0.000000,0.000000,0.000000,0.000000,-0.125000,0.625000,1.000000,1.000000,1.000000,1.000000,1.000000,1.000000,1.000000,1.000000,1.000000,1.000000,1.000000,1.000000,1.000000,1.000000,1.125000,0.375000,0.000000,0.000000,0.000000,0.000000,0.000000,0.000000,0.000000,0.000000,0.000000,0.000000,0.000000,0.000000,0.000000,0.000000,0.000000,0.000000,0.000000,0.000000,0.000000,0.000000,0.000000,0.000000,0.000000,0.000000,0.000000,0.000000,0.000000,0.000000,0.000000,0.000000,0.000000,0.000000,0.000000,0.000000,0.000000,0.000000,0.000000,0.000000,0.000000,0.000000,0.000000,0.000000,0.000000,0.000000,0.000000,0.000000,0.000000,0.000000,0.000000,0.000000,0.000000,0.000000,0.000000,0.000000,0.000000,0.000000,0.000000,0.000000,0.000000,0.000000,0.000000,0.000000,0.000000,0.000000,0.000000,0.000000,0.000000]
0.031733,1.000000,[0.000000,0.000000,0.000000,0.000000,0.000000,0.000000,0.000000,0.000000,0.000000,0.000000,0.000000,0.000000,0.000000,0.000000,0.015625,-0.171875,0.296875,0.859375,1.000000,1.000000,1.000000,1.000000,1.000000,1.000000,1.000000,1.000000,1.000000,1.000000,1.000000,1.000000,0.984375,1.171875,0.703125,0.140625,0.000000,0.000000,0.000000,0.000000,0.000000,0.000000,0.000000,0.000000,0.000000,0.000000,0.000000,0.000000,0.000000,0.000000,0.000000,0.000000,0.000000,0.000000,0.000000,0.000000,0.000000,0.000000,0.000000,0.000000,0.000000,0.000000,0.000000,0.000000,0.000000,0.000000,0.000000,0.000000,0.000000,0.000000,0.000000,0.000000,0.000000,0.000000,0.000000,0.000000,0.000000,0.000000,0.000000,0.000000,0.000000,0.000000,0.000000,0.000000,0.000000,0.000000,0.000000,0.000000,0.000000,0.000000,0.000000,0.000000,0.000000,0.000000,0.000000,0.000000,0.000000,0.000000,0.000000,0.000000,0.000000,0.000000]
0.047600,1.000000,[0.000000,0.000000,0.000000,0.000000,0.000000,0.000000,0.000000,0.000000,0.000000,0.000000,0.000000,0.000000,0.000000,-0.001953,0.033203,-0.160156,0.050781,0.630859,0.947266,1.000000,1.000000,1.000000,1.000000,1.000000,1.000000,1.000000,1.000000,1.000000,1.000000,1.001953,0.966797,1.160156,0.949219,0.369141,0.052734,0.000000,0.000000,0.000000,0.000000,0.000000,0.000000,0.000000,0.000000,0.000000,0.000000,0.000000,0.000000,0.000000,0.000000,0.000000,0.000000,0.000000,0.000000,0.000000,0.000000,0.000000,0.000000,0.000000,0.000000,0.000000,0.000000,0.000000,0.000000,0.000000,0.000000,0.000000,0.000000,0.000000,0.000000,0.000000,0.000000,0.000000,0.000000,0.000000,0.000000,0.000000,0.000000,0.000000,0.000000,0.000000,0.000000,0.000000,0.000000,0.000000,0.000000,0.000000,0.000000,0.000000,0.000000,0.000000,0.000000,0.000000,0.000000,0.000000,0.000000,0.000000,0.000000,0.000000,0.000000,0.000000]
0.063467,1.000000,[0.000000,0.000000,0.000000,0.000000,0.000000,0.000000,0.000000,0.000000,0.000000,0.000000,0.000000,0.000000,0.000244,-0.005615,0.044189,-0.114014,-0.100830,0.373779,0.822021,0.980225,1.000000,1.000000,1.000000,1.000000,1.000000,1.000000,1.000000,1.000000,0.999756,1.005615,0.955811,1.114014,1.100830,0.626221,0.177979,0.019775,0.000000,0.000000,0.000000,0.000000,0.000000,0.000000,0.000000,0.000000,0.000000,0.000000,0.000000,0.000000,0.000000,0.000000,0.000000,0.000000,0.000000,0.000000,0.000000,0.000000,0.000000,0.000000,0.000000,0.000000,0.000000,0.000000,0.000000,0.000000,0.000000,0.000000,0.000000,0.000000,0.000000,0.000000,0.000000,0.000000,0.000000,0.000000,0.000000,0.000000,0.000000,0.000000,0.000000,0.000000,0.000000,0.000000,0.000000,0.000000,0.000000,0.000000,0.000000,0.000000,0.000000,0.000000,0.000000,0.000000,0.000000,0.000000,0.000000,0.000000,0.000000,0.000000,0.000000,0.000000]
0.079333,1.000000,[0.000000,0.000000,0.000000,0.000000,0.000000,0.000000,0.000000,0.000000,0.000000,0.000000,0.000000,-0.000031,0.000885,-0.009644,0.045288,-0.056335,-0.165100,0.139771,0.634155,0.918427,0.992584,1.000000,1.000000,1.000000,1.000000,1.000000,1.000000,1.000031,0.999115,1.009644,0.954712,1.056335,1.165100,0.860229,0.365845,0.081573,0.007416,0.000000,0.000000,0.000000,0.000000,0.000000,0.000000,0.000000,0.000000,0.000000,0.000000,0.000000,0.000000,0.000000,0.000000,0.000000,0.000000,0.000000,0.000000,0.000000,0.000000,0.000000,0.000000,0.000000,0.000000,0.000000,0.000000,0.000000,0.000000,0.000000,0.000000,0.000000,0.000000,0.000000,0.000000,0.000000,0.000000,0.000000,0.000000,0.000000,0.000000,0.000000,0.000000,0.000000,0.000000,0.000000,0.000000,0.000000,0.000000,0.000000,0.000000,0.000000,0.000000,0.000000,0.000000,0.000000,0.000000,0.000000,0.000000,0.000000,0.000000,0.000000,0.000000,0.000000]
0.095200,1.000000,[0.000000,0.000000,0.000000,0.000000,0.000000,0.000000,0.000000,0.000000,0.000000,0.000000,0.000004,-0.000134,0.001858,-0.012562,0.037392,-0.004631,-0.162422,-0.036354,0.413227,0.802555,0.963848,0.997219,1.000000,1.000000,1.000000,1.000000,0.999996,1.000134,0.998142,1.012562,0.962608,1.004631,1.162422,1.036354,0.586773,0.197445,0.036152,0.002781,0.000000,0.000000,0.000000,0.000000,0.000000,0.000000,0.000000,0.000000,0.000000,0.000000,0.000000,0.000000,0.000000,0.000000,0.000000,0.000000,0.000000,0.000000,0.000000,0.000000,0.000000,0.000000,0.000000,0.000000,0.000000,0.000000,0.000000,0.000000,0.000000,0.000000,0.000000,0.000000,0.000000,0.000000,0.000000,0.000000,0.000000,0.000000,0.000000,0.000000,0.000000,0.000000,0.000000,0.000000,0.000000,0.000000,0.000000,0.000000,0.000000,0.000000,0.000000,0.000000,0.000000,0.000000,0.000000,0.000000,0.000000,0.000000,0.000000,0.000000,0.000000,0.000000]
0.111066,1.000000,[0.000000,0.000000,0.000000,0.000000,0.000000,0.000000,0.000000,0.000000,0.000000,-0.000000,0.000020,-0.000331,0.002913,-0.013399,0.023912,0.030851,-0.119009,-0.139827,0.195968,0.636395,0.899192,0.984357,0.998957,1.000000,1.000000,1.000000,0.999980,1.000331,0.997087,1.013399,0.976088,0.969149,1.119009,1.139827,0.804032,0.363605,0.100808,0.015643,0.001043,0.000000,0.000000,0.000000,0.000000,0.000000,0.000000,0.000000,0.000000,0.000000,0.000000,0.000000,0.000000,0.000000,0.000000,0.000000,0.000000,0.000000,0.000000,0.000000,0.000000,0.000000,0.000000,0.000000,0.000000,0.000000,0.000000,0.000000,0.000000,0.000000,0.000000,0.000000,0.000000,0.000000,0.000000,0.000000,0.000000,0.000000,0.000000,0.000000,0.000000,0.000000,0.000000,0.000000,0.000000,0.000000,0.000000,0.000000,0.000000,0.000000,0.000000,0.000000,0.000000,0.000000,0.000000,0.000000,0.000000,0.000000,0.000000,0.000000,0.000000,0.000000]
0.126933,1.000000,[0.000000,0.000000,0.000000,0.000000,0.000000,0.000000,0.000000,0.000000,0.000000,-0.000003,0.000056,-0.000605,0.003736,-0.011945,0.009053,0.046982,-0.060209,-0.173995,0.014991,0.438386,0.789998,0.950595,0.993352,0.999609,1.000000,1.000003,0.999944,1.000605,0.996264,1.011945,0.990947,0.953018,1.060209,1.173995,0.985009,0.561614,0.210002,0.049405,0.006648,0.000391,0.000000,0.000000,0.000000,0.000000,0.000000,0.000000,0.000000,0.000000,0.000000,0.000000,0.000000,0.000000,0.000000,0.000000,0.000000,0.000000,0.000000,0.000000,0.000000,0.000000,0.000000,0.000000,0.000000,0.000000,0.000000,0.000000,0.000000,0.000000,0.000000,0.000000,0.000000,0.000000,0.000000,0.000000,0.000000,0.000000,0.000000,0.000000,0.000000,0.000000,0.000000,0.000000,0.000000,0.000000,0.000000,0.000000,0.000000,0.000000,0.000000,0.000000,0.000000,0.000000,0.000000,0.000000,0.000000,0.000000,0.000000,0.000000,0.000000,0.000000]
0.142800,1.000000,[0.000000,0.000000,0.000000,0.000000,0.000000,0.000000,0.000000,-0.000000,0.000000,-0.000009,0.000116,-0.000900,0.004068,-0.008690,-0.003562,0.046157,-0.005789,-0.154948,-0.108803,0.235661,0.638068,0.885027,0.976536,0.997214,0.999853,1.000009,0.999884,1.000900,0.995932,1.008690,1.003562,0.953843,1.005789,1.154948,1.108803,0.764339,0.361932,0.114973,0.023464,0.002786,0.000147,0.000000,0.000000,0.000000,0.000000,0.000000,0.000000,0.000000,0.000000,0.000000,0.000000,0.000000,0.000000,0.000000,0.000000,0.000000,0.000000,0.000000,0.000000,0.000000,0.000000,0.000000,0.000000,0.000000,0.000000,0.000000,0.000000,0.000000,0.000000,0.000000,0.000000,0.000000,0.000000,0.000000,0.000000,0.000000,0.000000,0.000000,0.000000,0.000000,0.000000,0.000000,0.000000,0.000000,0.000000,0.000000,0.000000,0.000000,0.000000,0.000000,0.000000,0.000000,0.000000,0.000000,0.000000,0.000000,0.000000,0.000000,0.000000,0.000000]
0.158666,1.000000,[0.000000,0.000000,0.000000,0.000000,0.000000,0.000000,0.000000,-0.000000,0.000001,-0.000021,0.000196,-0.001140,0.003800,-0.004546,-0.011700,0.034006,0.032336,-0.104782,-0.169165,0.056186,0.456296,0.780979,0.939635,0.989130,0.998844,0.999966,0.999804,1.001140,0.996200,1.004546,1.011700,0.965994,0.967664,1.104782,1.169165,0.943814,0.543704,0.219021,0.060365,0.010870,0.001155,0.000055,0.000000,0.000000,0.000000,0.000000,0.000000,0.000000,0.000000,0.000000,0.000000,0.000000,0.000000,0.000000,0.000000,0.000000,0.000000,0.000000,0.000000,0.000000,0.000000,0.000000,0.000000,0.000000,0.000000,0.000000,0.000000,0.000000,0.000000,0.000000,0.000000,0.000000,0.000000,0.000000,0.000000,0.000000,0.000000,0.000000,0.000000,0.000000,0.000000,0.000000,0.000000,0.000000,0.000000,0.000000,0.000000,0.000000,0.000000,0.000000,0.000000,0.000000,0.000000,0.000000,0.000000,0.000000,0.000000,0.000000,0.000000,0.000000]
0.174533,1.000000,[0.000000,0.000000,0.000000,0.000000,0.000000,-0.000000,0.000000,-0.000000,0.000004,-0.000040,0.000282,-0.001256,0.002991,-0.000522,-0.014731,0.017075,0.050102,-0.045315,-0.173191,-0.078334,0.265670,0.639390,0.873952,0.969355,0.995061,0.999566,0.999698,1.001256,0.997009,1.000522,1.014731,0.982925,0.949898,1.045315,1.173191,1.078334,0.734330,0.360610,0.126048,0.030645,0.004936,0.000474,0.000021,0.000000,0.000000,0.000000,0.000000,0.000000,0.000000,0.000000,0.000000,0.000000,0.000000,0.000000,0.000000,0.000000,0.000000,0.000000,0.000000,0.000000,0.000000,0.000000,0.000000,0.000000,0.000000,0.000000,0.000000,0.000000,0.000000,0.000000,0.000000,0.000000,0.000000,0.000000,0.000000,0.000000,0.000000,0.000000,0.000000,0.000000,0.000000,0.000000,0.000000,0.000000,0.000000,0.000000,0.000000,0.000000,0.000000,0.000000,0.000000,0.000000,0.000000,0.000000,0.000000,0.000000,0.000000,0.000000,0.000000,0.000000]
0.190400,1.000000,[0.000000,0.000000,0.000000,0.000000,0.000000,-0.000000,0.000000,-0.000001,0.000008,-0.000064,0.000353,-0.001210,0.001837,0.002571,-0.013378,0.001019,0.049644,0.006451,-0.137094,-0.156906,0.089953,0.469925,0.774066,0.930366,0.984858,0.997860,0.999453,1.001203,0.998163,0.997429,1.013378,0.998981,0.950356,0.993549,1.137094,1.156906,0.910047,0.530075,0.225934,0.069635,0.015134,0.002204,0.000193,0.000008,0.000000,0.000000,0.000000,0.000000,0.000000,0.000000,0.000000,0.000000,0.000000,0.000000,0.000000,0.000000,0.000000,0.000000,0.000000,0.000000,0.000000,0.000000,0.000000,0.000000,0.000000,0.000000,0.000000,0.000000,0.000000,0.000000,0.000000,0.000000,0.000000,0.000000,0.000000,0.000000,0.000000,0.000000,0.000000,0.000000,0.000000,0.000000,0.000000,0.000000,0.000000,0.000000,0.000000,0.000000,0.000000,0.000000,0.000000,0.000000,0.000000,0.000000,0.000000,0.000000,0.000000,0.000000,0.000000,0.000000]
0.206266,1.000000,[0.000000,0.000000,0.000000,-0.000000,0.000000,-0.000000,0.000000,-0.000001,0.000014,-0.000089,0.000392,-0.001005,0.000603,0.004290,-0.009197,-0.010458,0.036809,0.040591,-0.080789,-0.180334,-0.050115,0.289418,0.640476,0.864942,0.962798,0.992785,0.998637,1.000927,0.999394,0.995710,1.009197,1.010458,0.963191,0.959409,1.080789,1.180334,1.050115,0.710582,0.359524,0.135060,0.037188,0.007304,0.000971,0.000078,0.000003,0.000000,0.000000,0.000000,0.000000,0.000000,0.000000,0.000000,0.000000,0.000000,0.000000,0.000000,0.000000,0.000000,0.000000,0.000000,0.000000,0.000000,0.000000,0.000000,0.000000,0.000000,0.000000,0.000000,0.000000,0.000000,0.000000,0.000000,0.000000,0.000000,0.000000,0.000000,0.000000,0.000000,0.000000,0.000000,0.000000,0.000000,0.000000,0.000000,0.000000,0.000000,0.000000,0.000000,0.000000,0.000000,0.000000,0.000000,0.000000,0.000000,0.000000,0.000000,0.000000,0.000000,0.000000,0.000000]
0.222133,1.000000,[0.000000,0.000000,0.000000,-0.000000,0.000000,-0.000000,0.000000,-0.000003,0.000021,-0.000111,0.000386,-0.000682,-0.000461,0.004593,-0.003982,-0.015893,0.018611,0.054345,-0.022828,-0.159282,-0.141389,0.118211,0.480771,0.768535,0.922354,0.980808,0.996156,1.000259,1.000429,0.995406,1.003982,1.015893,0.981389,0.945655,1.022828,1.159282,1.141389,0.881789,0.519229,0.231468,0.077626,0.019303,0.003457,0.000422,0.000032,0.000001,0.000000,0.000000,0.000000,0.000000,0.000000,0.000000,0.000000,0.000000,0.000000,0.000000,0.000000,0.000000,0.000000,0.000000,0.000000,0.000000,0.000000,0.000000,0.000000,0.000000,0.000000,0.000000,0.000000,0.000000,0.000000,0.000000,0.000000,0.000000,0.000000,0.000000,0.000000,0.000000,0.000000,0.000000,0.000000,0.000000,0.000000,0.000000,0.000000,0.000000,0.000000,0.000000,0.000000,0.000000,0.000000,0.000000,0.000000,0.000000,0.000000,0.000000,0.000000,0.000000,0.000000,0.000000]
0.237999,1.000000,[0.000000,-0.000000,0.000000,-0.000000,0.000000,-0.000000,0.000001,-0.000005,0.000028,-0.000124,0.000334,-0.000309,-0.001175,0.003770,0.000723,-0.015740,0.001205,0.050591,0.023169,-0.110348,-0.180549,-0.024459,0.308840,0.641396,0.857365,0.956969,0.989888,0.998700,1.000994,0.996218,0.999277,1.015740,0.998795,0.949409,0.976831,1.110348,1.180549,1.024459,0.691159,0.358608,0.142607,0.043154,0.009779,0.001609,0.000182,0.000013,0.000000,0.000000,0.000000,0.000000,0.000000,0.000000,0.000000,0.000000,0.000000,0.000000,0.000000,0.000000,0.000000,0.000000,0.000000,0.000000,0.000000,0.000000,0.000000,0.000000,0.000000,0.000000,0.000000,0.000000,0.000000,0.000000,0.000000,0.000000,0.000000,0.000000,0.000000,0.000000,0.000000,0.000000,0.000000,0.000000,0.000000,0.000000,0.000000,0.000000,0.000000,0.000000,0.000000,0.000000,0.000000,0.000000,0.000000,0.000000,0.000000,0.000000,0.000000,0.000000,0.000000,0.000000]
0.253866,1.000000,[0.000000,-0.000000,0.000000,-0.000000,0.000000,-0.000000,0.000001,-0.000007,0.000035,-0.000124,0.000242,0.000040,-0.001469,0.002296,0.003923,-0.011684,-0.011322,0.035499,0.050142,-0.051504,-0.173735,-0.124655,0.142283,0.489692,0.763926,0.915503,0.976442,0.995108,1.000730,0.997626,0.996072,1.011684,1.011322,0.964501,0.949858,1.051504,1.173735,1.124655,0.857716,0.510315,0.236039,0.084621,0.023316,0.004851,0.000738,0.000078,0.000005,0.000000,0.000000,0.000000,0.000000,0.000000,0.000000,0.000000,0.000000,0.000000,0.000000,0.000000,0.000000,0.000000,0.000000,0.000000,0.000000,0.000000,0.000000,0.000000,0.000000,0.000000,0.000000,0.000000,0.000000,0.000000,0.000000,0.000000,0.000000,0.000000,0.000000,0.000000,0.000000,0.000000,0.000000,0.000000,0.000000,0.000000,0.000000,0.000000,0.000000,0.000000,0.000000,0.000000,0.000000,0.000000,0.000000,0.000000,0.000000,0.000000,0.000000,0.000000,0.000000,0.000000]
0.269733,1.000000,[0.000000,-0.000000,0.000000,-0.000000,0.000000,-0.000000,0.000002,-0.000009,0.000039,-0.000110,0.000130,0.000305,-0.001373,0.000681,0.005264,-0.005877,-0.017311,0.016111,0.057357,0.001892,-0.134033,-0.176427,-0.001245,0.325134,0.642141,0.851044,0.951256,0.987406,0.999010,0.998985,0.994703,1.005875,1.017311,0.983889,0.942643,0.998108,1.134033,1.176428,1.001243,0.674875,0.357820,0.149066,0.048613,0.012289,0.002363,0.000334,0.000033,0.000002,0.000000,0.000000,0.000000,0.000000,0.000000,0.000000,0.000000,0.000000,0.000000,0.000000,0.000000,0.000000,0.000000,0.000000,0.000000,0.000000,0.000000,0.000000,0.000000,0.000000,0.000000,0.000000,0.000000,0.000000,0.000000,0.000000,0.000000,0.000000,0.000000,0.000000,0.000000,0.000000,0.000000,0.000000,0.000000,0.000000,0.000000,0.000000,0.000000,0.000000,0.000000,0.000000,0.000000,0.000000,0.000000,0.000000,0.000000,0.000000,0.000000,0.000000,0.000000,0.000000]
0.285599,1.000000,[0.000000,-0.000000,0.000000,-0.000000,0.000000,-0.000000,0.000002,-0.000011,0.000040,-0.000084,0.000018,0.000449,-0.001001,-0.000662,0.004938,-0.000270,-0.017201,-0.001578,0.048823,0.039682,-0.077762,-0.182427,-0.107736,0.163116,0.497151,0.760179,0.909158,0.972399,0.994662,0.999529,0.994912,1.000256,1.017200,1.001578,0.951177,0.960318,1.077762,1.182428,1.107733,0.836895,0.502810,0.239905,0.090823,0.027152,0.006339,0.001133,0.000150,0.000014,0.000001,0.000000,0.000000,0.000000,0.000000,0.000000,0.000000,0.000000,0.000000,0.000000,0.000000,0.000000,0.000000,0.000000,0.000000,0.000000,0.000000,0.000000,0.000000,0.000000,0.000000,0.000000,0.000000,0.000000,0.000000,0.000000,0.000000,0.000000,0.000000,0.000000,0.000000,0.000000,0.000000,0.000000,0.000000,0.000000,0.000000,0.000000,0.000000,0.000000,0.000000,0.000000,0.000000,0.000000,0.000000,0.000000,0.000000,0.000000,0.000000,0.000000,0.000000,0.000000]
0.301466,1.000000,[0.000000,-0.000000,0.000000,-0.000000,0.000000,-0.000001,0.000003,-0.000013,0.000036,-0.000050,-0.000074,0.000469,-0.000499,-0.001489,0.003489,0.003799,-0.012805,-0.013737,0.031065,0.057790,-0.020637,-0.152514,-0.169601,0.019793,0.339009,0.642921,0.845386,0.945901,0.985705,0.998281,0.995976,0.996134,1.012799,1.013736,0.968935,0.942210,1.020637,1.152515,1.169599,0.980220,0.660955,0.357130,0.154688,0.053630,0.014795,0.003208,0.000536,0.000066,0.000006,0.000000,0.000000,0.000000,0.000000,0.000000,0.000000,0.000000,0.000000,0.000000,0.000000,0.000000,0.000000,0.000000,0.000000,0.000000,0.000000,0.000000,0.000000,0.000000,0.000000,0.000000,0.000000,0.000000,0.000000,0.000000,0.000000,0.000000,0.000000,0.000000,0.000000,0.000000,0.000000,0.000000,0.000000,0.000000,0.000000,0.000000,0.000000,0.000000,0.000000,0.000000,0.000000,0.000000,0.000000,0.000000,0.000000,0.000000,0.000000,0.000000,0.000000,0.000000]
0.317333,1.000000,[0.000000,-0.000000,0.000000,-0.000000,0.000000,-0.000001,0.000004,-0.000013,0.000029,-0.000015,-0.000133,0.000386,-0.000013,-0.001740,0.001583,0.005758,-0.006462,-0.018987,0.010924,0.057572,0.025257,-0.100925,-0.186868,-0.091132,0.181314,0.503646,0.756897,0.903232,0.969206,0.993853,0.996820,0.993992,1.006432,1.018985,0.989076,0.942428,0.974742,1.100925,1.186864,1.091145,0.818657,0.496369,0.243236,0.096381,0.030806,0.007887,0.001596,0.000250,0.000029,0.000002,0.000000,0.000000,0.000000,0.000000,0.000000,0.000000,0.000000,0.000000,0.000000,0.000000,0.000000,0.000000,0.000000,0.000000,0.000000,0.000000,0.000000,0.000000,0.000000,0.000000,0.000000,0.000000,0.000000,0.000000,0.000000,0.000000,0.000000,0.000000,0.000000,0.000000,0.000000,0.000000,0.000000,0.000000,0.000000,0.000000,0.000000,0.000000,0.000000,0.000000,0.000000,0.000000,0.000000,0.000000,0.000000,0.000000,0.000000,0.000000,0.000000,0.000000]
0.333199,1.000000,[0.000000,-0.000000,0.000000,-0.000000,0.000000,-0.000001,0.000004,-0.000012,0.000019,0.000016,-0.000154,0.000241,0.000353,-0.001508,-0.000185,0.005720,-0.000313,-0.018029,-0.006124,0.044118,0.053148,-0.042863,-0.166606,-0.161089,0.038855,0.351115,0.643636,0.840110,0.941385,0.984240,0.996061,0.993497,1.000198,1.018016,1.006123,0.955882,0.946852,1.042864,1.166602,1.161101,0.961126,0.648869,0.356518,0.159649,0.058262,0.017268,0.004124,0.000782,0.000115,0.000013,0.000001,0.000000,0.000000,0.000000,0.000000,0.000000,0.000000,0.000000,0.000000,0.000000,0.000000,0.000000,0.000000,0.000000,0.000000,0.000000,0.000000,0.000000,0.000000,0.000000,0.000000,0.000000,0.000000,0.000000,0.000000,0.000000,0.000000,0.000000,0.000000,0.000000,0.000000,0.000000,0.000000,0.000000,0.000000,0.000000,0.000000,0.000000,0.000000,0.000000,0.000000,0.000000,0.000000,0.000000,0.000000,0.000000,0.000000,0.000000,0.000000,0.000000]
0.349066,1.000000,[0.000000,-0.000000,0.000000,-0.000000,0.000000,-0.000001,0.000004,-0.000010,0.000008,0.000038,-0.000139,0.000079,0.000544,-0.000975,-0.001419,0.004260,0.004164,-0.012874,-0.016869,0.024148,0.061763,0.008609,-0.120892,-0.188151,-0.075156,0.197452,0.509381,0.753773,0.898050,0.966692,0.991949,0.993621,0.995458,1.012821,1.016863,0.975851,0.938237,0.991392,1.120888,1.188161,1.075149,0.802509,0.490758,0.246148,0.101406,0.034284,0.009471,0.002119,0.000378,0.000053,0.000006,0.000000,0.000000,0.000000,0.000000,0.000000,0.000000,0.000000,0.000000,0.000000,0.000000,0.000000,0.000000,0.000000,0.000000,0.000000,0.000000,0.000000,0.000000,0.000000,0.000000,0.000000,0.000000,0.000000,0.000000,0.000000,0.000000,0.000000,0.000000,0.000000,0.000000,0.000000,0.000000,0.000000,0.000000,0.000000,0.000000,0.000000,0.000000,0.000000,0.000000,0.000000,0.000000,0.000000,0.000000,0.000000,0.000000,0.000000,0.000000,0.000000]
0.364932,1.000000,[0.000000,-0.000000,0.000000,-0.000000,0.000000,-0.000001,0.000004,-0.000007,-0.000003,0.000049,-0.000100,-0.000061,0.000560,-0.000350,-0.001963,0.002142,0.006329,-0.005985,-0.020498,0.004065,0.054302,0.044729,-0.063922,-0.177053,-0.151605,0.056233,0.361859,0.644091,0.835366,0.937794,0.982268,0.992764,0.992599,1.005805,1.020474,0.995932,0.945698,0.955272,1.063918,1.177060,1.151608,0.943718,0.638241,0.355969,0.164074,0.062556,0.019694,0.005093,0.001072,0.000181,0.000024,0.000002,0.000000,0.000000,0.000000,0.000000,0.000000,0.000000,0.000000,0.000000,0.000000,0.000000,0.000000,0.000000,0.000000,0.000000,0.000000,0.000000,0.000000,0.000000,0.000000,0.000000,0.000000,0.000000,0.000000,0.000000,0.000000,0.000000,0.000000,0.000000,0.000000,0.000000,0.000000,0.000000,0.000000,0.000000,0.000000,0.000000,0.000000,0.000000,0.000000,0.000000,0.000000,0.000000,0.000000,0.000000,0.000000,0.000000,0.000000,0.000000]
0.380799,1.000000,[0.000000,-0.000000,0.000000,-0.000000,0.000000,-0.000001,0.000003,-0.000003,-0.000011,0.000048,-0.000049,-0.000153,0.000441,0.000192,-0.001871,0.000080,0.006299,0.000447,-0.018126,-0.011425,0.036660,0.061900,-0.009036,-0.137810,-0.187128,-0.059910,0.211970,0.514345,0.750834,0.893824,0.964278,0.988849,0.991010,0.999019,1.018041,1.011415,0.963339,0.938101,1.009033,1.137813,1.187139,1.059862,0.788079,0.485808,0.248725,0.105983,0.037593,0.011071,0.002691,0.000534,0.000085,0.000011,0.000001,0.000000,0.000000,0.000000,0.000000,0.000000,0.000000,0.000000,0.000000,0.000000,0.000000,0.000000,0.000000,0.000000,0.000000,0.000000,0.000000,0.000000,0.000000,0.000000,0.000000,0.000000,0.000000,0.000000,0.000000,0.000000,0.000000,0.000000,0.000000,0.000000,0.000000,0.000000,0.000000,0.000000,0.000000,0.000000,0.000000,0.000000,0.000000,0.000000,0.000000,0.000000,0.000000,0.000000,0.000000,0.000000,0.000000,0.000000]
0.396666,1.000000,[0.000000,-0.000000,0.000000,-0.000000,0.000000,-0.000001,0.000002,0.000000,-0.000015,0.000038,0.000000,-0.000188,0.000249,0.000544,-0.001341,-0.001429,0.004698,0.004963,-0.011999,-0.019949,0.015473,0.061302,0.033662,-0.083355,-0.184536,-0.141602,0.072218,0.371393,0.644277,0.831396,0.934787,0.979365,0.989199,0.993638,1.011736,1.019909,0.984522,0.938699,0.966336,1.083355,1.184551,1.141563,0.927781,0.628795,0.355474,0.168060,0.066554,0.022064,0.006103,0.001399,0.000263,0.000040,0.000005,0.000000,0.000000,0.000000,0.000000,0.000000,0.000000,0.000000,0.000000,0.000000,0.000000,0.000000,0.000000,0.000000,0.000000,0.000000,0.000000,0.000000,0.000000,0.000000,0.000000,0.000000,0.000000,0.000000,0.000000,0.000000,0.000000,0.000000,0.000000,0.000000,0.000000,0.000000,0.000000,0.000000,0.000000,0.000000,0.000000,0.000000,0.000000,0.000000,0.000000,0.000000,0.000000,0.000000,0.000000,0.000000,0.000000,0.000000]
0.412532,1.000000,[0.000000,-0.000000,0.000000,-0.000000,0.000000,-0.000001,0.000001,0.000003,-0.000016,0.000023,0.000038,-0.000172,0.000048,0.000669,-0.000623,-0.002162,0.002367,0.006984,-0.004644,-0.021395,-0.003539,0.047571,0.058654,-0.026826,-0.151960,-0.184430,-0.045361,0.225092,0.518556,0.748303,0.890443,0.961419,0.984956,0.989711,1.003927,1.021267,1.003520,0.952428,0.941345,1.026823,1.151976,1.184407,1.045323,0.775080,0.481396,0.251029,0.110180,0.040743,0.012677,0.003305,0.000717,0.000128,0.000018,0.000002,0.000000,0.000000,0.000000,0.000000,0.000000,0.000000,0.000000,0.000000,0.000000,0.000000,0.000000,0.000000,0.000000,0.000000,0.000000,0.000000,0.000000,0.000000,0.000000,0.000000,0.000000,0.000000,0.000000,0.000000,0.000000,0.000000,0.000000,0.000000,0.000000,0.000000,0.000000,0.000000,0.000000,0.000000,0.000000,0.000000,0.000000,0.000000,0.000000,0.000000,0.000000,0.000000,0.000000,0.000000,0.000000,0.000000]
0.428399,1.000000,[0.000000,-0.000000,0.000000,-0.000000,0.000000,-0.000001,0.000000,0.000005,-0.000014,0.000006,0.000059,-0.000121,-0.000112,0.000598,0.000054,-0.002151,0.000092,0.006706,0.001810,-0.017346,-0.016624,0.027020,0.065183,0.020871,-0.100976,-0.189637,-0.131318,0.086989,0.379789,0.644380,0.828268,0.931861,0.975535,0.986151,0.996429,1.016983,1.016562,0.972973,0.934816,0.979125,1.100990,1.189631,1.131260,0.913132,0.620323,0.355022,0.171678,0.070291,0.024373,0.007143,0.001761,0.000363,0.000062,0.000008,0.000001,0.000000,0.000000,0.000000,0.000000,0.000000,0.000000,0.000000,0.000000,0.000000,0.000000,0.000000,0.000000,0.000000,0.000000,0.000000,0.000000,0.000000,0.000000,0.000000,0.000000,0.000000,0.000000,0.000000,0.000000,0.000000,0.000000,0.000000,0.000000,0.000000,0.000000,0.000000,0.000000,0.000000,0.000000,0.000000,0.000000,0.000000,0.000000,0.000000,0.000000,0.000000,0.000000,0.000000,0.000000,0.000000]
0.444266,1.000000,[0.000000,-0.000000,0.000000,-0.000000,0.000000,-0.000000,-0.000001,0.000005,-0.000009,-0.000008,0.000062,-0.000055,-0.000204,0.000399,0.000533,-0.001605,-0.001576,0.004838,0.006040,-0.010253,-0.022350,0.005883,0.056411,0.052719,-0.044201,-0.163679,-0.180476,-0.031476,0.236915,0.522172,0.746361,0.887554,0.957830,0.980885,0.990005,1.009328,1.022168,0.994088,0.943586,0.947276,1.044211,1.163687,1.180415,1.031531,0.763289,0.477428,0.253106,0.114051,0.043746,0.014277,0.003954,0.000925,0.000181,0.000029,0.000004,0.000000,0.000000,0.000000,0.000000,0.000000,0.000000,0.000000,0.000000,0.000000,0.000000,0.000000,0.000000,0.000000,0.000000,0.000000,0.000000,0.000000,0.000000,0.000000,0.000000,0.000000,0.000000,0.000000,0.000000,0.000000,0.000000,0.000000,0.000000,0.000000,0.000000,0.000000,0.000000,0.000000,0.000000,0.000000,0.000000,0.000000,0.000000,0.000000,0.000000,0.000000,0.000000,0.000000,0.000000,0.000000]
0.460132,1.000000,[0.000000,-0.000000,0.000000,-0.000000,0.000000,-0.000000,-0.000001,0.000005,-0.000004,-0.000017,0.000050,0.000008,-0.000223,0.000156,0.000750,-0.000807,-0.002389,0.002282,0.007626,-0.002631,-0.021343,-0.011020,0.037924,0.066218,0.007079,-0.116775,-0.192802,-0.120900,0.100611,0.387177,0.644641,0.825822,0.928595,0.971100,0.984170,1.000477,1.020863,1.010931,0.962063,0.933775,0.992925,1.116792,1.192752,1.120892,0.899612,0.612666,0.354608,0.174984,0.073794,0.026618,0.008204,0.002154,0.000479,0.000089,0.000014,0.000002,0.000000,0.000000,0.000000,0.000000,0.000000,0.000000,0.000000,0.000000,0.000000,0.000000,0.000000,0.000000,0.000000,0.000000,0.000000,0.000000,0.000000,0.000000,0.000000,0.000000,0.000000,0.000000,0.000000,0.000000,0.000000,0.000000,0.000000,0.000000,0.000000,0.000000,0.000000,0.000000,0.000000,0.000000,0.000000,0.000000,0.000000,0.000000,0.000000,0.000000,0.000000,0.000000,0.000000,0.000000]
0.475999,1.000000,[0.000000,-0.000000,0.000000,-0.000000,0.000000,0.000000,-0.000002,0.000004,0.000001,-0.000021,0.000030,0.000052,-0.000184,-0.000060,0.000722,-0.000025,-0.002379,-0.000138,0.006904,0.003555,-0.015616,-0.021009,0.016033,0.063000,0.044738,-0.060827,-0.173280,-0.175552,-0.018276,0.247532,0.525445,0.745033,0.884742,0.953527,0.977230,0.991813,1.014460,1.020764,0.983925,0.936989,0.955261,1.060847,1.173250,1.175500,1.018461,0.752528,0.473833,0.254992,0.117637,0.046611,0.015866,0.004632,0.001156,0.000245,0.000044,0.000006,0.000001,0.000000,0.000000,0.000000,0.000000,0.000000,0.000000,0.000000,0.000000,0.000000,0.000000,0.000000,0.000000,0.000000,0.000000,0.000000,0.000000,0.000000,0.000000,0.000000,0.000000,0.000000,0.000000,0.000000,0.000000,0.000000,0.000000,0.000000,0.000000,0.000000,0.000000,0.000000,0.000000,0.000000,0.000000,0.000000,0.000000,0.000000,0.000000,0.000000,0.000000,0.000000,0.000000,0.000000]
0.491866,1.000000,[0.000000,-0.000000,0.000000,-0.000000,0.000000,0.000000,-0.000002,0.000002,0.000005,-0.000019,0.000008,0.000074,-0.000111,-0.000205,0.000522,0.000549,-0.001777,-0.001858,0.004682,0.007207,-0.007753,-0.023617,-0.003729,0.047671,0.064782,-0.007183,-0.130826,-0.194360,-0.110481,0.113115,0.393779,0.645224,0.823753,0.924770,0.966518,0.983514,1.005179,1.023005,1.003606,0.952306,0.935211,1.007202,1.130818,1.194286,1.110592,0.887090,0.605699,0.354227,0.178024,0.077089,0.028799,0.009279,0.002573,0.000612,0.000124,0.000021,0.000003,0.000000,0.000000,0.000000,0.000000,0.000000,0.000000,0.000000,0.000000,0.000000,0.000000,0.000000,0.000000,0.000000,0.000000,0.000000,0.000000,0.000000,0.000000,0.000000,0.000000,0.000000,0.000000,0.000000,0.000000,0.000000,0.000000,0.000000,0.000000,0.000000,0.000000,0.000000,0.000000,0.000000,0.000000,0.000000,0.000000,0.000000,0.000000,0.000000,0.000000,0.000000,0.000000,0.000000]
0.507732,1.000000,[0.000000,-0.000000,0.000000,-0.000000,-0.000000,0.000001,-0.000001,0.000000,0.000007,-0.000014,-0.000010,0.000072,-0.000030,-0.000260,0.000246,0.000830,-0.000894,-0.002645,0.001914,0.008130,-0.000160,-0.020154,-0.017612,0.026257,0.067361,0.035259,-0.076518,-0.181019,-0.169885,-0.005817,0.257099,0.528616,0.744178,0.881670,0.948738,0.974432,0.994827,1.018745,1.017293,0.973681,0.932623,0.964753,1.076528,1.180947,1.169915,1.006077,0.742655,0.470554,0.256717,0.120976,0.049348,0.017438,0.005333,0.001408,0.000320,0.000062,0.000010,0.000001,0.000000,0.000000,0.000000,0.000000,0.000000,0.000000,0.000000,0.000000,0.000000,0.000000,0.000000,0.000000,0.000000,0.000000,0.000000,0.000000,0.000000,0.000000,0.000000,0.000000,0.000000,0.000000,0.000000,0.000000,0.000000,0.000000,0.000000,0.000000,0.000000,0.000000,0.000000,0.000000,0.000000,0.000000,0.000000,0.000000,0.000000,0.000000,0.000000,0.000000,0.000000,0.000000]
0.523599,1.000000,[0.000000,-0.000000,0.000000,-0.000000,-0.000000,0.000001,-0.000001,-0.000001,0.000007,-0.000006,-0.000022,0.000054,0.000037,-0.000237,-0.000017,0.000827,-0.000029,-0.002559,-0.000573,0.006835,0.005448,-0.012974,-0.024049,0.004668,0.055960,0.061269,-0.021539,-0.143223,-0.194569,-0.100207,0.124566,0.399852,0.646155,0.821727,0.920376,0.962248,0.984189,1.009957,1.023289,0.995168,0.944003,0.938732,1.021560,1.143169,1.194532,1.100444,0.875450,0.599322,0.353873,0.180832,0.080197,0.030917,0.010363,0.003016,0.000760,0.000165,0.000031,0.000005,0.000001,0.000000,0.000000,0.000000,0.000000,0.000000,0.000000,0.000000,0.000000,0.000000,0.000000,0.000000,0.000000,0.000000,0.000000,0.000000,0.000000,0.000000,0.000000,0.000000,0.000000,0.000000,0.000000,0.000000,0.000000,0.000000,0.000000,0.000000,0.000000,0.000000,0.000000,0.000000,0.000000,0.000000,0.000000,0.000000,0.000000,0.000000,0.000000,0.000000,0.000000,0.000000]
0.539465,1.000000,[0.000000,-0.000000,0.000000,0.000000,-0.000000,0.000000,-0.000000,-0.000002,0.000005,0.000000,-0.000025,0.000028,0.000078,-0.000162,-0.000205,0.000617,0.000608,-0.001858,-0.002244,0.004231,0.008271,-0.004681,-0.023485,-0.012512,0.036062,0.069629,0.024724,-0.091174,-0.187110,-0.163689,0.005866,0.265832,0.531845,0.743556,0.878148,0.943803,0.972740,0.998628,1.021805,1.012109,0.963849,0.930355,0.975299,1.091145,1.187032,1.163851,0.994339,0.733551,0.467547,0.258302,0.124095,0.051966,0.018989,0.006053,0.001680,0.000405,0.000084,0.000015,0.000002,0.000000,0.000000,0.000000,0.000000,0.000000,0.000000,0.000000,0.000000,0.000000,0.000000,0.000000,0.000000,0.000000,0.000000,0.000000,0.000000,0.000000,0.000000,0.000000,0.000000,0.000000,0.000000,0.000000,0.000000,0.000000,0.000000,0.000000,0.000000,0.000000,0.000000,0.000000,0.000000,0.000000,0.000000,0.000000,0.000000,0.000000,0.000000,0.000000,0.000000,0.000000]
0.555332,1.000000,[0.000000,-0.000000,0.000000,0.000000,-0.000000,0.000000,0.000000,-0.000002,0.000003,0.000006,-0.000022,0.000002,0.000089,-0.000067,-0.000292,0.000310,0.000920,-0.000885,-0.002908,0.001298,0.008375,0.002526,-0.017805,-0.022699,0.013651,0.062654,0.056051,-0.035720,-0.154061,-0.193666,-0.090213,0.135093,0.405626,0.647341,0.819469,0.915565,0.958653,0.986023,1.014326,1.021778,0.986133,0.937298,0.943964,1.035717,1.153972,1.193733,1.090505,0.864597,0.593454,0.353544,0.183439,0.083137,0.032972,0.011451,0.003480,0.000923,0.000213,0.000043,0.000007,0.000001,0.000000,0.000000,0.000000,0.000000,0.000000,0.000000,0.000000,0.000000,0.000000,0.000000,0.000000,0.000000,0.000000,0.000000,0.000000,0.000000,0.000000,0.000000,0.000000,0.000000,0.000000,0.000000,0.000000,0.000000,0.000000,0.000000,0.000000,0.000000,0.000000,0.000000,0.000000,0.000000,0.000000,0.000000,0.000000,0.000000,0.000000,0.000000,0.000000,0.000000]
0.571199,1.000000,[0.000000,-0.000000,-0.000000,0.000000,-0.000000,0.000000,0.000001,-0.000002,0.000001,0.000008,-0.000015,-0.000018,0.000076,0.000020,-0.000282,0.000008,0.000917,0.000045,-0.002675,-0.001164,0.006452,0.007261,-0.009569,-0.025407,-0.006106,0.045103,0.069999,0.013487,-0.104733,-0.191746,-0.157171,0.016786,0.273962,0.535182,0.742909,0.874144,0.939074,0.972221,1.002780,1.023439,1.005604,0.954777,0.929995,0.986528,1.104656,1.191726,1.157454,0.983205,0.725121,0.464774,0.259766,0.127021,0.054474,0.020518,0.006788,0.001971,0.000501,0.000111,0.000021,0.000004,0.000000,0.000000,0.000000,0.000000,0.000000,0.000000,0.000000,0.000000,0.000000,0.000000,0.000000,0.000000,0.000000,0.000000,0.000000,0.000000,0.000000,0.000000,0.000000,0.000000,0.000000,0.000000,0.000000,0.000000,0.000000,0.000000,0.000000,0.000000,0.000000,0.000000,0.000000,0.000000,0.000000,0.000000,0.000000,0.000000,0.000000,0.000000,0.000000,0.000000]
0.587065,1.000000,[0.000000,-0.000000,-0.000000,0.000000,-0.000000,-0.000000,0.000001,-0.000001,-0.000001,0.000008,-0.000006,-0.000029,0.000048,0.000079,-0.000205,-0.000214,0.000685,0.000712,-0.001844,-0.002683,0.003495,0.009061,-0.001278,-0.021881,-0.019745,0.022788,0.067727,0.049456,-0.049524,-0.163438,-0.191881,-0.080595,0.144869,0.411258,0.648607,0.816814,0.910582,0.955971,0.988738,1.017921,1.018645,0.976935,0.932222,0.950562,1.049474,1.163359,1.192087,1.080809,0.854446,0.588030,0.353237,0.185868,0.085924,0.034968,0.012539,0.003961,0.001101,0.000268,0.000057,0.000011,0.000002,0.000000,0.000000,0.000000,0.000000,0.000000,0.000000,0.000000,0.000000,0.000000,0.000000,0.000000,0.000000,0.000000,0.000000,0.000000,0.000000,0.000000,0.000000,0.000000,0.000000,0.000000,0.000000,0.000000,0.000000,0.000000,0.000000,0.000000,0.000000,0.000000,0.000000,0.000000,0.000000,0.000000,0.000000,0.000000,0.000000,0.000000,0.000000,0.000000]
0.602932,1.000000,[0.000000,-0.000000,-0.000000,0.000000,-0.000000,-0.000000,0.000001,-0.000001,-0.000002,0.000007,0.000002,-0.000030,0.000015,0.000102,-0.000098,-0.000323,0.000345,0.001021,-0.000781,-0.003141,0.000482,0.008266,0.005174,-0.014422,-0.025863,0.001221,0.053159,0.068680,0.001833,-0.117164,-0.195126,-0.150510,0.027021,0.281694,0.538575,0.742016,0.869745,0.934854,0.972803,1.006887,1.023588,0.998166,0.946697,0.931320,0.998147,1.117061,1.195224,1.150833,0.972634,0.717285,0.462206,0.261125,0.129773,0.056880,0.022022,0.007535,0.002277,0.000607,0.000142,0.000029,0.000005,0.000001,0.000000,0.000000,0.000000,0.000000,0.000000,0.000000,0.000000,0.000000,0.000000,0.000000,0.000000,0.000000,0.000000,0.000000,0.000000,0.000000,0.000000,0.000000,0.000000,0.000000,0.000000,0.000000,0.000000,0.000000,0.000000,0.000000,0.000000,0.000000,0.000000,0.000000,0.000000,0.000000,0.000000,0.000000,0.000000,0.000000,0.000000,0.000000]
0.618799,1.000000,[0.000000,-0.000000,-0.000000,0.000000,-0.000000,-0.000000,0.000001,0.000000,-0.000003,0.000004,0.000008,-0.000023,-0.000013,0.000095,0.000005,-0.000322,0.000009,0.000993,0.000190,-0.002709,-0.001849,0.005734,0.008784,-0.005643,-0.024958,-0.015428,0.031742,0.071215,0.041775,-0.062795,-0.171467,-0.189432,-0.071387,0.154081,0.416815,0.649759,0.813708,0.905695,0.954311,0.992018,1.020503,1.014133,0.967920,0.928733,0.958223,1.062698,1.171461,1.189755,1.071378,0.844926,0.582996,0.352949,0.188141,0.088572,0.036905,0.013625,0.004458,0.001291,0.000331,0.000075,0.000015,0.000003,0.000000,0.000000,0.000000,0.000000,0.000000,0.000000,0.000000,0.000000,0.000000,0.000000,0.000000,0.000000,0.000000,0.000000,0.000000,0.000000,0.000000,0.000000,0.000000,0.000000,0.000000,0.000000,0.000000,0.000000,0.000000,0.000000,0.000000,0.000000,0.000000,0.000000,0.000000,0.000000,0.000000,0.000000,0.000000,0.000000,0.000000,0.000000]
0.634665,1.000000,[0.000000,0.000000,-0.000000,0.000000,0.000000,-0.000000,0.000000,0.000001,-0.000003,0.000001,0.000010,-0.000013,-0.000030,0.000066,0.000080,-0.000241,-0.000238,0.000724,0.000853,-0.001729,-0.003119,0.002509,0.009443,0.002181,-0.018906,-0.024898,0.009119,0.060093,0.065887,-0.009997,-0.128470,-0.197451,-0.143838,0.036689,0.289171,0.541911,0.740729,0.865122,0.931367,0.974317,1.010617,1.022298,0.990148,0.939742,0.934105,1.009924,1.128389,1.197692,1.144075,0.962587,0.709975,0.459818,0.262390,0.132369,0.059190,0.023501,0.008291,0.002599,0.000723,0.000178,0.000039,0.000007,0.000001,0.000000,0.000000,0.000000,0.000000,0.000000,0.000000,0.000000,0.000000,0.000000,0.000000,0.000000,0.000000,0.000000,0.000000,0.000000,0.000000,0.000000,0.000000,0.000000,0.000000,0.000000,0.000000,0.000000,0.000000,0.000000,0.000000,0.000000,0.000000,0.000000,0.000000,0.000000,0.000000,0.000000,0.000000,0.000000,0.000000,0.000000]
0.650532,1.000000,[0.000000,0.000000,-0.000000,0.000000,0.000000,-0.000000,0.000000,0.000001,-0.000002,-0.000002,0.000010,-0.000002,-0.000036,0.000028,0.000115,-0.000121,-0.000359,0.000347,0.001128,-0.000587,-0.003302,-0.000468,0.007751,0.007540,-0.010249,-0.026903,-0.010009,0.040253,0.073200,0.033268,-0.075420,-0.178285,-0.186508,-0.062569,0.162898,0.422282,0.650623,0.810194,0.901156,0.953673,0.995545,1.021936,1.008505,0.959349,0.926741,0.966684,1.075302,1.178405,1.186868,1.062221,0.835974,0.578305,0.352678,0.190274,0.091093,0.038785,0.014707,0.004968,0.001495,0.000400,0.000095,0.000020,0.000004,0.000001,0.000000,0.000000,0.000000,0.000000,0.000000,0.000000,0.000000,0.000000,0.000000,0.000000,0.000000,0.000000,0.000000,0.000000,0.000000,0.000000,0.000000,0.000000,0.000000,0.000000,0.000000,0.000000,0.000000,0.000000,0.000000,0.000000,0.000000,0.000000,0.000000,0.000000,0.000000,0.000000,0.000000,0.000000,0.000000,0.000000]
0.666398,1.000000,[0.000000,0.000000,-0.000000,-0.000000,0.000000,-0.000000,-0.000000,0.000001,-0.000001,-0.000003,0.000007,0.000006,-0.000031,-0.000007,0.000112,-0.000003,-0.000358,-0.000015,0.001049,0.000395,-0.002638,-0.002558,0.004695,0.009843,-0.001496,-0.022769,-0.022627,0.017287,0.065836,0.061829,-0.021804,-0.138682,-0.198917,-0.137230,0.045925,0.296470,0.545049,0.738985,0.860481,0.928746,0.976544,1.013718,1.019686,0.981858,0.933976,0.938128,1.021682,1.138683,1.199275,1.137245,0.953026,0.703134,0.457589,0.263573,0.134824,0.061410,0.024953,0.009054,0.002934,0.000848,0.000219,0.000050,0.000010,0.000002,0.000000,0.000000,0.000000,0.000000,0.000000,0.000000,0.000000,0.000000,0.000000,0.000000,0.000000,0.000000,0.000000,0.000000,0.000000,0.000000,0.000000,0.000000,0.000000,0.000000,0.000000,0.000000,0.000000,0.000000,0.000000,0.000000,0.000000,0.000000,0.000000,0.000000,0.000000,0.000000,0.000000,0.000000,0.000000,0.000000]
0.682265,1.000000,[0.000000,0.000000,-0.000000,-0.000000,0.000000,-0.000000,-0.000000,0.000001,0.000000,-0.000004,0.000003,0.000011,-0.000020,-0.000031,0.000081,0.000084,-0.000268,-0.000277,0.000732,0.001020,-0.001510,-0.003495,0.001331,0.009330,0.005415,-0.014810,-0.027670,-0.003750,0.048131,0.073785,0.024168,-0.087324,-0.184040,-0.183257,-0.054076,0.171443,0.427590,0.651072,0.806387,0.897172,0.953973,0.999032,1.022177,1.002029,0.951413,0.926127,0.975724,1.087234,1.184307,1.183533,1.053344,0.827537,0.573920,0.352423,0.192282,0.093498,0.040612,0.015781,0.005490,0.001709,0.000476,0.000118,0.000026,0.000005,0.000001,0.000000,0.000000,0.000000,0.000000,0.000000,0.000000,0.000000,0.000000,0.000000,0.000000,0.000000,0.000000,0.000000,0.000000,0.000000,0.000000,0.000000,0.000000,0.000000,0.000000,0.000000,0.000000,0.000000,0.000000,0.000000,0.000000,0.000000,0.000000,0.000000,0.000000,0.000000,0.000000,0.000000,0.000000,0.000000]
0.698132,1.000000,[0.000000,0.000000,0.000000,-0.000000,0.000000,0.000000,-0.000000,0.000000,0.000001,-0.000003,-0.000000,0.000012,-0.000007,-0.000041,0.000039,0.000127,-0.000135,-0.000400,0.000318,0.001228,-0.000313,-0.003354,-0.001478,0.006820,0.009411,-0.005618,-0.025837,-0.019205,0.025469,0.070367,0.056711,-0.033425,-0.147869,-0.199698,-0.130709,0.054855,0.303600,0.547852,0.736796,0.856027,0.927040,0.979242,1.016016,1.015911,0.973555,0.929410,0.943186,1.033284,1.148001,1.200097,1.130391,0.943917,0.696714,0.455502,0.264683,0.137153,0.063548,0.026379,0.009822,0.003281,0.000983,0.000264,0.000063,0.000014,0.000003,0.000000,0.000000,0.000000,0.000000,0.000000,0.000000,0.000000,0.000000,0.000000,0.000000,0.000000,0.000000,0.000000,0.000000,0.000000,0.000000,0.000000,0.000000,0.000000,0.000000,0.000000,0.000000,0.000000,0.000000,0.000000,0.000000,0.000000,0.000000,0.000000,0.000000,0.000000,0.000000,0.000000,0.000000,0.000000]
0.713998,1.000000,[0.000000,0.000000,0.000000,-0.000000,0.000000,0.000000,-0.000000,0.000000,0.000001,-0.000002,-0.000003,0.000010,0.000004,-0.000038,-0.000002,0.000127,-0.000003,-0.000390,-0.000065,0.001079,0.000645,-0.002448,-0.003219,0.003384,0.010318,0.002545,-0.019084,-0.027276,0.003104,0.055237,0.073099,0.014682,-0.098474,-0.188886,-0.179775,-0.045824,0.179789,0.432639,0.651038,0.802439,0.893885,0.955069,1.002239,1.021245,0.994957,0.944242,0.926758,0.985157,1.098470,1.189274,1.179840,1.044745,0.819566,0.569809,0.352181,0.194177,0.095796,0.042387,0.016848,0.006021,0.001935,0.000559,0.000145,0.000034,0.000007,0.000001,0.000000,0.000000,0.000000,0.000000,0.000000,0.000000,0.000000,0.000000,0.000000,0.000000,0.000000,0.000000,0.000000,0.000000,0.000000,0.000000,0.000000,0.000000,0.000000,0.000000,0.000000,0.000000,0.000000,0.000000,0.000000,0.000000,0.000000,0.000000,0.000000,0.000000,0.000000,0.000000,0.000000,0.000000]
0.729865,1.000000,[0.000000,0.000000,0.000000,-0.000000,0.000000,0.000000,-0.000000,-0.000000,0.000001,-0.000001,-0.000004,0.000006,0.000012,-0.000027,-0.000031,0.000095,0.000094,-0.000285,-0.000330,0.000705,0.001194,-0.001192,-0.003755,0.000041,0.008689,0.008164,-0.009949,-0.028002,-0.014805,0.033455,0.073703,0.050733,-0.044739,-0.156120,-0.199936,-0.124258,0.063578,0.310521,0.550213,0.734233,0.851945,0.926229,0.982174,1.017404,1.011154,0.965445,0.926015,0.949094,1.044627,1.156402,1.200265,1.123553,0.935228,0.690671,0.453542,0.265726,0.139365,0.065608,0.027779,0.010592,0.003639,0.001126,0.000314,0.000079,0.000018,0.000004,0.000001,0.000000,0.000000,0.000000,0.000000,0.000000,0.000000,0.000000,0.000000,0.000000,0.000000,0.000000,0.000000,0.000000,0.000000,0.000000,0.000000,0.000000,0.000000,0.000000,0.000000,0.000000,0.000000,0.000000,0.000000,0.000000,0.000000,0.000000,0.000000,0.000000,0.000000,0.000000,0.000000,0.000000]
0.745732,1.000000,[0.000000,0.000000,0.000000,-0.000000,-0.000000,0.000000,-0.000000,-0.000000,0.000001,0.000000,-0.000004,0.000001,0.000014,-0.000012,-0.000045,0.000048,0.000142,-0.000138,-0.000443,0.000255,0.001309,0.000023,-0.003268,-0.002463,0.005512,0.010625,-0.000900,-0.022882,-0.025786,0.010326,0.061481,0.071281,0.004986,-0.108875,-0.192965,-0.176116,-0.037728,0.187955,0.437326,0.650511,0.798517,0.891379,0.956791,1.004974,1.019211,0.987515,0.937916,0.928497,0.994830,1.109004,1.193405,1.175861,1.036419,0.812021,0.565943,0.351952,0.195970,0.097995,0.044113,0.017906,0.006561,0.002170,0.000648,0.000174,0.000042,0.000009,0.000002,0.000000,0.000000,0.000000,0.000000,0.000000,0.000000,0.000000,0.000000,0.000000,0.000000,0.000000,0.000000,0.000000,0.000000,0.000000,0.000000,0.000000,0.000000,0.000000,0.000000,0.000000,0.000000,0.000000,0.000000,0.000000,0.000000,0.000000,0.000000,0.000000,0.000000,0.000000,0.000000,0.000000]
0.761598,1.000000,[0.000000,-0.000000,0.000000,-0.000000,-0.000000,0.000000,0.000000,-0.000000,0.000000,0.000001,-0.000003,-0.000002,0.000013,0.000002,-0.000044,0.000001,0.000141,0.000005,-0.000415,-0.000138,0.001075,0.000917,-0.002135,-0.003762,0.001882,0.010148,0.006169,-0.014275,-0.029211,-0.009610,0.041073,0.075893,0.044079,-0.055666,-0.163537,-0.199733,-0.117834,0.072153,0.317164,0.552066,0.731407,0.848379,0.926239,0.985126,1.017834,1.005601,0.957693,0.923738,0.955684,1.055639,1.163948,1.199870,1.116760,0.926930,0.684971,0.451696,0.266710,0.141471,0.067595,0.029152,0.011364,0.004007,0.001278,0.000369,0.000096,0.000023,0.000005,0.000001,0.000000,0.000000,0.000000,0.000000,0.000000,0.000000,0.000000,0.000000,0.000000,0.000000,0.000000,0.000000,0.000000,0.000000,0.000000,0.000000,0.000000,0.000000,0.000000,0.000000,0.000000,0.000000,0.000000,0.000000,0.000000,0.000000,0.000000,0.000000,0.000000,0.000000,0.000000,0.000000]
0.777465,1.000000,[0.000000,-0.000000,0.000000,0.000000,-0.000000,0.000000,0.000000,-0.000000,0.000000,0.000001,-0.000001,-0.000004,0.000008,0.000012,-0.000033,-0.000034,0.000106,0.000109,-0.000292,-0.000394,0.000640,0.001357,-0.000787,-0.003857,-0.001268,0.007546,0.010217,-0.004742,-0.026060,-0.023296,0.017714,0.066812,0.068477,-0.004778,-0.118561,-0.196397,-0.172295,-0.029719,0.195922,0.441560,0.649533,0.794782,0.889681,0.958955,1.007098,1.016177,0.979903,0.932478,0.931210,1.004617,1.118842,1.196788,1.171655,1.028361,0.804865,0.562298,0.351735,0.197670,0.100104,0.045792,0.018954,0.007107,0.002415,0.000744,0.000207,0.000052,0.000012,0.000002,0.000000,0.000000,0.000000,0.000000,0.000000,0.000000,0.000000,0.000000,0.000000,0.000000,0.000000,0.000000,0.000000,0.000000,0.000000,0.000000,0.000000,0.000000,0.000000,0.000000,0.000000,0.000000,0.000000,0.000000,0.000000,0.000000,0.000000,0.000000,0.000000,0.000000,0.000000,0.000000]
0.793331,1.000000,[0.000000,-0.000000,0.000000,0.000000,-0.000000,0.000000,0.000000,-0.000000,-0.000000,0.000001,-0.000000,-0.000005,0.000003,0.000016,-0.000016,-0.000051,0.000053,0.000158,-0.000129,-0.000485,0.000162,0.001356,0.000401,-0.003030,-0.003341,0.003907,0.011085,0.003533,-0.018411,-0.029459,-0.003802,0.048192,0.077010,0.036916,-0.066163,-0.170221,-0.199155,-0.111390,0.080602,0.323449,0.553387,0.728451,0.845435,0.926959,0.987909,1.017307,0.999434,0.950421,0.922509,0.962811,1.066264,1.170700,1.198991,1.110033,0.918997,0.679581,0.449954,0.267640,0.143480,0.069513,0.030499,0.012136,0.004383,0.001437,0.000428,0.000115,0.000028,0.000006,0.000001,0.000000,0.000000,0.000000,0.000000,0.000000,0.000000,0.000000,0.000000,0.000000,0.000000,0.000000,0.000000,0.000000,0.000000,0.000000,0.000000,0.000000,0.000000,0.000000,0.000000,0.000000,0.000000,0.000000,0.000000,0.000000,0.000000,0.000000,0.000000,0.000000,0.000000,0.000000]
0.809198,1.000000,[0.000000,-0.000000,0.000000,0.000000,-0.000000,-0.000000,0.000000,-0.000000,-0.000000,0.000001,0.000001,-0.000004,-0.000002,0.000015,0.000001,-0.000050,0.000001,0.000154,0.000023,-0.000432,-0.000230,0.001028,0.001188,-0.001704,-0.004130,0.000292,0.009337,0.009108,-0.008801,-0.028523,-0.019922,0.025092,0.071215,0.064836,-0.014501,-0.127583,-0.199275,-0.168301,-0.021751,0.203639,0.445277,0.648179,0.791375,0.888768,0.961378,1.008517,1.012263,0.972290,0.927938,0.934766,1.014415,1.128000,1.199502,1.167272,1.020563,0.798065,0.558853,0.351528,0.199286,0.102128,0.047425,0.019991,0.007659,0.002668,0.000845,0.000244,0.000064,0.000015,0.000003,0.000001,0.000000,0.000000,0.000000,0.000000,0.000000,0.000000,0.000000,0.000000,0.000000,0.000000,0.000000,0.000000,0.000000,0.000000,0.000000,0.000000,0.000000,0.000000,0.000000,0.000000,0.000000,0.000000,0.000000,0.000000,0.000000,0.000000,0.000000,0.000000,0.000000,0.000000]
0.825065,1.000000,[0.000000,-0.000000,-0.000000,0.000000,-0.000000,-0.000000,0.000000,0.000000,-0.000000,0.000000,0.000002,-0.000002,-0.000005,0.000011,0.000013,-0.000038,-0.000037,0.000113,0.000129,-0.000287,-0.000463,0.000536,0.001490,-0.000316,-0.003773,-0.002497,0.005974,0.011433,0.000380,-0.022203,-0.028775,0.002447,0.054716,0.077145,0.029385,-0.076216,-0.176262,-0.198235,-0.104881,0.088913,0.329300,0.554191,0.725503,0.843170,0.928257,0.990371,1.015855,0.992824,0.943717,0.922250,0.970348,1.076468,1.176717,1.197697,1.103391,0.911403,0.674473,0.448305,0.268522,0.145400,0.071368,0.031821,0.012907,0.004768,0.001604,0.000492,0.000137,0.000035,0.000008,0.000002,0.000000,0.000000,0.000000,0.000000,0.000000,0.000000,0.000000,0.000000,0.000000,0.000000,0.000000,0.000000,0.000000,0.000000,0.000000,0.000000,0.000000,0.000000,0.000000,0.000000,0.000000,0.000000,0.000000,0.000000,0.000000,0.000000,0.000000,0.000000,0.000000,0.000000]
0.840931,1.000000,[0.000000,-0.000000,-0.000000,0.000000,0.000000,-0.000000,0.000000,0.000000,-0.000000,-0.000000,0.000002,-0.000001,-0.000006,0.000005,0.000018,-0.000019,-0.000056,0.000055,0.000175,-0.000109,-0.000522,0.000043,0.001358,0.000793,-0.002636,-0.004034,0.002115,0.010767,0.007347,-0.012913,-0.030213,-0.015795,0.032312,0.074704,0.060495,-0.024109,-0.135998,-0.201664,-0.164113,-0.013808,0.211044,0.448443,0.646553,0.788409,0.888585,0.963893,1.009177,1.007599,0.964815,0.924287,0.939046,1.024142,1.136501,1.201618,1.162754,1.013015,0.791593,0.555591,0.351331,0.200825,0.104073,0.049015,0.021017,0.008216,0.002930,0.000953,0.000283,0.000077,0.000019,0.000004,0.000001,0.000000,0.000000,0.000000,0.000000,0.000000,0.000000,0.000000,0.000000,0.000000,0.000000,0.000000,0.000000,0.000000,0.000000,0.000000,0.000000,0.000000,0.000000,0.000000,0.000000,0.000000,0.000000,0.000000,0.000000,0.000000,0.000000,0.000000,0.000000,0.000000]
0.856798,1.000000,[0.000000,-0.000000,-0.000000,0.000000,0.000000,-0.000000,0.000000,0.000000,-0.000000,-0.000000,0.000001,0.000001,-0.000005,-0.000001,0.000018,-0.000000,-0.000056,-0.000002,0.000166,0.000049,-0.000438,-0.000334,0.000935,0.001433,-0.001176,-0.004279,-0.001273,0.007950,0.011162,-0.003153,-0.025527,-0.027215,0.008973,0.060583,0.076399,0.021604,-0.085832,-0.181734,-0.196983,-0.098279,0.097049,0.334655,0.554530,0.722691,0.841606,0.929992,0.992393,1.013539,0.985925,0.937640,0.922875,0.978186,1.086227,1.182057,1.196045,1.096845,0.904126,0.669624,0.446742,0.269358,0.147237,0.073161,0.033117,0.013677,0.005159,0.001778,0.000560,0.000161,0.000042,0.000010,0.000002,0.000000,0.000000,0.000000,0.000000,0.000000,0.000000,0.000000,0.000000,0.000000,0.000000,0.000000,0.000000,0.000000,0.000000,0.000000,0.000000,0.000000,0.000000,0.000000,0.000000,0.000000,0.000000,0.000000,0.000000,0.000000,0.000000,0.000000,0.000000,0.000000]
0.872665,1.000000,[0.000000,0.000000,-0.000000,0.000000,0.000000,-0.000000,-0.000000,0.000000,-0.000000,-0.000001,0.000001,0.000002,-0.000003,-0.000005,0.000013,0.000013,-0.000042,-0.000043,0.000117,0.000154,-0.000268,-0.000531,0.000397,0.001573,0.000191,-0.003491,-0.003553,0.004090,0.011747,0.005012,-0.016926,-0.031106,-0.011049,0.039252,0.077318,0.055581,-0.033556,-0.143864,-0.203602,-0.159709,-0.005899,0.218068,0.451056,0.644766,0.785964,0.889047,0.966350,1.009061,1.002315,0.957593,0.921498,0.943939,1.033733,1.144372,1.203200,1.158135,1.005709,0.785423,0.552496,0.351142,0.202292,0.105945,0.050563,0.022032,0.008776,0.003198,0.001067,0.000326,0.000091,0.000023,0.000005,0.000001,0.000000,0.000000,0.000000,0.000000,0.000000,0.000000,0.000000,0.000000,0.000000,0.000000,0.000000,0.000000,0.000000,0.000000,0.000000,0.000000,0.000000,0.000000,0.000000,0.000000,0.000000,0.000000,0.000000,0.000000,0.000000,0.000000,0.000000,0.000000]
0.888531,1.000000,[0.000000,0.000000,-0.000000,-0.000000,0.000000,-0.000000,-0.000000,0.000000,0.000000,-0.000001,0.000000,0.000002,-0.000001,-0.000007,0.000006,0.000020,-0.000021,-0.000063,0.000053,0.000193,-0.000077,-0.000548,-0.000098,0.001305,0.001169,-0.002103,-0.004485,0.000267,0.009718,0.010280,-0.006927,-0.028295,-0.024858,0.015631,0.065760,0.074875,0.013659,-0.095031,-0.186687,-0.195395,-0.091574,0.104957,0.339472,0.554475,0.720129,0.840728,0.932022,0.993887,1.010435,0.978876,0.932228,0.924300,0.986230,1.095529,1.186773,1.194087,1.090404,0.897146,0.665013,0.445256,0.270154,0.148998,0.074898,0.034388,0.014444,0.005556,0.001959,0.000633,0.000187,0.000051,0.000013,0.000003,0.000001,0.000000,0.000000,0.000000,0.000000,0.000000,0.000000,0.000000,0.000000,0.000000,0.000000,0.000000,0.000000,0.000000,0.000000,0.000000,0.000000,0.000000,0.000000,0.000000,0.000000,0.000000,0.000000,0.000000,0.000000,0.000000,0.000000,0.000000]
0.904398,1.000000,[0.000000,0.000000,-0.000000,-0.000000,0.000000,0.000000,-0.000000,0.000000,0.000000,-0.000000,-0.000000,0.000002,0.000001,-0.000006,-0.000000,0.000020,-0.000000,-0.000062,-0.000008,0.000174,0.000083,-0.000428,-0.000442,0.000796,0.001629,-0.000578,-0.004185,-0.002696,0.006103,0.012220,0.002197,-0.020712,-0.031208,-0.005819,0.045822,0.079109,0.050201,-0.042815,-0.151228,-0.205107,-0.155073,0.001943,0.224654,0.453142,0.642934,0.784092,0.890054,0.968619,1.008175,0.996541,0.950712,0.919532,0.949344,1.043137,1.151642,1.204305,1.153443,0.998634,0.779532,0.549552,0.350962,0.203694,0.107749,0.052072,0.023034,0.009339,0.003474,0.001186,0.000372,0.000107,0.000028,0.000007,0.000001,0.000000,0.000000,0.000000,0.000000,0.000000,0.000000,0.000000,0.000000,0.000000,0.000000,0.000000,0.000000,0.000000,0.000000,0.000000,0.000000,0.000000,0.000000,0.000000,0.000000,0.000000,0.000000,0.000000,0.000000,0.000000,0.000000,0.000000]
0.920265,1.000000,[0.000000,0.000000,-0.000000,-0.000000,0.000000,0.000000,-0.000000,-0.000000,0.000000,-0.000000,-0.000001,0.000001,0.000002,-0.000004,-0.000005,0.000015,0.000015,-0.000045,-0.000051,0.000117,0.000181,-0.000235,-0.000592,0.000227,0.001592,0.000701,-0.003019,-0.004355,0.002039,0.011179,0.008819,-0.010809,-0.030446,-0.021795,0.022296,0.070240,0.072669,0.005617,-0.103838,-0.191157,-0.193463,-0.084777,0.112576,0.343735,0.554117,0.717912,0.840497,0.934213,0.994796,1.006633,0.971796,0.927498,0.926440,0.994401,1.104370,1.190914,1.191867,1.084075,0.890443,0.660619,0.443842,0.270913,0.150688,0.076581,0.035635,0.015208,0.005959,0.002145,0.000710,0.000216,0.000060,0.000015,0.000004,0.000001,0.000000,0.000000,0.000000,0.000000,0.000000,0.000000,0.000000,0.000000,0.000000,0.000000,0.000000,0.000000,0.000000,0.000000,0.000000,0.000000,0.000000,0.000000,0.000000,0.000000,0.000000,0.000000,0.000000,0.000000,0.000000,0.000000]
0.936131,1.000000,[0.000000,0.000000,0.000000,-0.000000,0.000000,0.000000,-0.000000,-0.000000,0.000000,0.000000,-0.000001,0.000000,0.000002,-0.000002,-0.000007,0.000008,0.000023,-0.000022,-0.000070,0.000046,0.000209,-0.000034,-0.000560,-0.000250,0.001192,0.001500,-0.001457,-0.004653,-0.001501,0.008047,0.012158,-0.000994,-0.024163,-0.030550,-0.000231,0.051957,0.080139,0.044444,-0.051878,-0.158124,-0.206184,-0.150203,0.009674,0.230753,0.454750,0.641166,0.782814,0.891497,0.970597,1.006548,0.990397,0.944242,0.918342,0.955170,1.052313,1.158341,1.204984,1.148701,0.991783,0.773900,0.546749,0.350789,0.205036,0.109490,0.053543,0.024024,0.009904,0.003755,0.001310,0.000421,0.000124,0.000034,0.000008,0.000002,0.000000,0.000000,0.000000,0.000000,0.000000,0.000000,0.000000,0.000000,0.000000,0.000000,0.000000,0.000000,0.000000,0.000000,0.000000,0.000000,0.000000,0.000000,0.000000,0.000000,0.000000,0.000000,0.000000,0.000000,0.000000,0.000000]
0.951998,1.000000,[0.000000,0.000000,0.000000,-0.000000,-0.000000,0.000000,-0.000000,-0.000000,0.000000,0.000000,-0.000001,-0.000000,0.000002,0.000000,-0.000007,0.000000,0.000023,0.000001,-0.000066,-0.000018,0.000178,0.000123,-0.000402,-0.000547,0.000613,0.001754,0.000051,-0.003848,-0.003877,0.003952,0.012260,0.006834,-0.014676,-0.031945,-0.018124,0.028864,0.074033,0.069870,-0.002476,-0.112274,-0.195159,-0.191181,-0.077915,0.119849,0.347449,0.553554,0.716110,0.840853,0.936441,0.995086,1.002223,0.964787,0.923451,0.929216,1.002631,1.112750,1.194528,1.189422,1.077863,0.884000,0.656426,0.442493,0.271637,0.152313,0.078213,0.036859,0.015968,0.006366,0.002338,0.000791,0.000247,0.000071,0.000019,0.000005,0.000001,0.000000,0.000000,0.000000,0.000000,0.000000,0.000000,0.000000,0.000000,0.000000,0.000000,0.000000,0.000000,0.000000,0.000000,0.000000,0.000000,0.000000,0.000000,0.000000,0.000000,0.000000,0.000000,0.000000,0.000000,0.000000]
0.967864,1.000000,[0.000000,0.000000,0.000000,-0.000000,-0.000000,0.000000,0.000000,-0.000000,0.000000,0.000000,-0.000000,-0.000001,0.000001,0.000002,-0.000005,-0.000005,0.000017,0.000017,-0.000047,-0.000061,0.000112,0.000209,-0.000187,-0.000637,0.000035,0.001539,0.001177,-0.002382,-0.004845,-0.000022,0.009823,0.011558,-0.004451,-0.027197,-0.029181,0.005597,0.057615,0.080474,0.038378,-0.060739,-0.164575,-0.206831,-0.145110,0.017237,0.236335,0.455945,0.639559,0.782126,0.893265,0.972202,1.004226,0.983993,0.938231,0.917877,0.961336,1.061233,1.164499,1.205281,1.143930,0.985145,0.768508,0.544075,0.350623,0.206322,0.111170,0.054978,0.025002,0.010470,0.004042,0.001439,0.000473,0.000143,0.000040,0.000010,0.000002,0.000001,0.000000,0.000000,0.000000,0.000000,0.000000,0.000000,0.000000,0.000000,0.000000,0.000000,0.000000,0.000000,0.000000,0.000000,0.000000,0.000000,0.000000,0.000000,0.000000,0.000000,0.000000,0.000000,0.000000,0.000000]
0.983731,1.000000,[0.000000,-0.000000,0.000000,0.000000,-0.000000,0.000000,0.000000,-0.000000,-0.000000,0.000000,-0.000000,-0.000001,0.000001,0.000003,-0.000003,-0.000008,0.000008,0.000025,-0.000021,-0.000077,0.000035,0.000222,0.000018,-0.000552,-0.000405,0.001020,0.001758,-0.000740,-0.004524,-0.003061,0.005914,0.012908,0.004395,-0.018419,-0.032784,-0.013947,0.035251,0.077164,0.066554,-0.010591,-0.120354,-0.198700,-0.188549,-0.071030,0.126722,0.350640,0.552883,0.714771,0.841721,0.938597,0.994746,0.997300,0.957936,0.920078,0.932552,1.010863,1.120677,1.197657,1.186785,1.071769,0.877801,0.652419,0.441206,0.272329,0.153876,0.079797,0.038059,0.016723,0.006778,0.002536,0.000876,0.000280,0.000083,0.000022,0.000006,0.000001,0.000000,0.000000,0.000000,0.000000,0.000000,0.000000,0.000000,0.000000,0.000000,0.000000,0.000000,0.000000,0.000000,0.000000,0.000000,0.000000,0.000000,0.000000,0.000000,0.000000,0.000000,0.000000,0.000000,0.000000]
0.999598,1.000000,[0.000000,-0.000000,0.000000,0.000000,-0.000000,-0.000000,0.000000,-0.000000,-0.000000,0.000000,0.000000,-0.000001,-0.000000,0.000002,0.000000,-0.000008,0.000000,0.000025,0.000003,-0.000070,-0.000031,0.000177,0.000166,-0.000357,-0.000638,0.000393,0.001793,0.000670,-0.003288,-0.004732,0.001674,0.011350,0.010439,-0.008068,-0.029752,-0.027160,0.011563,0.062773,0.080176,0.032059,-0.069400,-0.170589,-0.207045,-0.139819,0.024576,0.241390,0.456806,0.638194,0.782005,0.895250,0.973371,1.001263,0.977430,0.932715,0.918085,0.967770,1.069874,1.170148,1.205239,1.139146,0.978712,0.763339,0.541520,0.350464,0.207555,0.112794,0.056378,0.025967,0.011038,0.004334,0.001573,0.000528,0.000164,0.000047,0.000012,0.000003,0.000001,0.000000,0.000000,0.000000,0.000000,0.000000,0.000000,0.000000,0.000000,0.000000,0.000000,0.000000,0.000000,0.000000,0.000000,0.000000,0.000000,0.000000,0.000000,0.000000,0.000000,0.000000,0.000000,0.000000]
1.015464,1.000000,[0.000000,-0.000000,0.000000,0.000000,-0.000000,-0.000000,0.000000,-0.000000,-0.000000,0.000000,0.000000,-0.000000,-0.000001,0.000002,0.000002,-0.000006,-0.000006,0.000018,0.000020,-0.000048,-0.000071,0.000101,0.000236,-0.000126,-0.000662,-0.000168,0.001409,0.001586,-0.001623,-0.004991,-0.001937,0.007835,0.013094,0.001583,-0.021944,-0.032972,-0.009360,0.041394,0.079664,0.062785,-0.018704,-0.128086,-0.201777,-0.185578,-0.064174,0.133158,0.353351,0.552197,0.713920,0.843018,0.940589,0.993783,0.991957,0.951312,0.917361,0.936375,1.019051,1.128159,1.200342,1.183985,1.065796,0.871831,0.648584,0.439974,0.272991,0.155381,0.081335,0.039238,0.017474,0.007193,0.002739,0.000966,0.000315,0.000095,0.000027,0.000007,0.000002,0.000000,0.000000,0.000000,0.000000,0.000000,0.000000,0.000000,0.000000,0.000000,0.000000,0.000000,0.000000,0.000000,0.000000,0.000000,0.000000,0.000000,0.000000,0.000000,0.000000,0.000000,0.000000,0.000000]
1.031331,1.000000,[0.000000,-0.000000,-0.000000,0.000000,-0.000000,-0.000000,0.000000,0.000000,-0.000000,-0.000000,0.000000,-0.000000,-0.000001,0.000001,0.000003,-0.000003,-0.000009,0.000009,0.000028,-0.000019,-0.000084,0.000019,0.000230,0.000077,-0.000522,-0.000551,0.000795,0.001921,0.000001,-0.004110,-0.004304,0.003513,0.012561,0.008840,-0.011743,-0.031789,-0.024559,0.017577,0.067423,0.079301,0.025527,-0.077856,-0.176168,-0.206828,-0.134367,0.031634,0.245923,0.457415,0.637137,0.782410,0.897351,0.974063,0.997722,0.970798,0.927716,0.918910,0.974409,1.078221,1.175318,1.204893,1.134363,0.972474,0.758378,0.539075,0.350311,0.208741,0.114365,0.057745,0.026921,0.011605,0.004631,0.001712,0.000587,0.000186,0.000055,0.000015,0.000004,0.000001,0.000000,0.000000,0.000000,0.000000,0.000000,0.000000,0.000000,0.000000,0.000000,0.000000,0.000000,0.000000,0.000000,0.000000,0.000000,0.000000,0.000000,0.000000,0.000000,0.000000,0.000000,0.000000]
1.047198,1.000000,[0.000000,-0.000000,-0.000000,0.000000,0.000000,-0.000000,0.000000,0.000000,-0.000000,-0.000000,0.000000,0.000000,-0.000001,-0.000000,0.000003,-0.000000,-0.000009,-0.000000,0.000027,0.000007,-0.000073,-0.000046,0.000170,0.000209,-0.000294,-0.000708,0.000150,0.001739,0.001235,-0.002544,-0.005208,-0.000549,0.009633,0.012809,-0.001519,-0.025175,-0.032537,-0.004454,0.047246,0.081568,0.058615,-0.026799,-0.135469,-0.204388,-0.182290,-0.057402,0.139128,0.355640,0.551582,0.713565,0.844659,0.942339,0.992215,0.986280,0.944972,0.915275,0.940620,1.027154,1.135210,1.202618,1.181048,1.059944,0.866077,0.644909,0.438794,0.273627,0.156833,0.082830,0.040394,0.018220,0.007611,0.002948,0.001059,0.000353,0.000109,0.000031,0.000008,0.000002,0.000000,0.000000,0.000000,0.000000,0.000000,0.000000,0.000000,0.000000,0.000000,0.000000,0.000000,0.000000,0.000000,0.000000,0.000000,0.000000,0.000000,0.000000,0.000000,0.000000,0.000000,0.000000]
1.063064,1.000000,[0.000000,-0.000000,-0.000000,0.000000,0.000000,-0.000000,-0.000000,0.000000,-0.000000,-0.000000,0.000000,0.000000,-0.000001,-0.000001,0.000002,0.000002,-0.000007,-0.000007,0.000019,0.000024,-0.000046,-0.000083,0.000084,0.000258,-0.000054,-0.000660,-0.000371,0.001206,0.001896,-0.000794,-0.004792,-0.003569,0.005418,0.013409,0.006811,-0.015384,-0.033287,-0.021448,0.023568,0.071567,0.077899,0.018815,-0.086103,-0.181306,-0.206188,-0.128802,0.038365,0.249955,0.457856,0.636435,0.783289,0.899474,0.974254,0.993669,0.964175,0.923243,0.920299,0.981197,1.086263,1.180036,1.204275,1.129592,0.966423,0.753612,0.536733,0.350164,0.209881,0.115886,0.059079,0.027862,0.012173,0.004933,0.001855,0.000648,0.000210,0.000063,0.000018,0.000005,0.000001,0.000000,0.000000,0.000000,0.000000,0.000000,0.000000,0.000000,0.000000,0.000000,0.000000,0.000000,0.000000,0.000000,0.000000,0.000000,0.000000,0.000000,0.000000,0.000000,0.000000,0.000000]
1.078931,1.000000,[0.000000,-0.000000,-0.000000,0.000000,0.000000,-0.000000,-0.000000,0.000000,0.000000,-0.000000,0.000000,0.000000,-0.000000,-0.000001,0.000001,0.000003,-0.000003,-0.000010,0.000009,0.000031,-0.000015,-0.000090,0.000000,0.000232,0.000139,-0.000469,-0.000676,0.000528,0.001973,0.000715,-0.003445,-0.005151,0.001049,0.011237,0.012059,-0.004823,-0.028053,-0.031514,0.000687,0.052776,0.082910,0.054086,-0.034858,-0.142494,-0.206530,-0.178717,-0.050771,0.144622,0.357571,0.551111,0.713695,0.846557,0.943784,0.990075,0.980351,0.938961,0.913791,0.945227,1.035141,1.141841,1.204521,1.177994,1.054213,0.860526,0.641384,0.437663,0.274237,0.158235,0.084284,0.041529,0.018961,0.008032,0.003160,0.001155,0.000393,0.000124,0.000036,0.000010,0.000003,0.000001,0.000000,0.000000,0.000000,0.000000,0.000000,0.000000,0.000000,0.000000,0.000000,0.000000,0.000000,0.000000,0.000000,0.000000,0.000000,0.000000,0.000000,0.000000,0.000000,0.000000]
1.094797,1.000000,[0.000000,0.000000,-0.000000,-0.000000,0.000000,-0.000000,-0.000000,0.000000,0.000000,-0.000000,-0.000000,0.000000,0.000000,-0.000001,-0.000000,0.000003,-0.000000,-0.000010,-0.000001,0.000028,0.000011,-0.000073,-0.000063,0.000156,0.000250,-0.000215,-0.000749,-0.000104,0.001589,0.001707,-0.001672,-0.005286,-0.002550,0.007313,0.013861,0.004412,-0.018909,-0.034242,-0.017899,0.029476,0.075213,0.076013,0.011951,-0.094126,-0.185993,-0.205140,-0.123175,0.044731,0.253522,0.458210,0.636118,0.784581,0.901538,0.973932,0.989172,0.957628,0.919300,0.922199,0.988086,1.093994,1.184332,1.203414,1.124841,0.960551,0.749027,0.534486,0.350022,0.210979,0.117360,0.060383,0.028790,0.012740,0.005238,0.002003,0.000712,0.000236,0.000073,0.000021,0.000006,0.000001,0.000000,0.000000,0.000000,0.000000,0.000000,0.000000,0.000000,0.000000,0.000000,0.000000,0.000000,0.000000,0.000000,0.000000,0.000000,0.000000,0.000000,0.000000,0.000000,0.000000]
1.110664,1.000000,[0.000000,0.000000,-0.000000,-0.000000,0.000000,0.000000,-0.000000,0.000000,0.000000,-0.000000,-0.000000,0.000000,0.000000,-0.000001,-0.000001,0.000002,0.000002,-0.000007,-0.000008,0.000020,0.000028,-0.000043,-0.000094,0.000063,0.000273,0.000026,-0.000629,-0.000558,0.000939,0.002085,0.000047,-0.004273,-0.004809,0.002796,0.012587,0.010870,-0.008247,-0.030535,-0.029949,0.005993,0.057961,0.083721,0.049234,-0.042864,-0.149150,-0.208206,-0.174900,-0.044333,0.149639,0.359214,0.550845,0.714288,0.848630,0.944879,0.987400,0.974248,0.933311,0.912876,0.950140,1.042986,1.148070,1.206080,1.174842,1.048600,0.855166,0.637997,0.436576,0.274823,0.159589,0.085699,0.042644,0.019696,0.008455,0.003377,0.001256,0.000435,0.000140,0.000042,0.000012,0.000003,0.000001,0.000000,0.000000,0.000000,0.000000,0.000000,0.000000,0.000000,0.000000,0.000000,0.000000,0.000000,0.000000,0.000000,0.000000,0.000000,0.000000,0.000000,0.000000,0.000000]
1.126531,1.000000,[0.000000,0.000000,-0.000000,-0.000000,0.000000,0.000000,-0.000000,-0.000000,0.000000,-0.000000,-0.000000,0.000000,0.000000,-0.000000,-0.000001,0.000001,0.000004,-0.000004,-0.000011,0.000008,0.000034,-0.000010,-0.000094,-0.000022,0.000225,0.000200,-0.000393,-0.000772,0.000235,0.001910,0.001351,-0.002586,-0.005559,-0.001280,0.009130,0.013904,0.001708,-0.022250,-0.034662,-0.013981,0.035253,0.078372,0.073679,0.004958,-0.101911,-0.190223,-0.203711,-0.117542,0.050703,0.256670,0.458553,0.636204,0.786220,0.903470,0.973098,0.984297,0.951217,0.915881,0.924560,0.995033,1.101412,1.188231,1.202337,1.120120,0.954850,0.744613,0.532328,0.349884,0.212038,0.118789,0.061658,0.029707,0.013306,0.005547,0.002154,0.000780,0.000263,0.000083,0.000024,0.000007,0.000002,0.000000,0.000000,0.000000,0.000000,0.000000,0.000000,0.000000,0.000000,0.000000,0.000000,0.000000,0.000000,0.000000,0.000000,0.000000,0.000000,0.000000,0.000000,0.000000]
1.142397,1.000000,[0.000000,0.000000,0.000000,-0.000000,-0.000000,0.000000,-0.000000,-0.000000,0.000000,0.000000,-0.000000,-0.000000,0.000000,0.000000,-0.000001,0.000000,0.000004,0.000000,-0.000011,-0.000002,0.000030,0.000017,-0.000072,-0.000080,0.000135,0.000284,-0.000123,-0.000755,-0.000352,0.001352,0.002053,-0.000738,-0.004979,-0.004185,0.004630,0.013638,0.009276,-0.011714,-0.032592,-0.027891,0.011400,0.062789,0.084029,0.044087,-0.050796,-0.155420,-0.209424,-0.170886,-0.038135,0.154197,0.360640,0.550833,0.715308,0.850798,0.945588,0.984233,0.968039,0.928047,0.912496,0.955309,1.050668,1.153911,1.207324,1.171610,1.043106,0.849988,0.634741,0.435532,0.275386,0.160899,0.087076,0.043739,0.020426,0.008880,0.003598,0.001359,0.000479,0.000158,0.000048,0.000014,0.000004,0.000001,0.000000,0.000000,0.000000,0.000000,0.000000,0.000000,0.000000,0.000000,0.000000,0.000000,0.000000,0.000000,0.000000,0.000000,0.000000,0.000000,0.000000,0.000000]
1.158264,1.000000,[0.000000,0.000000,0.000000,-0.000000,-0.000000,0.000000,0.000000,-0.000000,0.000000,0.000000,-0.000000,-0.000000,0.000000,0.000000,-0.000001,-0.000001,0.000003,0.000003,-0.000008,-0.000010,0.000019,0.000033,-0.000037,-0.000104,0.000036,0.000279,0.000109,-0.000569,-0.000716,0.000625,0.002139,0.000839,-0.003488,-0.005585,0.000198,0.010805,0.013536,-0.001233,-0.025351,-0.034565,-0.009758,0.040863,0.081056,0.070926,-0.002137,-0.109435,-0.193990,-0.201932,-0.111958,0.056267,0.259450,0.458951,0.636693,0.788140,0.905211,0.971765,0.979110,0.944988,0.912976,0.927334,1.002003,1.108518,1.191758,1.201066,1.115435,0.949313,0.740359,0.530253,0.349752,0.213060,0.120177,0.062904,0.030611,0.013870,0.005859,0.002309,0.000850,0.000292,0.000094,0.000028,0.000008,0.000002,0.000001,0.000000,0.000000,0.000000,0.000000,0.000000,0.000000,0.000000,0.000000,0.000000,0.000000,0.000000,0.000000,0.000000,0.000000,0.000000,0.000000,0.000000]
1.174131,1.000000,[0.000000,0.000000,0.000000,-0.000000,-0.000000,0.000000,0.000000,-0.000000,-0.000000,0.000000,-0.000000,-0.000000,0.000000,0.000000,-0.000000,-0.000001,0.000001,0.000004,-0.000004,-0.000013,0.000007,0.000037,-0.000003,-0.000096,-0.000047,0.000209,0.000257,-0.000296,-0.000829,-0.000067,0.001734,0.001867,-0.001603,-0.005521,-0.003296,0.006486,0.014358,0.007320,-0.015155,-0.034211,-0.025388,0.016856,0.067250,0.083857,0.038674,-0.058629,-0.161289,-0.210200,-0.166726,-0.032215,0.158319,0.361920,0.551109,0.716714,0.852990,0.945889,0.980621,0.961785,0.923186,0.912616,0.960688,1.058170,1.159380,1.208279,1.168312,1.037728,0.844980,0.631606,0.434526,0.275930,0.162167,0.088418,0.044814,0.021150,0.009307,0.003822,0.001467,0.000526,0.000176,0.000055,0.000016,0.000004,0.000001,0.000000,0.000000,0.000000,0.000000,0.000000,0.000000,0.000000,0.000000,0.000000,0.000000,0.000000,0.000000,0.000000,0.000000,0.000000,0.000000,0.000000]
1.189997,1.000000,[0.000000,-0.000000,0.000000,0.000000,-0.000000,0.000000,0.000000,-0.000000,-0.000000,0.000000,0.000000,-0.000000,-0.000000,0.000000,0.000000,-0.000001,0.000000,0.000004,0.000000,-0.000012,-0.000004,0.000030,0.000024,-0.000067,-0.000098,0.000107,0.000308,-0.000022,-0.000724,-0.000578,0.001042,0.002251,0.000188,-0.004330,-0.005354,0.001834,0.012286,0.012768,-0.004345,-0.028168,-0.033977,-0.005285,0.046277,0.083278,0.067781,-0.009308,-0.116678,-0.197293,-0.199843,-0.106474,0.061418,0.261921,0.459463,0.637578,0.790274,0.906711,0.969951,0.973674,0.938982,0.910571,0.930476,1.008963,1.115313,1.194938,1.199623,1.110790,0.943932,0.736256,0.528256,0.349624,0.214047,0.121525,0.064124,0.031504,0.014433,0.006174,0.002468,0.000922,0.000322,0.000106,0.000032,0.000009,0.000002,0.000001,0.000000,0.000000,0.000000,0.000000,0.000000,0.000000,0.000000,0.000000,0.000000,0.000000,0.000000,0.000000,0.000000,0.000000,0.000000,0.000000]
1.205864,1.000000,[0.000000,-0.000000,0.000000,0.000000,-0.000000,-0.000000,0.000000,-0.000000,-0.000000,0.000000,0.000000,-0.000000,-0.000000,0.000000,0.000000,-0.000001,-0.000001,0.000003,0.000003,-0.000008,-0.000011,0.000018,0.000038,-0.000029,-0.000112,0.000005,0.000274,0.000189,-0.000479,-0.000835,0.000283,0.002055,0.001526,-0.002508,-0.005868,-0.002168,0.008306,0.014727,0.005050,-0.018508,-0.035385,-0.022489,0.022316,0.071339,0.083228,0.033022,-0.066337,-0.166743,-0.210558,-0.162474,-0.026604,0.162040,0.363120,0.551697,0.718459,0.855142,0.945771,0.976614,0.955543,0.918737,0.913201,0.966236,1.065479,1.164493,1.208970,1.164960,1.032464,0.840135,0.628585,0.433558,0.276453,0.163395,0.089726,0.045870,0.021867,0.009734,0.004051,0.001577,0.000575,0.000196,0.000063,0.000019,0.000005,0.000001,0.000000,0.000000,0.000000,0.000000,0.000000,0.000000,0.000000,0.000000,0.000000,0.000000,0.000000,0.000000,0.000000,0.000000,0.000000,0.000000]
1.221730,1.000000,[0.000000,-0.000000,0.000000,0.000000,-0.000000,-0.000000,0.000000,0.000000,-0.000000,0.000000,0.000000,-0.000000,-0.000000,0.000000,0.000000,-0.000000,-0.000001,0.000001,0.000005,-0.000003,-0.000014,0.000005,0.000039,0.000006,-0.000096,-0.000072,0.000184,0.000305,-0.000184,-0.000841,-0.000358,0.001457,0.002229,-0.000575,-0.005071,-0.004865,0.003576,0.013528,0.011624,-0.007564,-0.030668,-0.032926,-0.000614,0.051470,0.085046,0.064269,-0.016527,-0.123614,-0.200138,-0.197489,-0.101136,0.066163,0.264143,0.460136,0.638838,0.792557,0.907929,0.967682,0.968045,0.933231,0.908647,0.933943,1.015886,1.121803,1.197792,1.198026,1.106191,0.938702,0.732294,0.526331,0.349500,0.215001,0.122834,0.065317,0.032385,0.014995,0.006491,0.002630,0.000998,0.000355,0.000118,0.000037,0.000011,0.000003,0.000001,0.000000,0.000000,0.000000,0.000000,0.000000,0.000000,0.000000,0.000000,0.000000,0.000000,0.000000,0.000000,0.000000,0.000000,0.000000]
1.237597,1.000000,[0.000000,-0.000000,-0.000000,0.000000,-0.000000,-0.000000,0.000000,0.000000,-0.000000,-0.000000,0.000000,0.000000,-0.000000,-0.000000,0.000000,-0.000000,-0.000001,-0.000000,0.000004,0.000001,-0.000012,-0.000007,0.000030,0.000031,-0.000060,-0.000113,0.000073,0.000320,0.000081,-0.000655,-0.000766,0.000680,0.002290,0.001038,-0.003411,-0.005997,-0.000834,0.010034,0.014736,0.002519,-0.021722,-0.036118,-0.019241,0.027741,0.075052,0.082160,0.027158,-0.073891,-0.171773,-0.210526,-0.158180,-0.021321,0.165402,0.364301,0.552610,0.720491,0.857196,0.945229,0.972261,0.949359,0.914704,0.914214,0.971918,1.072586,1.169267,1.209417,1.161565,1.027311,0.835443,0.625671,0.432624,0.276959,0.164586,0.091002,0.046908,0.022579,0.010163,0.004282,0.001690,0.000625,0.000217,0.000071,0.000022,0.000006,0.000002,0.000000,0.000000,0.000000,0.000000,0.000000,0.000000,0.000000,0.000000,0.000000,0.000000,0.000000,0.000000,0.000000,0.000000,0.000000]
1.253464,1.000000,[0.000000,-0.000000,-0.000000,0.000000,0.000000,-0.000000,-0.000000,0.000000,-0.000000,-0.000000,0.000000,0.000000,-0.000000,-0.000000,0.000000,0.000000,-0.000001,-0.000001,0.000003,0.000004,-0.000008,-0.000013,0.000016,0.000042,-0.000020,-0.000117,-0.000028,0.000257,0.000263,-0.000365,-0.000905,-0.000063,0.001843,0.002064,-0.001419,-0.005672,-0.004128,0.005371,0.014500,0.010131,-0.010832,-0.032829,-0.031443,0.004209,0.056422,0.086369,0.060414,-0.023763,-0.130223,-0.202537,-0.194918,-0.095984,0.070518,0.266175,0.461009,0.640447,0.794927,0.908838,0.964987,0.962279,0.927761,0.907185,0.937695,1.022750,1.127993,1.200343,1.196291,1.101640,0.933615,0.728466,0.524475,0.349380,0.215924,0.124108,0.066485,0.033254,0.015554,0.006811,0.002795,0.001076,0.000388,0.000132,0.000042,0.000013,0.000004,0.000001,0.000000,0.000000,0.000000,0.000000,0.000000,0.000000,0.000000,0.000000,0.000000,0.000000,0.000000,0.000000,0.000000,0.000000]
1.269330,1.000000,[0.000000,-0.000000,-0.000000,0.000000,0.000000,-0.000000,-0.000000,0.000000,0.000000,-0.000000,0.000000,0.000000,-0.000000,-0.000000,0.000000,0.000001,-0.000001,-0.000002,0.000001,0.000005,-0.000003,-0.000015,0.000002,0.000040,0.000016,-0.000091,-0.000097,0.000150,0.000340,-0.000062,-0.000808,-0.000617,0.001100,0.002416,0.000419,-0.004270,-0.005895,0.000668,0.011623,0.014390,-0.000221,-0.024754,-0.036419,-0.015687,0.033099,0.078383,0.080670,0.021111,-0.081261,-0.176372,-0.210142,-0.153897,-0.016377,0.168449,0.365516,0.553848,0.722758,0.859103,0.944269,0.967609,0.943278,0.911087,0.915622,0.977699,1.079483,1.173718,1.209642,1.158137,1.022268,0.830896,0.622858,0.431722,0.277447,0.165742,0.092247,0.047928,0.023284,0.010592,0.004516,0.001806,0.000678,0.000239,0.000079,0.000025,0.000007,0.000002,0.000001,0.000000,0.000000,0.000000,0.000000,0.000000,0.000000,0.000000,0.000000,0.000000,0.000000,0.000000,0.000000,0.000000]
1.285197,1.000000,[0.000000,-0.000000,-0.000000,0.000000,0.000000,-0.000000,-0.000000,0.000000,0.000000,-0.000000,-0.000000,0.000000,0.000000,-0.000000,-0.000000,0.000001,-0.000000,-0.000002,-0.000000,0.000005,0.000002,-0.000013,-0.000009,0.000029,0.000038,-0.000050,-0.000126,0.000033,0.000318,0.000182,-0.000552,-0.000903,0.000292,0.002172,0.001754,-0.002309,-0.006106,-0.003163,0.007169,0.015179,0.008325,-0.014096,-0.034636,-0.029560,0.009143,0.061116,0.087257,0.056242,-0.030983,-0.136484,-0.204508,-0.192178,-0.091050,0.074506,0.268075,0.462110,0.642374,0.797328,0.909414,0.961898,0.956426,0.922592,0.906162,0.941697,1.029535,1.133889,1.202609,1.194435,1.097140,0.928665,0.724765,0.522683,0.349263,0.216818,0.125348,0.067628,0.034113,0.016111,0.007133,0.002963,0.001156,0.000424,0.000146,0.000047,0.000014,0.000004,0.000001,0.000000,0.000000,0.000000,0.000000,0.000000,0.000000,0.000000,0.000000,0.000000,0.000000,0.000000,0.000000,0.000000]
1.301064,1.000000,[0.000000,0.000000,-0.000000,-0.000000,0.000000,0.000000,-0.000000,0.000000,0.000000,-0.000000,-0.000000,0.000000,0.000000,-0.000000,-0.000000,0.000000,0.000000,-0.000001,-0.000001,0.000003,0.000005,-0.000008,-0.000015,0.000013,0.000046,-0.000008,-0.000117,-0.000062,0.000229,0.000325,-0.000233,-0.000921,-0.000392,0.001519,0.002419,-0.000311,-0.005050,-0.005558,0.002293,0.013032,0.013697,-0.003120,-0.027568,-0.036301,-0.011867,0.038358,0.081331,0.078776,0.014914,-0.088418,-0.180540,-0.209443,-0.149668,-0.011774,0.171232,0.366814,0.555406,0.725209,0.860821,0.942901,0.962707,0.937333,0.907881,0.917392,0.983551,1.086166,1.177861,1.209662,1.154685,1.017331,0.826487,0.620141,0.430851,0.277919,0.166864,0.093463,0.048931,0.023984,0.011021,0.004753,0.001925,0.000733,0.000263,0.000088,0.000028,0.000008,0.000002,0.000001,0.000000,0.000000,0.000000,0.000000,0.000000,0.000000,0.000000,0.000000,0.000000,0.000000,0.000000,0.000000]
1.316930,1.000000,[0.000000,0.000000,-0.000000,-0.000000,0.000000,0.000000,-0.000000,-0.000000,0.000000,-0.000000,-0.000000,0.000000,0.000000,-0.000000,-0.000000,0.000000,0.000001,-0.000001,-0.000002,0.000001,0.000006,-0.000002,-0.000016,-0.000001,0.000040,0.000026,-0.000083,-0.000119,0.000108,0.000358,0.000062,-0.000729,-0.000829,0.000690,0.002423,0.001305,-0.003209,-0.006349,-0.001993,0.008922,0.015550,0.006242,-0.017309,-0.036081,-0.027308,0.014152,0.065536,0.087717,0.051779,-0.038153,-0.142382,-0.206077,-0.189320,-0.086360,0.078157,0.269896,0.463458,0.644581,0.799707,0.909645,0.958451,0.950530,0.917737,0.905555,0.945915,1.036224,1.139500,1.204609,1.192471,1.092694,0.923847,0.721182,0.520951,0.349150,0.217685,0.126555,0.068749,0.034959,0.016665,0.007457,0.003135,0.001239,0.000461,0.000161,0.000053,0.000016,0.000005,0.000001,0.000000,0.000000,0.000000,0.000000,0.000000,0.000000,0.000000,0.000000,0.000000,0.000000,0.000000,0.000000]
1.332797,1.000000,[0.000000,0.000000,-0.000000,-0.000000,0.000000,0.000000,-0.000000,-0.000000,0.000000,0.000000,-0.000000,-0.000000,0.000000,0.000000,-0.000000,0.000000,0.000001,0.000000,-0.000002,-0.000000,0.000005,0.000002,-0.000013,-0.000012,0.000026,0.000045,-0.000038,-0.000134,-0.000009,0.000301,0.000272,-0.000420,-0.000981,-0.000096,0.001913,0.002289,-0.001124,-0.005716,-0.004991,0.004000,0.014228,0.012676,-0.006130,-0.030138,-0.035780,-0.007818,0.043494,0.083891,0.076497,0.008600,-0.095334,-0.184285,-0.208474,-0.145535,-0.007504,0.173799,0.368232,0.557269,0.727793,0.862318,0.941139,0.957600,0.931557,0.905078,0.919491,0.989448,1.092633,1.181710,1.209495,1.151216,1.012498,0.822210,0.617513,0.430009,0.278376,0.167954,0.094650,0.049917,0.024677,0.011450,0.004993,0.002047,0.000790,0.000287,0.000098,0.000032,0.000010,0.000003,0.000001,0.000000,0.000000,0.000000,0.000000,0.000000,0.000000,0.000000,0.000000,0.000000,0.000000,0.000000]
1.348664,1.000000,[0.000000,0.000000,0.000000,-0.000000,-0.000000,0.000000,-0.000000,-0.000000,0.000000,0.000000,-0.000000,-0.000000,0.000000,0.000000,-0.000000,-0.000000,0.000000,0.000000,-0.000001,-0.000002,0.000003,0.000005,-0.000007,-0.000017,0.000010,0.000048,0.000005,-0.000113,-0.000094,0.000189,0.000370,-0.000090,-0.000882,-0.000679,0.001112,0.002574,0.000730,-0.004085,-0.006387,-0.000650,0.010586,0.015609,0.003923,-0.020430,-0.037160,-0.024718,0.019202,0.069667,0.087757,0.047053,-0.045240,-0.147905,-0.207271,-0.186391,-0.081928,0.081506,0.271690,0.465065,0.647031,0.802018,0.909524,0.954682,0.944633,0.913206,0.905342,0.950316,1.042804,1.144833,1.206360,1.190411,1.088303,0.919155,0.717712,0.519277,0.349041,0.218525,0.127730,0.069847,0.035795,0.017217,0.007782,0.003309,0.001324,0.000499,0.000177,0.000059,0.000019,0.000006,0.000002,0.000000,0.000000,0.000000,0.000000,0.000000,0.000000,0.000000,0.000000,0.000000,0.000000,0.000000]
1.364530,1.000000,[0.000000,0.000000,0.000000,-0.000000,-0.000000,0.000000,0.000000,-0.000000,-0.000000,0.000000,-0.000000,-0.000000,0.000000,0.000000,-0.000000,-0.000000,0.000000,0.000001,-0.000001,-0.000002,0.000001,0.000006,-0.000001,-0.000017,-0.000005,0.000039,0.000036,-0.000071,-0.000137,0.000060,0.000359,0.000181,-0.000610,-0.000979,0.000258,0.002257,0.002023,-0.001991,-0.006240,-0.004206,0.005745,0.015186,0.011349,-0.009206,-0.032441,-0.034874,-0.003576,0.048481,0.086061,0.073854,0.002203,-0.101985,-0.187619,-0.207279,-0.141531,-0.003555,0.176199,0.369804,0.559420,0.730460,0.863564,0.939004,0.952330,0.925974,0.902669,0.921890,0.995368,1.098881,1.185281,1.209155,1.147737,1.007766,0.818058,0.614970,0.429194,0.278818,0.169014,0.095810,0.050887,0.025363,0.011880,0.005235,0.002172,0.000849,0.000313,0.000109,0.000036,0.000011,0.000003,0.000001,0.000000,0.000000,0.000000,0.000000,0.000000,0.000000,0.000000,0.000000,0.000000,0.000000]
1.380397,1.000000,[0.000000,0.000000,0.000000,-0.000000,-0.000000,0.000000,0.000000,-0.000000,-0.000000,0.000000,0.000000,-0.000000,-0.000000,0.000000,0.000000,-0.000000,0.000000,0.000001,0.000000,-0.000002,-0.000001,0.000005,0.000004,-0.000012,-0.000015,0.000023,0.000051,-0.000023,-0.000137,-0.000051,0.000269,0.000347,-0.000267,-0.000995,-0.000456,0.001536,0.002613,0.000045,-0.004901,-0.006213,0.000833,0.012125,0.015358,0.001407,-0.023424,-0.037874,-0.021820,0.024262,0.073495,0.087388,0.042096,-0.052210,-0.153048,-0.208125,-0.183433,-0.077765,0.084591,0.273500,0.466934,0.649682,0.804220,0.909048,0.950627,0.938771,0.909006,0.905497,0.954874,1.049264,1.149897,1.207880,1.188265,1.083969,0.914584,0.714350,0.517657,0.348934,0.219341,0.128877,0.070923,0.036620,0.017767,0.008109,0.003486,0.001412,0.000539,0.000194,0.000066,0.000021,0.000006,0.000002,0.000000,0.000000,0.000000,0.000000,0.000000,0.000000,0.000000,0.000000,0.000000,0.000000]
1.396263,1.000000,[0.000000,-0.000000,0.000000,0.000000,-0.000000,-0.000000,0.000000,-0.000000,-0.000000,0.000000,0.000000,-0.000000,-0.000000,0.000000,0.000000,-0.000000,-0.000000,0.000000,0.000001,-0.000001,-0.000002,0.000003,0.000006,-0.000006,-0.000019,0.000005,0.000050,0.000019,-0.000105,-0.000123,0.000139,0.000395,0.000054,-0.000790,-0.000907,0.000655,0.002530,0.001626,-0.002882,-0.006602,-0.003221,0.007487,0.015889,0.009742,-0.012306,-0.034462,-0.033600,0.000828,0.053296,0.087839,0.070869,-0.004241,-0.108350,-0.190557,-0.205901,-0.137685,0.000094,0.178480,0.371553,0.561834,0.733165,0.864540,0.936517,0.946937,0.920606,0.900641,0.924559,1.001289,1.104912,1.188588,1.208658,1.144253,1.003133,0.814024,0.612507,0.428405,0.279247,0.170045,0.096944,0.051841,0.026044,0.012309,0.005479,0.002299,0.000910,0.000340,0.000120,0.000040,0.000013,0.000004,0.000001,0.000000,0.000000,0.000000,0.000000,0.000000,0.000000,0.000000,0.000000,0.000000]
1.412130,1.000000,[0.000000,-0.000000,0.000000,0.000000,-0.000000,-0.000000,0.000000,0.000000,-0.000000,0.000000,0.000000,-0.000000,-0.000000,0.000000,0.000000,-0.000000,-0.000000,0.000000,0.000001,-0.000001,-0.000002,0.000001,0.000007,0.000000,-0.000017,-0.000009,0.000037,0.000046,-0.000056,-0.000149,0.000009,0.000341,0.000287,-0.000459,-0.001058,-0.000165,0.001940,0.002529,-0.000727,-0.005630,-0.005827,0.002421,0.013507,0.014803,-0.001269,-0.026261,-0.038227,-0.018641,0.029302,0.077007,0.086621,0.036939,-0.059033,-0.157811,-0.208674,-0.180489,-0.073872,0.087451,0.275365,0.469062,0.652494,0.806277,0.908223,0.946321,0.932976,0.905138,0.905999,0.959562,1.055594,1.154701,1.209182,1.186045,1.079691,0.910130,0.711089,0.516088,0.348831,0.220133,0.129995,0.071979,0.037435,0.018313,0.008437,0.003665,0.001502,0.000581,0.000212,0.000073,0.000024,0.000007,0.000002,0.000001,0.000000,0.000000,0.000000,0.000000,0.000000,0.000000,0.000000,0.000000]
1.427997,1.000000,[0.000000,-0.000000,0.000000,0.000000,-0.000000,-0.000000,0.000000,0.000000,-0.000000,-0.000000,0.000000,0.000000,-0.000000,-0.000000,0.000000,-0.000000,-0.000000,-0.000000,0.000001,0.000000,-0.000002,-0.000001,0.000005,0.000005,-0.000011,-0.000018,0.000018,0.000055,-0.000006,-0.000134,-0.000092,0.000224,0.000401,-0.000104,-0.000945,-0.000763,0.001077,0.002715,0.001107,-0.003766,-0.006784,-0.002058,0.009188,0.016326,0.007882,-0.015393,-0.036188,-0.031979,0.005360,0.057916,0.089226,0.067566,-0.010696,-0.114412,-0.193124,-0.204385,-0.134018,0.003466,0.180685,0.373497,0.564484,0.735865,0.865231,0.933703,0.941460,0.915470,0.898981,0.927472,1.007193,1.110725,1.191644,1.208015,1.140769,0.998596,0.810104,0.610120,0.427639,0.279662,0.171048,0.098053,0.052779,0.026718,0.012737,0.005725,0.002428,0.000972,0.000368,0.000132,0.000045,0.000014,0.000004,0.000001,0.000000,0.000000,0.000000,0.000000,0.000000,0.000000,0.000000,0.000000]
1.443863,1.000000,[0.000000,-0.000000,-0.000000,0.000000,0.000000,-0.000000,0.000000,0.000000,-0.000000,-0.000000,0.000000,0.000000,-0.000000,-0.000000,0.000000,0.000000,-0.000000,-0.000000,0.000001,0.000001,-0.000001,-0.000002,0.000003,0.000007,-0.000005,-0.000020,0.000000,0.000049,0.000033,-0.000091,-0.000147,0.000083,0.000397,0.000190,-0.000652,-0.001061,0.000182,0.002301,0.002319,-0.001562,-0.006243,-0.005236,0.004078,0.014705,0.013958,-0.004066,-0.028916,-0.038225,-0.015211,0.034294,0.080192,0.085472,0.031617,-0.065679,-0.162199,-0.208958,-0.177591,-0.070243,0.090127,0.277319,0.471441,0.655426,0.808160,0.907056,0.941800,0.927277,0.901603,0.906823,0.964356,1.061786,1.159253,1.210282,1.183758,1.075472,0.905787,0.707924,0.514567,0.348730,0.220903,0.131085,0.073014,0.038239,0.018857,0.008767,0.003846,0.001594,0.000624,0.000231,0.000081,0.000027,0.000008,0.000002,0.000001,0.000000,0.000000,0.000000,0.000000,0.000000,0.000000,0.000000]
1.459730,1.000000,[0.000000,-0.000000,-0.000000,0.000000,0.000000,-0.000000,-0.000000,0.000000,0.000000,-0.000000,0.000000,0.000000,-0.000000,-0.000000,0.000000,0.000000,-0.000000,-0.000000,0.000000,0.000001,-0.000001,-0.000002,0.000001,0.000007,0.000002,-0.000017,-0.000014,0.000033,0.000055,-0.000038,-0.000155,-0.000043,0.000305,0.000373,-0.000285,-0.001063,-0.000549,0.001504,0.002797,0.000479,-0.004614,-0.006778,-0.000743,0.010813,0.016491,0.005800,-0.018434,-0.037611,-0.030029,0.009992,0.062320,0.090224,0.063974,-0.017128,-0.120159,-0.195344,-0.202772,-0.130545,0.006589,0.182857,0.375647,0.567340,0.738523,0.865627,0.930586,0.935933,0.910578,0.897673,0.930602,1.013067,1.116324,1.194461,1.207240,1.137290,0.994151,0.806292,0.607806,0.426897,0.280066,0.172026,0.099138,0.053702,0.027386,0.013166,0.005973,0.002560,0.001037,0.000397,0.000144,0.000049,0.000016,0.000005,0.000001,0.000000,0.000000,0.000000,0.000000,0.000000,0.000000,0.000000]
1.475597,1.000000,[0.000000,-0.000000,-0.000000,0.000000,0.000000,-0.000000,-0.000000,0.000000,0.000000,-0.000000,-0.000000,0.000000,0.000000,-0.000000,-0.000000,0.000000,-0.000000,-0.000000,-0.000000,0.000001,0.000000,-0.000002,-0.000001,0.000005,0.000006,-0.000010,-0.000021,0.000013,0.000058,0.000012,-0.000125,-0.000128,0.000166,0.000430,0.000059,-0.000836,-0.000999,0.000573,0.002602,0.001985,-0.002433,-0.006720,-0.004450,0.005770,0.015698,0.012838,-0.006949,-0.031367,-0.037875,-0.011557,0.039209,0.083041,0.083956,0.026164,-0.072124,-0.166221,-0.209015,-0.174772,-0.066870,0.092657,0.279389,0.474058,0.658441,0.809843,0.905558,0.937097,0.921699,0.898397,0.907946,0.969235,1.067835,1.163563,1.211192,1.181414,1.071311,0.901550,0.704852,0.513092,0.348632,0.221652,0.132150,0.074030,0.039032,0.019397,0.009097,0.004030,0.001688,0.000669,0.000251,0.000089,0.000030,0.000010,0.000003,0.000001,0.000000,0.000000,0.000000,0.000000,0.000000,0.000000]
1.491463,1.000000,[0.000000,0.000000,-0.000000,-0.000000,0.000000,-0.000000,-0.000000,0.000000,0.000000,-0.000000,-0.000000,0.000000,0.000000,-0.000000,-0.000000,0.000000,0.000000,-0.000000,-0.000000,0.000001,0.000001,-0.000001,-0.000002,0.000003,0.000008,-0.000003,-0.000021,-0.000005,0.000047,0.000046,-0.000073,-0.000164,0.000023,0.000378,0.000310,-0.000480,-0.001134,-0.000270,0.001918,0.002769,-0.000241,-0.005397,-0.006579,0.000696,0.012333,0.016384,0.003523,-0.021397,-0.038724,-0.027772,0.014693,0.066490,0.090837,0.060122,-0.023504,-0.125586,-0.197248,-0.201101,-0.127274,0.009493,0.185031,0.378009,0.570372,0.741103,0.865723,0.927195,0.930386,0.905941,0.896704,0.933927,1.018894,1.121711,1.197053,1.206343,1.133819,0.989798,0.802584,0.605559,0.426177,0.280457,0.172978,0.100200,0.054611,0.028048,0.013593,0.006223,0.002694,0.001103,0.000428,0.000157,0.000055,0.000018,0.000006,0.000002,0.000000,0.000000,0.000000,0.000000,0.000000,0.000000]
1.507330,1.000000,[0.000000,0.000000,-0.000000,-0.000000,0.000000,0.000000,-0.000000,-0.000000,0.000000,-0.000000,-0.000000,0.000000,0.000000,-0.000000,-0.000000,0.000000,0.000000,-0.000000,-0.000000,0.000000,0.000001,-0.000000,-0.000003,0.000000,0.000007,0.000003,-0.000016,-0.000018,0.000027,0.000061,-0.000017,-0.000153,-0.000091,0.000253,0.000434,-0.000102,-0.000997,-0.000868,0.000991,0.002826,0.001532,-0.003315,-0.007045,-0.003487,0.007463,0.016472,0.011461,-0.009886,-0.033595,-0.037187,-0.007706,0.044023,0.085546,0.082093,0.020616,-0.078347,-0.169893,-0.208885,-0.172055,-0.063737,0.095082,0.281597,0.476895,0.661502,0.811306,0.903744,0.932245,0.916263,0.895515,0.909347,0.974180,1.073737,1.167639,1.211925,1.179019,1.067208,0.897417,0.701866,0.511661,0.348537,0.222380,0.133190,0.075027,0.039816,0.019935,0.009428,0.004216,0.001784,0.000715,0.000271,0.000098,0.000033,0.000011,0.000003,0.000001,0.000000,0.000000,0.000000,0.000000,0.000000]
1.523196,1.000000,[0.000000,0.000000,-0.000000,-0.000000,0.000000,0.000000,-0.000000,-0.000000,0.000000,0.000000,-0.000000,-0.000000,0.000000,0.000000,-0.000000,0.000000,0.000000,0.000000,-0.000000,-0.000000,0.000001,0.000000,-0.000002,-0.000002,0.000005,0.000007,-0.000009,-0.000023,0.000006,0.000058,0.000029,-0.000110,-0.000158,0.000101,0.000433,0.000211,-0.000677,-0.001149,0.000065,0.002300,0.002623,-0.001031,-0.006091,-0.006190,0.002230,0.013720,0.016009,0.001083,-0.024255,-0.039525,-0.025228,0.019434,0.070406,0.091073,0.056040,-0.029793,-0.130690,-0.198866,-0.199406,-0.124209,0.012211,0.187242,0.380582,0.573548,0.743575,0.865517,0.923555,0.924850,0.901566,0.896056,0.937423,1.024665,1.126890,1.199431,1.205335,1.130361,0.985532,0.798973,0.603378,0.425478,0.280838,0.173907,0.101240,0.055505,0.028704,0.014019,0.006474,0.002830,0.001171,0.000459,0.000171,0.000060,0.000020,0.000006,0.000002,0.000001,0.000000,0.000000,0.000000,0.000000]
1.539063,1.000000,[0.000000,0.000000,0.000000,-0.000000,0.000000,0.000000,-0.000000,-0.000000,0.000000,0.000000,-0.000000,-0.000000,0.000000,0.000000,-0.000000,-0.000000,0.000000,0.000000,-0.000000,-0.000000,0.000001,0.000001,-0.000001,-0.000003,0.000002,0.000008,-0.000001,-0.000021,-0.000011,0.000042,0.000057,-0.000052,-0.000172,-0.000037,0.000337,0.000405,-0.000285,-0.001124,-0.000670,0.001421,0.002959,0.000972,-0.004181,-0.007205,-0.002363,0.009125,0.017016,0.009847,-0.012845,-0.035586,-0.036172,-0.003686,0.048708,0.087702,0.079907,0.015007,-0.084331,-0.173233,-0.208603,-0.169460,-0.060825,0.097438,0.283959,0.479933,0.664572,0.812534,0.901629,0.927275,0.910987,0.892952,0.911005,0.979171,1.079488,1.171490,1.212493,1.176580,1.063163,0.893382,0.698964,0.510271,0.348444,0.223090,0.134207,0.076006,0.040590,0.020469,0.009759,0.004404,0.001882,0.000762,0.000293,0.000107,0.000037,0.000012,0.000004,0.000001,0.000000,0.000000,0.000000,0.000000]
1.554930,1.000000,[0.000000,0.000000,0.000000,-0.000000,-0.000000,0.000000,0.000000,-0.000000,-0.000000,0.000000,-0.000000,-0.000000,0.000000,0.000000,-0.000000,-0.000000,0.000000,0.000000,-0.000000,-0.000000,0.000000,0.000001,-0.000000,-0.000003,-0.000000,0.000007,0.000005,-0.000015,-0.000022,0.000020,0.000066,0.000004,-0.000144,-0.000135,0.000188,0.000466,0.000079,-0.000866,-0.001101,0.000445,0.002631,0.002361,-0.001871,-0.006677,-0.005615,0.003831,0.014953,0.015372,-0.001492,-0.026985,-0.040013,-0.022417,0.024186,0.074054,0.090942,0.051761,-0.035967,-0.135473,-0.200232,-0.197718,-0.121346,0.014774,0.189517,0.383363,0.576837,0.745912,0.865013,0.919693,0.919349,0.897458,0.895714,0.941069,1.030369,1.131864,1.201606,1.204224,1.126917,0.981352,0.795458,0.601259,0.424798,0.281208,0.174813,0.102258,0.056386,0.029353,0.014445,0.006727,0.002968,0.001241,0.000492,0.000185,0.000066,0.000022,0.000007,0.000002,0.000001,0.000000,0.000000,0.000000]
1.570796,1.000000,[0.000000,0.000000,0.000000,-0.000000,-0.000000,0.000000,0.000000,-0.000000,-0.000000,0.000000,0.000000,-0.000000,-0.000000,0.000000,0.000000,-0.000000,0.000000,0.000000,0.000000,-0.000000,-0.000000,0.000001,0.000001,-0.000002,-0.000002,0.000005,0.000008,-0.000006,-0.000024,-0.000001,0.000056,0.000046,-0.000090,-0.000178,0.000032,0.000410,0.000342,-0.000482,-0.001206,-0.000408,0.001845,0.002991,0.000317,-0.005007,-0.007194,-0.001102,0.010730,0.017323,0.008018,-0.015797,-0.037327,-0.034841,0.000477,0.053242,0.089507,0.077420,0.009369,-0.090064,-0.176262,-0.208207,-0.167001,-0.058114,0.099757,0.286486,0.483150,0.667621,0.813515,0.899231,0.922214,0.905885,0.890699,0.912899,0.984195,1.085086,1.175125,1.212906,1.174102,1.059176,0.889443,0.696141,0.508920,0.348354,0.223780,0.135200,0.076967,0.041354,0.021000,0.010091,0.004593,0.001982,0.000811,0.000315,0.000116,0.000041,0.000014,0.000004,0.000001,0.000000,0.000000,0.000000]
1.586663,1.000000,[0.000000,-0.000000,0.000000,-0.000000,-0.000000,0.000000,0.000000,-0.000000,-0.000000,0.000000,0.000000,-0.000000,-0.000000,0.000000,0.000000,-0.000000,-0.000000,0.000000,0.000000,-0.000000,-0.000000,0.000001,0.000001,-0.000001,-0.000003,0.000001,0.000009,0.000001,-0.000021,-0.000017,0.000036,0.000067,-0.000028,-0.000171,-0.000094,0.000277,0.000470,-0.000083,-0.001035,-0.000989,0.000857,0.002896,0.001985,-0.002737,-0.007135,-0.004865,0.005469,0.016014,0.014485,-0.004175,-0.029564,-0.040188,-0.019363,0.028922,0.077418,0.090459,0.047318,-0.042001,-0.139944,-0.201379,-0.196064,-0.118680,0.017214,0.191880,0.386342,0.580208,0.748090,0.864215,0.915637,0.913907,0.893619,0.895662,0.944847,1.035997,1.136638,1.203589,1.203020,1.123490,0.977256,0.792032,0.599199,0.424138,0.281568,0.175697,0.103256,0.057253,0.029996,0.014869,0.006982,0.003108,0.001312,0.000526,0.000200,0.000073,0.000025,0.000008,0.000003,0.000001,0.000000,0.000000]
1.602530,1.000000,[0.000000,-0.000000,0.000000,0.000000,-0.000000,-0.000000,0.000000,0.000000,-0.000000,0.000000,0.000000,-0.000000,-0.000000,0.000000,0.000000,-0.000000,-0.000000,0.000000,0.000000,-0.000000,-0.000000,0.000000,0.000001,-0.000000,-0.000003,-0.000001,0.000007,0.000007,-0.000013,-0.000025,0.000012,0.000067,0.000026,-0.000127,-0.000170,0.000113,0.000467,0.000244,-0.000683,-0.001237,-0.000090,0.002245,0.002917,-0.000417,-0.005770,-0.007008,0.000275,0.012251,0.017390,0.005996,-0.018715,-0.038807,-0.033208,0.004753,0.057602,0.090961,0.074661,0.003736,-0.095536,-0.179005,-0.207730,-0.164686,-0.055579,0.102072,0.289185,0.486523,0.670619,0.814240,0.896570,0.917092,0.900971,0.888747,0.915009,0.989235,1.090529,1.178553,1.213174,1.171593,1.055246,0.885595,0.693394,0.507607,0.348265,0.224454,0.136172,0.077911,0.042109,0.021528,0.010424,0.004785,0.002084,0.000862,0.000339,0.000126,0.000045,0.000015,0.000005,0.000001,0.000000,0.000000]
1.618396,1.000000,[0.000000,-0.000000,0.000000,0.000000,-0.000000,-0.000000,0.000000,0.000000,-0.000000,-0.000000,0.000000,0.000000,-0.000000,-0.000000,0.000000,-0.000000,-0.000000,-0.000000,0.000000,0.000000,-0.000000,-0.000000,0.000001,0.000001,-0.000002,-0.000003,0.000004,0.000009,-0.000004,-0.000025,-0.000008,0.000052,0.000060,-0.000065,-0.000189,-0.000037,0.000362,0.000443,-0.000267,-0.001173,-0.000812,0.001285,0.003081,0.001503,-0.003608,-0.007454,-0.003953,0.007117,0.016887,0.013358,-0.006937,-0.031973,-0.040053,-0.016089,0.033614,0.080489,0.089639,0.042742,-0.047876,-0.144114,-0.202339,-0.194466,-0.116201,0.019564,0.194351,0.389509,0.583630,0.750091,0.863131,0.911411,0.908545,0.890049,0.895883,0.948739,1.041541,1.141216,1.205389,1.201729,1.120083,0.973239,0.788692,0.597195,0.423495,0.281918,0.176560,0.104234,0.058107,0.030634,0.015293,0.007237,0.003250,0.001386,0.000561,0.000216,0.000079,0.000028,0.000009,0.000003,0.000001,0.000000]
1.634263,1.000000,[0.000000,-0.000000,0.000000,0.000000,-0.000000,-0.000000,0.000000,0.000000,-0.000000,-0.000000,0.000000,0.000000,-0.000000,-0.000000,0.000000,0.000000,-0.000000,-0.000000,0.000000,0.000000,-0.000000,-0.000000,0.000001,0.000001,-0.000001,-0.000003,0.000001,0.000009,0.000004,-0.000019,-0.000022,0.000028,0.000073,-0.000002,-0.000161,-0.000144,0.000203,0.000502,0.000113,-0.000878,-0.001209,0.000274,0.002605,0.002733,-0.001211,-0.006450,-0.006650,0.001745,0.013665,0.017218,0.003803,-0.021574,-0.040018,-0.031288,0.009116,0.061767,0.092070,0.071655,-0.001864,-0.100746,-0.181488,-0.207201,-0.162521,-0.053196,0.104411,0.292060,0.490027,0.673538,0.814706,0.893664,0.911931,0.896255,0.887088,0.917318,0.994281,1.095816,1.181782,1.213307,1.169056,1.051374,0.881835,0.690719,0.506329,0.348179,0.225110,0.137122,0.078839,0.042854,0.022053,0.010756,0.004978,0.002188,0.000914,0.000363,0.000137,0.000049,0.000017,0.000005,0.000002,0.000000]
1.650129,1.000000,[0.000000,-0.000000,-0.000000,0.000000,0.000000,-0.000000,-0.000000,0.000000,0.000000,-0.000000,0.000000,0.000000,-0.000000,-0.000000,0.000000,0.000000,-0.000000,-0.000000,0.000000,0.000000,-0.000000,-0.000000,0.000000,0.000001,0.000000,-0.000003,-0.000002,0.000007,0.000008,-0.000010,-0.000027,0.000004,0.000065,0.000046,-0.000104,-0.000194,0.000035,0.000438,0.000383,-0.000465,-0.001271,-0.000574,0.001715,0.003178,0.000923,-0.004460,-0.007624,-0.002893,0.008751,0.017563,0.012006,-0.009752,-0.034193,-0.039612,-0.012617,0.038235,0.083258,0.088501,0.038066,-0.053573,-0.147996,-0.203144,-0.192942,-0.113894,0.021852,0.196946,0.392851,0.587075,0.751898,0.861771,0.907041,0.903280,0.886747,0.896361,0.952727,1.046995,1.145604,1.207017,1.200360,1.116697,0.969301,0.785436,0.595244,0.422869,0.282260,0.177403,0.105193,0.058949,0.031265,0.015715,0.007494,0.003393,0.001460,0.000597,0.000233,0.000086,0.000030,0.000010,0.000003,0.000000]
1.665996,1.000000,[0.000000,-0.000000,-0.000000,0.000000,0.000000,-0.000000,-0.000000,0.000000,0.000000,-0.000000,-0.000000,0.000000,0.000000,-0.000000,0.000000,0.000000,-0.000000,-0.000000,-0.000000,0.000000,0.000000,-0.000000,-0.000000,0.000001,0.000001,-0.000002,-0.000003,0.000003,0.000010,-0.000001,-0.000025,-0.000016,0.000045,0.000072,-0.000037,-0.000189,-0.000101,0.000294,0.000509,-0.000046,-0.001056,-0.001121,0.000674,0.002911,0.002442,-0.002046,-0.007029,-0.006123,0.003283,0.014953,0.016809,0.001462,-0.024350,-0.040955,-0.029097,0.013538,0.065719,0.092839,0.068434,-0.007405,-0.105694,-0.183739,-0.206648,-0.160505,-0.050939,0.106797,0.295108,0.493638,0.676355,0.814910,0.890535,0.906757,0.891745,0.885710,0.919807,0.999318,1.100949,1.184819,1.213314,1.166495,1.047558,0.878159,0.688113,0.505086,0.348095,0.225751,0.138053,0.079751,0.043590,0.022574,0.011089,0.005172,0.002293,0.000967,0.000388,0.000148,0.000054,0.000019,0.000006,0.000000]
1.681863,1.000000,[0.000000,-0.000000,-0.000000,0.000000,0.000000,-0.000000,-0.000000,0.000000,0.000000,-0.000000,-0.000000,0.000000,0.000000,-0.000000,-0.000000,0.000000,0.000000,-0.000000,-0.000000,0.000000,0.000000,-0.000000,-0.000000,0.000000,0.000001,-0.000001,-0.000004,-0.000000,0.000009,0.000006,-0.000017,-0.000027,0.000019,0.000075,0.000023,-0.000143,-0.000183,0.000119,0.000498,0.000288,-0.000669,-0.001321,-0.000279,0.002131,0.003179,0.000260,-0.005273,-0.007638,-0.001703,0.010344,0.018032,0.010444,-0.012595,-0.036210,-0.038873,-0.008973,0.042761,0.085720,0.087066,0.033320,-0.059080,-0.151608,-0.203825,-0.191504,-0.111743,0.024107,0.199675,0.396350,0.590517,0.753499,0.860148,0.902550,0.898129,0.883711,0.897081,0.956798,1.052354,1.149806,1.208481,1.198919,1.113334,0.965440,0.782259,0.593345,0.422260,0.282592,0.178227,0.106134,0.059777,0.031891,0.016135,0.007751,0.003538,0.001536,0.000635,0.000250,0.000094,0.000033,0.000012,0.000000]
1.697729,1.000000,[0.000000,0.000000,-0.000000,-0.000000,0.000000,0.000000,-0.000000,-0.000000,0.000000,-0.000000,-0.000000,0.000000,0.000000,-0.000000,-0.000000,0.000000,0.000000,-0.000000,-0.000000,0.000000,0.000000,-0.000000,-0.000000,0.000000,0.000001,0.000000,-0.000003,-0.000003,0.000006,0.000010,-0.000007,-0.000029,-0.000005,0.000060,0.000063,-0.000075,-0.000206,-0.000042,0.000382,0.000486,-0.000228,-0.001207,-0.000971,0.001096,0.003151,0.002046,-0.002903,-0.007493,-0.005435,0.004866,0.016097,0.016169,-0.001003,-0.027022,-0.041612,-0.026652,0.017991,0.069442,0.093279,0.065025,-0.012864,-0.110383,-0.185784,-0.206095,-0.158635,-0.048783,0.109253,0.298326,0.497332,0.679050,0.814854,0.887202,0.901589,0.887446,0.884603,0.922460,1.004339,1.105927,1.187673,1.213203,1.163916,1.043798,0.874566,0.685573,0.503875,0.348013,0.226376,0.138964,0.080647,0.044318,0.023092,0.011422,0.005368,0.002400,0.001021,0.000414,0.000160,0.000059,0.000021,0.000000]
1.713596,1.000000,[0.000000,0.000000,-0.000000,-0.000000,0.000000,0.000000,-0.000000,-0.000000,0.000000,0.000000,-0.000000,-0.000000,0.000000,0.000000,-0.000000,0.000000,0.000000,0.000000,-0.000000,-0.000000,0.000000,0.000000,-0.000000,-0.000000,0.000001,0.000001,-0.000002,-0.000004,0.000002,0.000011,0.000002,-0.000024,-0.000022,0.000035,0.000080,-0.000007,-0.000177,-0.000156,0.000210,0.000537,0.000162,-0.000869,-0.001318,0.000064,0.002518,0.003079,-0.000473,-0.006029,-0.007494,-0.000401,0.011876,0.018289,0.008689,-0.015441,-0.038010,-0.037842,-0.005181,0.047168,0.087872,0.085356,0.028534,-0.064388,-0.154970,-0.204411,-0.190164,-0.109732,0.026356,0.202548,0.399990,0.593930,0.754884,0.858273,0.897962,0.893105,0.880937,0.898028,0.960935,1.057613,1.153827,1.209790,1.197413,1.109996,0.961652,0.779158,0.591495,0.421666,0.282916,0.179033,0.107057,0.060594,0.032510,0.016555,0.008010,0.003685,0.001614,0.000673,0.000268,0.000101,0.000038,0.000000]
1.729463,1.000000,[0.000000,0.000000,-0.000000,-0.000000,0.000000,0.000000,-0.000000,-0.000000,0.000000,0.000000,-0.000000,-0.000000,0.000000,0.000000,-0.000000,-0.000000,0.000000,0.000000,-0.000000,-0.000000,0.000000,0.000000,-0.000000,-0.000000,0.000000,0.000001,-0.000000,-0.000004,-0.000001,0.000009,0.000008,-0.000014,-0.000030,0.000008,0.000074,0.000047,-0.000116,-0.000210,0.000032,0.000461,0.000431,-0.000427,-0.001322,-0.000761,0.001528,0.003313,0.001554,-0.003762,-0.007831,-0.004596,0.006471,0.017084,0.015305,-0.003571,-0.029568,-0.041988,-0.023973,0.022449,0.072923,0.093403,0.061458,-0.018220,-0.114822,-0.187651,-0.205561,-0.156905,-0.046701,0.111796,0.301706,0.501083,0.681603,0.814541,0.883686,0.896447,0.883364,0.883756,0.925261,1.009332,1.110751,1.190351,1.212982,1.161320,1.040093,0.871051,0.683097,0.502696,0.347933,0.226986,0.139856,0.081528,0.045036,0.023606,0.011754,0.005566,0.002508,0.001077,0.000440,0.000171,0.000066,0.000000]
1.745329,1.000000,[0.000000,0.000000,0.000000,-0.000000,-0.000000,0.000000,0.000000,-0.000000,0.000000,0.000000,-0.000000,-0.000000,0.000000,0.000000,-0.000000,-0.000000,0.000000,0.000000,-0.000000,-0.000000,0.000000,0.000000,-0.000000,-0.000000,-0.000000,0.000001,0.000001,-0.000003,-0.000003,0.000005,0.000011,-0.000004,-0.000029,-0.000014,0.000053,0.000077,-0.000043,-0.000205,-0.000112,0.000304,0.000550,0.000007,-0.001057,-0.001257,0.000447,0.002864,0.002878,-0.001260,-0.006710,-0.007192,0.000994,0.013327,0.018332,0.006757,-0.018267,-0.039582,-0.036531,-0.001268,0.051435,0.089716,0.083397,0.023735,-0.069492,-0.158101,-0.204927,-0.188926,-0.107840,0.028620,0.205568,0.403752,0.597290,0.756046,0.856161,0.893297,0.888221,0.878421,0.899187,0.965128,1.062769,1.157672,1.210953,1.195847,1.106683,0.957936,0.776130,0.589691,0.421087,0.283232,0.179820,0.107963,0.061399,0.033124,0.016972,0.008269,0.003834,0.001693,0.000713,0.000285,0.000114,0.000000]
1.761196,1.000000,[0.000000,0.000000,0.000000,-0.000000,-0.000000,0.000000,0.000000,-0.000000,-0.000000,0.000000,0.000000,-0.000000,-0.000000,0.000000,-0.000000,-0.000000,0.000000,0.000000,0.000000,-0.000000,-0.000000,0.000000,0.000000,-0.000000,-0.000000,0.000001,0.000001,-0.000001,-0.000004,0.000001,0.000011,0.000005,-0.000021,-0.000028,0.000024,0.000083,0.000022,-0.000156,-0.000199,0.000117,0.000525,0.000344,-0.000633,-0.001395,-0.000494,0.001955,0.003390,0.000973,-0.004606,-0.008035,-0.003617,0.008076,0.017902,0.014225,-0.006218,-0.031970,-0.042083,-0.021080,0.026886,0.076150,0.093224,0.057761,-0.023456,-0.119020,-0.189367,-0.205062,-0.155305,-0.044671,0.114440,0.305241,0.504869,0.683998,0.813976,0.880006,0.891350,0.879500,0.883157,0.928195,1.014291,1.115424,1.192861,1.212657,1.158713,1.036442,0.867612,0.680681,0.501546,0.347854,0.227582,0.140730,0.082395,0.045746,0.024117,0.012087,0.005765,0.002618,0.001134,0.000467,0.000193,0.000000]
