t,c,u
0.019040,1.000000,[0.000000,0.000000,0.000000,0.000000,0.000000,0.000000,0.000000,0.000000,0.000000,0.000000,0.000000,0.000000,0.000000,0.000000,0.000000,-0.600000,1.000000,1.000000,1.000000,1.000000,1.000000,1.000000,1.000000,1.000000,1.000000,1.000000,1.000000,1.000000,1.000000,1.000000,1.000000,1.600000,0.000000,0.000000,0.000000,0.000000,0.000000,0.000000,0.000000,0.000000,0.000000,0.000000,0.000000,0.000000,0.000000,0.000000,0.000000,0.000000,0.000000,0.000000,0.000000,0.000000,0.000000,0.000000,0.000000,0.000000,0.000000,0.000000,0.000000,0.000000,0.000000,0.000000,0.000000,0.000000,0.000000,0.000000,0.000000,0.000000,0.000000,0.000000,0.000000,0.000000,0.000000,0.000000,0.000000,0.000000,0.000000,0.000000,0.000000,0.000000,0.000000,0.000000,0.000000,0.000000,0.000000,0.000000,0.000000,0.000000,0.000000,0.000000,0.000000,0.000000,0.000000,0.000000,0.000000,0.000000,0.000000,0.000000,0.000000,0.000000]
0.038080,1.000000,[0.000000,0.000000,0.000000,0.000000,0.000000,0.000000,0.000000,0.000000,0.000000,0.000000,0.000000,0.000000,0.000000,0.000000,0.360000,-1.560000,1.000000,1.000000,1.000000,1.000000,1.000000,1.000000,1.000000,1.000000,1.000000,1.000000,1.000000,1.000000,1.000000,1.000000,0.640000,2.560000,0.000000,0.000000,0.000000,0.000000,0.000000,0.000000,0.000000,0.000000,0.000000,0.000000,0.000000,0.000000,0.000000,0.000000,0.000000,0.000000,0.000000,0.000000,0.000000,0.000000,0.000000,0.000000,0.000000,0.000000,0.000000,0.000000,0.000000,0.000000,0.000000,0.000000,0.000000,0.000000,0.000000,0.000000,0.000000,0.000000,0.000000,0.000000,0.000000,0.000000,0.000000,0.000000,0.000000,0.000000,0.000000,0.000000,0.000000,0.000000,0.000000,0.000000,0.000000,0.000000,0.000000,0.000000,0.000000,0.000000,0.000000,0.000000,0.000000,0.000000,0.000000,0.000000,0.000000,0.000000,0.000000,0.000000,0.000000,0.000000]
0.057120,1.000000,[0.000000,0.000000,0.000000,0.000000,0.000000,0.000000,0.000000,0.000000,0.000000,0.000000,0.000000,0.000000,0.000000,-0.216000,1.512000,-3.096000,1.000000,1.000000,1.000000,1.000000,1.000000,1.000000,1.000000,1.000000,1.000000,1.000000,1.000000,1.000000,1.000000,1.216000,-0.512000,4.096000,0.000000,0.000000,0.000000,0.000000,0.000000,0.000000,0.000000,0.000000,0.000000,0.000000,0.000000,0.000000,0.000000,0.000000,0.000000,0.000000,0.000000,0.000000,0.000000,0.000000,0.000000,0.000000,0.000000,0.000000,0.000000,0.000000,0.000000,0.000000,0.000000,0.000000,0.000000,0.000000,0.000000,0.000000,0.000000,0.000000,0.000000,0.000000,0.000000,0.000000,0.000000,0.000000,0.000000,0.000000,0.000000,0.000000,0.000000,0.000000,0.000000,0.000000,0.000000,0.000000,0.000000,0.000000,0.000000,0.000000,0.000000,0.000000,0.000000,0.000000,0.000000,0.000000,0.000000,0.000000,0.000000,0.000000,0.000000,0.000000]
0.076160,1.000000,[0.000000,0.000000,0.000000,0.000000,0.000000,0.000000,0.000000,0.000000,0.000000,0.000000,0.000000,0.000000,0.129600,-1.252800,4.276800,-5.553600,1.000000,1.000000,1.000000,1.000000,1.000000,1.000000,1.000000,1.000000,1.000000,1.000000,1.000000,1.000000,0.870400,2.252800,-3.276800,6.553600,0.000000,0.000000,0.000000,0.000000,0.000000,0.000000,0.000000,0.000000,0.000000,0.000000,0.000000,0.000000,0.000000,0.000000,0.000000,0.000000,0.000000,0.000000,0.000000,0.000000,0.000000,0.000000,0.000000,0.000000,0.000000,0.000000,0.000000,0.000000,0.000000,0.000000,0.000000,0.000000,0.000000,0.000000,0.000000,0.000000,0.000000,0.000000,0.000000,0.000000,0.000000,0.000000,0.000000,0.000000,0.000000,0.000000,0.000000,0.000000,0.000000,0.000000,0.000000,0.000000,0.000000,0.000000,0.000000,0.000000,0.000000,0.000000,0.000000,0.000000,0.000000,0.000000,0.000000,0.000000,0.000000,0.000000,0.000000,0.000000]
0.095200,1.000000,[0.000000,0.000000,0.000000,0.000000,0.000000,0.000000,0.000000,0.000000,0.000000,0.000000,0.000000,-0.077760,0.959040,-4.570560,10.175040,-9.485760,1.000000,1.000000,1.000000,1.000000,1.000000,1.000000,1.000000,1.000000,1.000000,1.000000,1.000000,1.077760,0.040960,5.570560,-9.175040,10.485760,0.000000,0.000000,0.000000,0.000000,0.000000,0.000000,0.000000,0.000000,0.000000,0.000000,0.000000,0.000000,0.000000,0.000000,0.000000,0.000000,0.000000,0.000000,0.000000,0.000000,0.000000,0.000000,0.000000,0.000000,0.000000,0.000000,0.000000,0.000000,0.000000,0.000000,0.000000,0.000000,0.000000,0.000000,0.000000,0.000000,0.000000,0.000000,0.000000,0.000000,0.000000,0.000000,0.000000,0.000000,0.000000,0.000000,0.000000,0.000000,0.000000,0.000000,0.000000,0.000000,0.000000,0.000000,0.000000,0.000000,0.000000,0.000000,0.000000,0.000000,0.000000,0.000000,0.000000,0.000000,0.000000,0.000000,0.000000,0.000000]
0.114240,1.000000,[0.000000,0.000000,0.000000,0.000000,0.000000,0.000000,0.000000,0.000000,0.000000,0.000000,0.046656,-0.699840,4.276800,-13.417920,21.971520,-15.777216,1.000000,1.000000,1.000000,1.000000,1.000000,1.000000,1.000000,1.000000,1.000000,1.000000,0.953344,1.699840,-3.276800,14.417920,-20.971520,16.777216,0.000000,0.000000,0.000000,0.000000,0.000000,0.000000,0.000000,0.000000,0.000000,0.000000,0.000000,0.000000,0.000000,0.000000,0.000000,0.000000,0.000000,0.000000,0.000000,0.000000,0.000000,0.000000,0.000000,0.000000,0.000000,0.000000,0.000000,0.000000,0.000000,0.000000,0.000000,0.000000,0.000000,0.000000,0.000000,0.000000,0.000000,0.000000,0.000000,0.000000,0.000000,0.000000,0.000000,0.000000,0.000000,0.000000,0.000000,0.000000,0.000000,0.000000,0.000000,0.000000,0.000000,0.000000,0.000000,0.000000,0.000000,0.000000,0.000000,0.000000,0.000000,0.000000,0.000000,0.000000,0.000000,0.000000,0.000000,0.000000]
0.133280,1.000000,[0.000000,0.000000,0.000000,0.000000,0.000000,0.000000,0.000000,0.000000,0.000000,-0.027994,0.494554,-3.685824,14.893632,-34.651584,44.620762,-25.843546,1.000000,1.000000,1.000000,1.000000,1.000000,1.000000,1.000000,1.000000,1.000000,1.027994,0.505446,4.685824,-13.893632,35.651584,-43.620762,26.843546,0.000000,0.000000,0.000000,0.000000,0.000000,0.000000,0.000000,0.000000,0.000000,0.000000,0.000000,0.000000,0.000000,0.000000,0.000000,0.000000,0.000000,0.000000,0.000000,0.000000,0.000000,0.000000,0.000000,0.000000,0.000000,0.000000,0.000000,0.000000,0.000000,0.000000,0.000000,0.000000,0.000000,0.000000,0.000000,0.000000,0.000000,0.000000,0.000000,0.000000,0.000000,0.000000,0.000000,0.000000,0.000000,0.000000,0.000000,0.000000,0.000000,0.000000,0.000000,0.000000,0.000000,0.000000,0.000000,0.000000,0.000000,0.000000,0.000000,0.000000,0.000000,0.000000,0.000000,0.000000,0.000000,0.000000,0.000000,0.000000]
0.152320,1.000000,[0.000000,0.000000,0.000000,0.000000,0.000000,0.000000,0.000000,0.000000,0.016796,-0.341522,3.002780,-14.833498,44.620762,-82.214991,86.899346,-41.949673,1.000000,1.000000,1.000000,1.000000,1.000000,1.000000,1.000000,1.000000,0.983204,1.341522,-2.002780,15.833498,-43.620762,83.214991,-85.899346,42.949673,0.000000,0.000000,0.000000,0.000000,0.000000,0.000000,0.000000,0.000000,0.000000,0.000000,0.000000,0.000000,0.000000,0.000000,0.000000,0.000000,0.000000,0.000000,0.000000,0.000000,0.000000,0.000000,0.000000,0.000000,0.000000,0.000000,0.000000,0.000000,0.000000,0.000000,0.000000,0.000000,0.000000,0.000000,0.000000,0.000000,0.000000,0.000000,0.000000,0.000000,0.000000,0.000000,0.000000,0.000000,0.000000,0.000000,0.000000,0.000000,0.000000,0.000000,0.000000,0.000000,0.000000,0.000000,0.000000,0.000000,0.000000,0.000000,0.000000,0.000000,0.000000,0.000000,0.000000,0.000000,0.000000,0.000000,0.000000,0.000000]
0.171360,1.000000,[0.000000,0.000000,0.000000,0.000000,0.000000,0.000000,0.000000,-0.010078,0.231787,-2.348103,13.704547,-50.506053,120.722213,-183.683594,164.208757,-67.719477,1.000000,1.000000,1.000000,1.000000,1.000000,1.000000,1.000000,1.010078,0.768213,3.348103,-12.704547,51.506053,-119.722213,184.683594,-163.208757,68.719477,0.000000,0.000000,0.000000,0.000000,0.000000,0.000000,0.000000,0.000000,0.000000,0.000000,0.000000,0.000000,0.000000,0.000000,0.000000,0.000000,0.000000,0.000000,0.000000,0.000000,0.000000,0.000000,0.000000,0.000000,0.000000,0.000000,0.000000,0.000000,0.000000,0.000000,0.000000,0.000000,0.000000,0.000000,0.000000,0.000000,0.000000,0.000000,0.000000,0.000000,0.000000,0.000000,0.000000,0.000000,0.000000,0.000000,0.000000,0.000000,0.000000,0.000000,0.000000,0.000000,0.000000,0.000000,0.000000,0.000000,0.000000,0.000000,0.000000,0.000000,0.000000,0.000000,0.000000,0.000000,0.000000,0.000000,0.000000,0.000000]
0.190400,1.000000,[0.000000,0.000000,0.000000,0.000000,0.000000,0.000000,0.006047,-0.155197,1.779721,-11.979693,52.230907,-153.243013,303.365698,-392.419004,303.365698,-108.951163,1.000000,1.000000,1.000000,1.000000,1.000000,1.000000,0.993953,1.155197,-0.779721,12.979693,-51.230907,154.243013,-302.365698,393.419004,-302.365698,109.951163,0.000000,0.000000,0.000000,0.000000,0.000000,0.000000,0.000000,0.000000,0.000000,0.000000,0.000000,0.000000,0.000000,0.000000,0.000000,0.000000,0.000000,0.000000,0.000000,0.000000,0.000000,0.000000,0.000000,0.000000,0.000000,0.000000,0.000000,0.000000,0.000000,0.000000,0.000000,0.000000,0.000000,0.000000,0.000000,0.000000,0.000000,0.000000,0.000000,0.000000,0.000000,0.000000,0.000000,0.000000,0.000000,0.000000,0.000000,0.000000,0.000000,0.000000,0.000000,0.000000,0.000000,0.000000,0.000000,0.000000,0.000000,0.000000,0.000000,0.000000,0.000000,0.000000,0.000000,0.000000,0.000000,0.000000,0.000000,0.000000]
0.209440,1.000000,[0.000000,0.000000,0.000000,0.000000,0.000000,-0.003628,0.102792,-1.316147,10.035370,-50.506053,175.515259,-427.208239,720.836519,-809.889825,550.755814,-174.921860,1.000000,1.000000,1.000000,1.000000,1.000000,1.003628,0.897208,2.316147,-9.035370,51.506053,-174.515259,428.208239,-719.836519,810.889825,-549.755814,175.921860,0.000000,0.000000,0.000000,0.000000,0.000000,0.000000,0.000000,0.000000,0.000000,0.000000,0.000000,0.000000,0.000000,0.000000,0.000000,0.000000,0.000000,0.000000,0.000000,0.000000,0.000000,0.000000,0.000000,0.000000,0.000000,0.000000,0.000000,0.000000,0.000000,0.000000,0.000000,0.000000,0.000000,0.000000,0.000000,0.000000,0.000000,0.000000,0.000000,0.000000,0.000000,0.000000,0.000000,0.000000,0.000000,0.000000,0.000000,0.000000,0.000000,0.000000,0.000000,0.000000,0.000000,0.000000,0.000000,0.000000,0.000000,0.000000,0.000000,0.000000,0.000000,0.000000,0.000000,0.000000,0.000000,0.000000,0.000000,0.000000]
0.228479,1.000000,[0.000000,0.000000,0.000000,0.000000,0.002177,-0.067480,0.954156,-8.127057,46.360223,-186.118840,537.149357,-1116.035094,1639.272325,-1626.277209,986.162418,-280.474977,1.000000,1.000000,1.000000,1.000000,0.997823,1.067480,0.045844,9.127057,-45.360223,187.118840,-536.149357,1117.035094,-1638.272325,1627.277209,-985.162418,281.474977,0.000000,0.000000,0.000000,0.000000,0.000000,0.000000,0.000000,0.000000,0.000000,0.000000,0.000000,0.000000,0.000000,0.000000,0.000000,0.000000,0.000000,0.000000,0.000000,0.000000,0.000000,0.000000,0.000000,0.000000,0.000000,0.000000,0.000000,0.000000,0.000000,0.000000,0.000000,0.000000,0.000000,0.000000,0.000000,0.000000,0.000000,0.000000,0.000000,0.000000,0.000000,0.000000,0.000000,0.000000,0.000000,0.000000,0.000000,0.000000,0.000000,0.000000,0.000000,0.000000,0.000000,0.000000,0.000000,0.000000,0.000000,0.000000,0.000000,0.000000,0.000000,0.000000,0.000000,0.000000,0.000000,0.000000,0.000000,0.000000]
0.247519,1.000000,[0.000000,0.000000,0.000000,-0.001306,0.043971,-0.680462,6.402884,-40.819425,185.847661,-620.079759,1529.060029,-2769.219546,3598.602046,-3193.740986,1746.144856,-449.359963,1.000000,1.000000,1.000000,1.001306,0.956029,1.680462,-5.402884,41.819425,-184.847661,621.079759,-1528.060029,2770.219546,-3597.602046,3194.740986,-1745.144856,450.359963,0.000000,0.000000,0.000000,0.000000,0.000000,0.000000,0.000000,0.000000,0.000000,0.000000,0.000000,0.000000,0.000000,0.000000,0.000000,0.000000,0.000000,0.000000,0.000000,0.000000,0.000000,0.000000,0.000000,0.000000,0.000000,0.000000,0.000000,0.000000,0.000000,0.000000,0.000000,0.000000,0.000000,0.000000,0.000000,0.000000,0.000000,0.000000,0.000000,0.000000,0.000000,0.000000,0.000000,0.000000,0.000000,0.000000,0.000000,0.000000,0.000000,0.000000,0.000000,0.000000,0.000000,0.000000,0.000000,0.000000,0.000000,0.000000,0.000000,0.000000,0.000000,0.000000,0.000000,0.000000,0.000000,0.000000,0.000000,0.000000]
0.266559,1.000000,[0.000000,0.000000,0.000784,-0.028472,0.478631,-4.930470,34.736270,-176.819678,669.404114,-1909.563631,4108.027773,-6589.912502,7674.007865,-6157.672490,3063.447747,-719.575940,1.000000,1.000000,0.999216,1.028472,0.521369,5.930470,-33.736270,177.819678,-668.404114,1910.563631,-4107.027773,6590.912502,-7673.007865,6158.672490,-3062.447747,720.575940,0.000000,0.000000,0.000000,0.000000,0.000000,0.000000,0.000000,0.000000,0.000000,0.000000,0.000000,0.000000,0.000000,0.000000,0.000000,0.000000,0.000000,0.000000,0.000000,0.000000,0.000000,0.000000,0.000000,0.000000,0.000000,0.000000,0.000000,0.000000,0.000000,0.000000,0.000000,0.000000,0.000000,0.000000,0.000000,0.000000,0.000000,0.000000,0.000000,0.000000,0.000000,0.000000,0.000000,0.000000,0.000000,0.000000,0.000000,0.000000,0.000000,0.000000,0.000000,0.000000,0.000000,0.000000,0.000000,0.000000,0.000000,0.000000,0.000000,0.000000,0.000000,0.000000,0.000000,0.000000,0.000000,0.000000,0.000000,0.000000]
0.285599,1.000000,[0.000000,-0.000470,0.018337,-0.332734,3.724091,-28.730514,161.669839,-684.553952,2216.784761,-5520.118474,10526.791938,-15148.264722,15973.016078,-11690.344633,5333.261959,-1151.921505,1.000000,1.000470,0.981663,1.332734,-2.724091,29.730514,-160.669839,685.553952,-2215.784761,5521.118474,-10525.791938,15149.264722,-15972.016078,11691.344633,-5332.261959,1152.921505,0.000000,0.000000,0.000000,0.000000,0.000000,0.000000,0.000000,0.000000,0.000000,0.000000,0.000000,0.000000,0.000000,0.000000,0.000000,0.000000,0.000000,0.000000,0.000000,0.000000,0.000000,0.000000,0.000000,0.000000,0.000000,0.000000,0.000000,0.000000,0.000000,0.000000,0.000000,0.000000,0.000000,0.000000,0.000000,0.000000,0.000000,0.000000,0.000000,0.000000,0.000000,0.000000,0.000000,0.000000,0.000000,0.000000,0.000000,0.000000,0.000000,0.000000,0.000000,0.000000,0.000000,0.000000,0.000000,0.000000,0.000000,0.000000,0.000000,0.000000,0.000000,0.000000,0.000000,0.000000,0.000000,0.000000,0.000000,0.000000]
0.304639,1.000000,[0.000000,-0.011755,0.228980,-2.766830,23.196855,-142.970726,669.404114,-2425.357180,6858.926701,-15148.264722,25931.825934,-33821.033202,32571.032505,-21904.508588,9224.372037,-1843.674407,0.999718,1.011755,0.771020,3.766830,-22.196855,143.970726,-668.404114,2426.357180,-6857.926701,15149.264722,-25930.825934,33822.033202,-32570.032505,21905.508588,-9223.372037,1844.674407,0.000000,0.000000,0.000000,0.000000,0.000000,0.000000,0.000000,0.000000,0.000000,0.000000,0.000000,0.000000,0.000000,0.000000,0.000000,0.000000,0.000000,0.000000,0.000000,0.000000,0.000000,0.000000,0.000000,0.000000,0.000000,0.000000,0.000000,0.000000,0.000000,0.000000,0.000000,0.000000,0.000000,0.000000,0.000000,0.000000,0.000000,0.000000,0.000000,0.000000,0.000000,0.000000,0.000000,0.000000,0.000000,0.000000,0.000000,0.000000,0.000000,0.000000,0.000000,0.000000,0.000000,0.000000,0.000000,0.000000,0.000000,0.000000,0.000000,0.000000,0.000000,0.000000,0.000000,0.000000,0.000000,0.000000,0.000000,0.000000]
0.323679,1.000000,[0.000000,-0.156195,2.026466,-18.345040,122.897403,-630.395630,2526.260890,-7995.927509,20063.241555,-39796.319115,61783.541416,-73656.272626,65256.357161,-40581.836962,15865.199903,-2950.478883,0.992496,1.156195,-1.026466,19.345040,-121.897403,631.395630,-2525.260890,7996.927509,-20062.241555,39797.319115,-61782.541416,73657.272626,-65255.357161,40582.836962,-15864.199903,2951.479052,0.000000,0.000000,0.000000,0.000000,0.000000,0.000000,0.000000,0.000000,0.000000,0.000000,0.000000,0.000000,0.000000,0.000000,0.000000,0.000000,0.000000,0.000000,0.000000,0.000000,0.000000,0.000000,0.000000,0.000000,0.000000,0.000000,0.000000,0.000000,0.000000,0.000000,0.000000,0.000000,0.000000,0.000000,0.000000,0.000000,0.000000,0.000000,0.000000,0.000000,0.000000,0.000000,0.000000,0.000000,0.000000,0.000000,0.000000,0.000000,0.000000,0.000000,0.000000,0.000000,0.000000,0.000000,0.000000,0.000000,0.000000,0.000000,0.000000,0.000000,0.000000,0.000000,0.000000,0.000000,0.000000,0.000000,0.000000,0.000000]
0.342719,1.000000,[0.000000,-1.465792,14.249370,-103.090507,574.873223,-2524.389542,8839.573929,-24831.428948,55978.977957,-100744.235434,143047.429841,-157003.850497,128759.273634,-74450.059081,27154.607175,-4721.361710,0.894276,2.465792,-13.249370,104.090507,-573.873223,2525.389542,-8838.573929,24832.428948,-55977.977957,100745.235434,-143046.429841,157004.850497,-128758.273634,74451.059081,-27153.607277,4722.366483,0.000000,0.000000,0.000000,0.000000,0.000000,0.000000,0.000000,0.000000,0.000000,0.000000,0.000000,0.000000,0.000000,0.000000,0.000000,0.000000,0.000000,0.000000,0.000000,0.000000,0.000000,0.000000,0.000000,0.000000,0.000000,0.000000,0.000000,0.000000,0.000000,0.000000,0.000000,0.000000,0.000000,0.000000,0.000000,0.000000,0.000000,0.000000,0.000000,0.000000,0.000000,0.000000,0.000000,0.000000,0.000000,0.000000,0.000000,0.000000,0.000000,0.000000,0.000000,0.000000,0.000000,0.000000,0.000000,0.000000,0.000000,0.000000,0.000000,0.000000,0.000000,0.000000,0.000000,0.000000,0.000000,0.000000,0.000000,0.000000]
0.361759,1.000000,[0.000000,-10.894889,84.653296,-509.868744,2434.430882,-9342.767624,29042.175656,-73317.673090,150012.905992,-247019.234599,323078.198044,-328461.724976,250684.873264,-135412.858835,46280.188506,-7554.715301,-0.048634,11.894889,-83.653296,510.868744,-2433.430882,9343.767624,-29041.175656,73318.673090,-150011.905992,247020.234599,-323077.198044,328462.724976,-250683.873264,135413.858896,-46279.191532,7555.786373,0.000000,0.000000,0.000000,0.000000,0.000000,0.000000,0.000000,0.000000,0.000000,0.000000,0.000000,0.000000,0.000000,0.000000,0.000000,0.000000,0.000000,0.000000,0.000000,0.000000,0.000000,0.000000,0.000000,0.000000,0.000000,0.000000,0.000000,0.000000,0.000000,0.000000,0.000000,0.000000,0.000000,0.000000,0.000000,0.000000,0.000000,0.000000,0.000000,0.000000,0.000000,0.000000,0.000000,0.000000,0.000000,0.000000,0.000000,0.000000,0.000000,0.000000,0.000000,0.000000,0.000000,0.000000,0.000000,0.000000,0.000000,0.000000,0.000000,0.000000,0.000000,0.000000,0.000000,0.000000,0.000000,0.000000,0.000000,0.000000]
0.380799,1.000000,[0.000000,-68.223800,441.366519,-2276.448520,9500.749986,-32373.733592,90458.084903,-207316.020540,388232.190346,-589077.694185,714002.151857,-675949.683921,482343.512524,-244428.687240,78581.130790,-12087.515301,-7.214748,69.223800,-440.366519,2277.448520,-9499.749986,32374.733592,-90457.084903,207317.020540,-388231.190346,589078.694185,-714001.151857,675950.683921,-482342.512560,244429.689153,-78580.178275,12089.258196,0.000000,0.000000,0.000000,0.000000,0.000000,0.000000,0.000000,0.000000,0.000000,0.000000,0.000000,0.000000,0.000000,0.000000,0.000000,0.000000,0.000000,0.000000,0.000000,0.000000,0.000000,0.000000,0.000000,0.000000,0.000000,0.000000,0.000000,0.000000,0.000000,0.000000,0.000000,0.000000,0.000000,0.000000,0.000000,0.000000,0.000000,0.000000,0.000000,0.000000,0.000000,0.000000,0.000000,0.000000,0.000000,0.000000,0.000000,0.000000,0.000000,0.000000,0.000000,0.000000,0.000000,0.000000,0.000000,0.000000,0.000000,0.000000,0.000000,0.000000,0.000000,0.000000,0.000000,0.000000,0.000000,0.000000,0.000000,0.000000]
0.399839,1.000000,[0.000000,-373.977992,2072.055543,-9342.767624,34625.440133,-106072.824689,269122.548169,-564644.947071,974618.121065,-1370925.601809,1547973.253323,-1370925.601788,918406.832382,-438234.578058,132982.318444,-19335.695634,-53.077876,374.977992,-2071.055543,9343.767624,-34624.440133,106073.824689,-269121.548169,564645.947071,-974617.121065,1370926.601809,-1547972.253323,1370926.601809,-918405.833588,438235.609610,-132981.840158,19342.813114,0.000000,0.000000,0.000000,0.000000,0.000000,0.000000,0.000000,0.000000,0.000000,0.000000,0.000000,0.000000,0.000000,0.000000,0.000000,0.000000,0.000000,0.000000,0.000000,0.000000,0.000000,0.000000,0.000000,0.000000,0.000000,0.000000,0.000000,0.000000,0.000000,0.000000,0.000000,0.000000,0.000000,0.000000,0.000000,0.000000,0.000000,0.000000,0.000000,0.000000,0.000000,0.000000,0.000000,0.000000,0.000000,0.000000,0.000000,0.000000,0.000000,0.000000,0.000000,0.000000,0.000000,0.000000,0.000000,0.000000,0.000000,0.000000,0.000000,0.000000,0.000000,0.000000,0.000000,0.000000,0.000000,0.000000,0.000000,0.000000]
0.418879,1.000000,[0.000000,-1841.598114,8920.949444,-35723.692278,119044.399026,-331190.048404,769383.045313,-1488202.787953,2381944.354789,-3122264.914889,3299312.566389,-2744525.062289,1732391.678646,-780964.715959,224373.126891,-30905.266288,-309.911398,1842.598114,-8919.949444,35724.692278,-119043.399026,331191.048404,-769382.045313,1488203.787953,-2381943.354789,3122265.914889,-3299311.566402,2744526.063048,-1732390.699508,780966.079471,-224376.632120,30948.500982,0.000000,0.000000,0.000000,0.000000,0.000000,0.000000,0.000000,0.000000,0.000000,0.000000,0.000000,0.000000,0.000000,0.000000,0.000000,0.000000,0.000000,0.000000,0.000000,0.000000,0.000000,0.000000,0.000000,0.000000,0.000000,0.000000,0.000000,0.000000,0.000000,0.000000,0.000000,0.000000,0.000000,0.000000,0.000000,0.000000,0.000000,0.000000,0.000000,0.000000,0.000000,0.000000,0.000000,0.000000,0.000000,0.000000,0.000000,0.000000,0.000000,0.000000,0.000000,0.000000,0.000000,0.000000,0.000000,0.000000,0.000000,0.000000,0.000000,0.000000,0.000000,0.000000,0.000000,0.000000,0.000000,0.000000,0.000000,0.000000]
0.437919,1.000000,[0.000000,-8299.126649,35707.734477,-128584.547061,389185.067484,-991533.904635,2123934.545273,-3810291.073599,5684469.916596,-6975211.403656,6925615.143596,-5430675.106850,3240405.515408,-1384167.421668,377540.162798,-49262.479222,-1601.417105,8300.126649,-35706.734477,128585.547061,-389184.067484,991534.904635,-2123933.545273,3810292.073599,-5684468.916596,6975212.403664,-6925614.144073,5430676.120582,-3240404.766895,1384171.706426,-377571.711982,49517.601571,0.000000,0.000000,0.000000,0.000000,0.000000,0.000000,0.000000,0.000000,0.000000,0.000000,0.000000,0.000000,0.000000,0.000000,0.000000,0.000000,0.000000,0.000000,0.000000,0.000000,0.000000,0.000000,0.000000,0.000000,0.000000,0.000000,0.000000,0.000000,0.000000,0.000000,0.000000,0.000000,0.000000,0.000000,0.000000,0.000000,0.000000,0.000000,0.000000,0.000000,0.000000,0.000000,0.000000,0.000000,0.000000,0.000000,0.000000,0.000000,0.000000,0.000000,0.000000,0.000000,0.000000,0.000000,0.000000,0.000000,0.000000,0.000000,0.000000,0.000000,0.000000,0.000000,0.000000,0.000000,0.000000,0.000000,0.000000,0.000000]
0.456959,1.000000,[0.000000,-34703.243325,134283.103400,-439246.315787,1217616.450755,-2860814.974579,5684469.916596,-9507147.667716,13280278.708747,-15315707.332007,14339389.293864,-10633323.480205,6015149.277654,-2441191.972348,633621.748010,-77859.116493,-7542.343357,34704.243325,-134282.103400,439247.315787,-1217615.450755,2860815.974579,-5684468.916596,9507148.667716,-13280277.708752,15315708.332306,-14339388.302865,10633324.653068,-6015150.650888,2441217.757471,-633825.300114,79228.162514,0.000000,0.000000,0.000000,0.000000,0.000000,0.000000,0.000000,0.000000,0.000000,0.000000,0.000000,0.000000,0.000000,0.000000,0.000000,0.000000,0.000000,0.000000,0.000000,0.000000,0.000000,0.000000,0.000000,0.000000,0.000000,0.000000,0.000000,0.000000,0.000000,0.000000,0.000000,0.000000,0.000000,0.000000,0.000000,0.000000,0.000000,0.000000,0.000000,0.000000,0.000000,0.000000,0.000000,0.000000,0.000000,0.000000,0.000000,0.000000,0.000000,0.000000,0.000000,0.000000,0.000000,0.000000,0.000000,0.000000,0.000000,0.000000,0.000000,0.000000,0.000000,0.000000,0.000000,0.000000,0.000000,0.000000,0.000000,0.000000]
0.475999,1.000000,[0.000000,-136095.051360,478400.754913,-1433363.975712,3664675.305955,-7987985.909284,14799440.467183,-23179603.493594,30437870.333200,-33108765.307530,29323016.958306,-20622407.134921,11088954.027656,-4286080.204563,1060510.266712,-120049.180375,-32890.295365,136096.051360,-478399.754913,1433364.975712,-3664674.305955,7987986.909284,-14799439.467183,23179604.493596,-30437869.333387,33108766.313408,-29323016.076426,20622409.835441,-11088971.695903,4286243.592022,-1061657.377691,126765.060023,0.000000,0.000000,0.000000,0.000000,0.000000,0.000000,0.000000,0.000000,0.000000,0.000000,0.000000,0.000000,0.000000,0.000000,0.000000,0.000000,0.000000,0.000000,0.000000,0.000000,0.000000,0.000000,0.000000,0.000000,0.000000,0.000000,0.000000,0.000000,0.000000,0.000000,0.000000,0.000000,0.000000,0.000000,0.000000,0.000000,0.000000,0.000000,0.000000,0.000000,0.000000,0.000000,0.000000,0.000000,0.000000,0.000000,0.000000,0.000000,0.000000,0.000000,0.000000,0.000000,0.000000,0.000000,0.000000,0.000000,0.000000,0.000000,0.000000,0.000000,0.000000,0.000000,0.000000,0.000000,0.000000,0.000000,0.000000,0.000000]
0.495039,1.000000,[0.000000,-504792.535123,1625459.593288,-4492187.544713,10656272.035098,-21660441.735165,37586866.843650,-55350087.789670,68565851.717638,-70567834.667031,59290271.414242,-39649223.832468,20313974.566988,-7494034.487328,1768845.934964,-172344.511380,-134282.103400,504793.535123,-1625458.593288,4492188.544713,-10656271.035098,21660442.735165,-37586865.843651,55350088.789786,-68565850.721464,70567835.747308,-59290271.623546,39649238.754248,-20314100.868657,7494984.173849,-1774710.840320,202824.096037,0.000000,0.000000,0.000000,0.000000,0.000000,0.000000,0.000000,0.000000,0.000000,0.000000,0.000000,0.000000,0.000000,0.000000,0.000000,0.000000,0.000000,0.000000,0.000000,0.000000,0.000000,0.000000,0.000000,0.000000,0.000000,0.000000,0.000000,0.000000,0.000000,0.000000,0.000000,0.000000,0.000000,0.000000,0.000000,0.000000,0.000000,0.000000,0.000000,0.000000,0.000000,0.000000,0.000000,0.000000,0.000000,0.000000,0.000000,0.000000,0.000000,0.000000,0.000000,0.000000,0.000000,0.000000,0.000000,0.000000,0.000000,0.000000,0.000000,0.000000,0.000000,0.000000,0.000000,0.000000,0.000000,0.000000,0.000000,0.000000]
0.514079,1.000000,[0.000000,-1782943.812170,5296047.876088,-13581263.292599,30046300.297256,-57208826.882454,93349039.623641,-129699651.494055,152046063.548440,-148482698.315795,118653968.562268,-75627142.872141,36998779.999577,-13051762.740703,2933560.202770,-195181.956168,-517727.486514,1782944.812170,-5296046.876088,13581264.292599,-30046299.297256,57208827.882455,-93349038.623714,129699652.496537,-152046062.602727,148482700.169821,-118653977.850222,75627242.527991,-36999551.894161,13056801.182351,-2961231.802133,324518.553658,0.000000,0.000000,0.000000,0.000000,0.000000,0.000000,0.000000,0.000000,0.000000,0.000000,0.000000,0.000000,0.000000,0.000000,0.000000,0.000000,0.000000,0.000000,0.000000,0.000000,0.000000,0.000000,0.000000,0.000000,0.000000,0.000000,0.000000,0.000000,0.000000,0.000000,0.000000,0.000000,0.000000,0.000000,0.000000,0.000000,0.000000,0.000000,0.000000,0.000000,0.000000,0.000000,0.000000,0.000000,0.000000,0.000000,0.000000,0.000000,0.000000,0.000000,0.000000,0.000000,0.000000,0.000000,0.000000,0.000000,0.000000,0.000000,0.000000,0.000000,0.000000,0.000000,0.000000,0.000000,0.000000,0.000000,0.000000,0.000000]
0.533119,1.000000,[0.000000,-6030338.825124,16622434.577301,-39757801.446513,82399376.605083,-147543546.786111,227178254.294259,-298747080.519551,332363320.666980,-308764698.442632,235222635.422913,-143202696.595171,67029105.643745,-22642956.506787,4810805.498132,-1654.637960,-1898130.865725,6030339.825124,-16622433.577301,39757802.446513,-82399375.605083,147543547.786157,-227178253.295864,298747081.556095,-332363320.266256,308764706.981847,-235222710.077150,143203319.181282,-67033363.740069,22667620.973041,-4932682.015608,519229.685853,0.000000,0.000000,0.000000,0.000000,0.000000,0.000000,0.000000,0.000000,0.000000,0.000000,0.000000,0.000000,0.000000,0.000000,0.000000,0.000000,0.000000,0.000000,0.000000,0.000000,0.000000,0.000000,0.000000,0.000000,0.000000,0.000000,0.000000,0.000000,0.000000,0.000000,0.000000,0.000000,0.000000,0.000000,0.000000,0.000000,0.000000,0.000000,0.000000,0.000000,0.000000,0.000000,0.000000,0.000000,0.000000,0.000000,0.000000,0.000000,0.000000,0.000000,0.000000,0.000000,0.000000,0.000000,0.000000,0.000000,0.000000,0.000000,0.000000,0.000000,0.000000,0.000000,0.000000,0.000000,0.000000,0.000000,0.000000,0.000000]
0.552159,1.000000,[0.000000,-19622002.866579,50450576.191589,-113052108.277470,220365130.639799,-372376627.434333,542733455.182545,-677413321.231470,717040132.132748,-635157098.761960,462277834.633763,-269341777.938521,120832342.934064,-39115213.709738,7698281.579787,1136231.098699,-6655213.280234,19622003.866579,-50450575.191589,113052109.277471,-220365129.639828,372376628.435369,-542733454.207040,677413322.649506,-717040136.615118,635157157.217244,-462278327.632209,269345328.934093,-120853954.567935,39227802.766231,-8203829.036485,830767.497366,0.000000,0.000000,0.000000,0.000000,0.000000,0.000000,0.000000,0.000000,0.000000,0.000000,0.000000,0.000000,0.000000,0.000000,0.000000,0.000000,0.000000,0.000000,0.000000,0.000000,0.000000,0.000000,0.000000,0.000000,0.000000,0.000000,0.000000,0.000000,0.000000,0.000000,0.000000,0.000000,0.000000,0.000000,0.000000,0.000000,0.000000,0.000000,0.000000,0.000000,0.000000,0.000000,0.000000,0.000000,0.000000,0.000000,0.000000,0.000000,0.000000,0.000000,0.000000,0.000000,0.000000,0.000000,0.000000,0.000000,0.000000,0.000000,0.000000,0.000000,0.000000,0.000000,0.000000,0.000000,0.000000,0.000000,0.000000,0.000000]
0.571199,1.000000,[0.000000,-61665550.301480,148552186.873025,-313102451.627832,576010185.484279,-921442677.004460,1274821521.030953,-1514085393.250000,1528358470.669572,-1293618058.799394,901249602.177134,-503446250.462072,216800876.920345,-67203310.883453,11635511.868441,5811097.726058,-22421543.568322,61665551.301480,-148552185.873025,313102452.627849,-576010184.484946,921442678.020815,-1274821520.320967,1514085398.208280,-1528358512.914535,1293618448.126916,-901252521.571990,503464899.035310,-216903008.968434,67686781.847860,-13624586.956795,1329227.995785,0.000000,0.000000,0.000000,0.000000,0.000000,0.000000,0.000000,0.000000,0.000000,0.000000,0.000000,0.000000,0.000000,0.000000,0.000000,0.000000,0.000000,0.000000,0.000000,0.000000,0.000000,0.000000,0.000000,0.000000,0.000000,0.000000,0.000000,0.000000,0.000000,0.000000,0.000000,0.000000,0.000000,0.000000,0.000000,0.000000,0.000000,0.000000,0.000000,0.000000,0.000000,0.000000,0.000000,0.000000,0.000000,0.000000,0.000000,0.000000,0.000000,0.000000,0.000000,0.000000,0.000000,0.000000,0.000000,0.000000,0.000000,0.000000,0.000000,0.000000,0.000000,0.000000,0.000000,0.000000,0.000000,0.000000,0.000000,0.000000]
0.590239,1.000000,[0.000000,-187796192.606183,425544969.973538,-846570033.895098,1474481902.977522,-2239201195.825708,2948165669.599525,-3339551711.601744,3221544388.350952,-2610538655.385310,1744067113.760657,-935594526.891521,387203389.602623,-114506604.534589,15130160.353870,22750682.502686,-72873800.490203,187796193.606184,-425544968.973549,846570034.895526,-1474481901.988402,2239201197.025884,-2948165671.438515,3339551744.881968,-3221544689.539406,2610541029.946259,-1744082973.936371,935685643.837556,-387656883.458210,116473603.130653,-22596875.928344,2126764.793256,0.000000,0.000000,0.000000,0.000000,0.000000,0.000000,0.000000,0.000000,0.000000,0.000000,0.000000,0.000000,0.000000,0.000000,0.000000,0.000000,0.000000,0.000000,0.000000,0.000000,0.000000,0.000000,0.000000,0.000000,0.000000,0.000000,0.000000,0.000000,0.000000,0.000000,0.000000,0.000000,0.000000,0.000000,0.000000,0.000000,0.000000,0.000000,0.000000,0.000000,0.000000,0.000000,0.000000,0.000000,0.000000,0.000000,0.000000,0.000000,0.000000,0.000000,0.000000,0.000000,0.000000,0.000000,0.000000,0.000000,0.000000,0.000000,0.000000,0.000000,0.000000,0.000000,0.000000,0.000000,0.000000,0.000000,0.000000,0.000000]
0.609279,1.000000,[0.000000,-555800890.154016,1188813972.294721,-2239201196.018671,3702691762.259460,-5351621315.080849,6720796098.320287,-7276209371.573361,6720794214.592710,-5223302116.872890,3351864098.151964,-1729273276.788008,688229386.084950,-192288663.467664,10557847.064580,80125372.298420,-229275796.948035,555800891.154023,-1188813971.294995,2239201197.025884,-3702691761.396973,5351621318.104523,-6720796121.230805,7276209605.534793,-6720796121.230804,5223315432.275837,-3351944144.600727,1729691160.215016,-690135175.411528,199915890.566051,-37431060.361303,3402823.669209,0.000000,0.000000,0.000000,0.000000,0.000000,0.000000,0.000000,0.000000,0.000000,0.000000,0.000000,0.000000,0.000000,0.000000,0.000000,0.000000,0.000000,0.000000,0.000000,0.000000,0.000000,0.000000,0.000000,0.000000,0.000000,0.000000,0.000000,0.000000,0.000000,0.000000,0.000000,0.000000,0.000000,0.000000,0.000000,0.000000,0.000000,0.000000,0.000000,0.000000,0.000000,0.000000,0.000000,0.000000,0.000000,0.000000,0.000000,0.000000,0.000000,0.000000,0.000000,0.000000,0.000000,0.000000,0.000000,0.000000,0.000000,0.000000,0.000000,0.000000,0.000000,0.000000,0.000000,0.000000,0.000000,0.000000,0.000000,0.000000]
0.628319,1.000000,[0.000000,-1602569807.623259,3245623073.282756,-5804336970.985550,9135279608.663647,-12595071763.121529,15118999380.256475,-15674411523.273003,13887252013.472069,-10368401845.887802,6400546523.115948,-3179774874.511783,1216540215.816519,-313996569.787011,-31182668.075723,265766073.846292,-700321809.809270,1602569808.623434,-3245623072.287522,5804336972.079597,-9135279609.097870,12595071781.705719,-15118999557.290165,15674413041.594151,-13887263053.334789,10368471178.401775,-6400925327.490171,3181586961.590942,-1224165814.998076,342324061.122464,-61931390.779611,5444517.870735,0.000000,0.000000,0.000000,0.000000,0.000000,0.000000,0.000000,0.000000,0.000000,0.000000,0.000000,0.000000,0.000000,0.000000,0.000000,0.000000,0.000000,0.000000,0.000000,0.000000,0.000000,0.000000,0.000000,0.000000,0.000000,0.000000,0.000000,0.000000,0.000000,0.000000,0.000000,0.000000,0.000000,0.000000,0.000000,0.000000,0.000000,0.000000,0.000000,0.000000,0.000000,0.000000,0.000000,0.000000,0.000000,0.000000,0.000000,0.000000,0.000000,0.000000,0.000000,0.000000,0.000000,0.000000,0.000000,0.000000,0.000000,0.000000,0.000000,0.000000,0.000000,0.000000,0.000000,0.000000,0.000000,0.000000,0.000000,0.000000]
0.647358,1.000000,[0.000000,-4511485536.166867,8675599099.843739,-14768106918.775068,22173490431.734749,-29223514449.148331,33595045922.374161,-33411409645.320045,28440644329.087990,-20429770867.290054,12148739361.692585,-5817563928.708764,2134862287.178638,-483684910.813784,-209351913.228933,845418804.039629,-2082056780.868892,4511485537.170008,-8675599098.907793,14768106920.786077,-22173490443.580025,29223514585.103249,-33595047116.620754,33411418698.551514,-28440703592.376728,20430109081.936943,-12150432700.938839,5825038627.544353,-2164059740.670400,584877332.263709,-102356935.969818,8711228.593176,0.000000,0.000000,0.000000,0.000000,0.000000,0.000000,0.000000,0.000000,0.000000,0.000000,0.000000,0.000000,0.000000,0.000000,0.000000,0.000000,0.000000,0.000000,0.000000,0.000000,0.000000,0.000000,0.000000,0.000000,0.000000,0.000000,0.000000,0.000000,0.000000,0.000000,0.000000,0.000000,0.000000,0.000000,0.000000,0.000000,0.000000,0.000000,0.000000,0.000000,0.000000,0.000000,0.000000,0.000000,0.000000,0.000000,0.000000,0.000000,0.000000,0.000000,0.000000,0.000000,0.000000,0.000000,0.000000,0.000000,0.000000,0.000000,0.000000,0.000000,0.000000,0.000000,0.000000,0.000000,0.000000,0.000000,0.000000,0.000000]
0.666398,1.000000,[0.000000,-12423736317.773230,22741822711.015022,-36933065329.080956,53011693360.264595,-66914650672.061821,73798919262.990692,-70522642029.964874,57762893446.914810,-39976877004.679642,22928521335.933395,-10589019658.241205,3705990605.974090,-648284709.364694,-842214343.590070,2601904154.984742,-6038182171.692231,12423736318.816689,-22741822710.724113,36933065339.405739,-53011693460.789993,66914651606.137650,-73798926605.724121,70522692073.108459,-57763191196.964935,39978434151.662415,-22935715498.028755,10618497648.473206,-3813421984.430864,997217893.203825,-168997834.707615,13937965.749082,0.000000,0.000000,0.000000,0.000000,0.000000,0.000000,0.000000,0.000000,0.000000,0.000000,0.000000,0.000000,0.000000,0.000000,0.000000,0.000000,0.000000,0.000000,0.000000,0.000000,0.000000,0.000000,0.000000,0.000000,0.000000,0.000000,0.000000,0.000000,0.000000,0.000000,0.000000,0.000000,0.000000,0.000000,0.000000,0.000000,0.000000,0.000000,0.000000,0.000000,0.000000,0.000000,0.000000,0.000000,0.000000,0.000000,0.000000,0.000000,0.000000,0.000000,0.000000,0.000000,0.000000,0.000000,0.000000,0.000000,0.000000,0.000000,0.000000,0.000000,0.000000,0.000000,0.000000,0.000000,0.000000,0.000000,0.000000,0.000000]
0.685438,1.000000,[0.000000,-33523071735.046181,58546755535.072609,-90899920542.688293,124967499779.660431,-151342792633.093323,160391856038.764038,-147493963316.092682,116406755717.871490,-77720116009.047455,43039045932.438156,-19166025816.770382,6318555795.177361,-531926928.829469,-2908685442.734956,7785955950.990925,-17115333265.997581,33523071736.541168,-58546755540.802025,90899920619.523178,-124967500500.946579,151342798533.254700,-160391897813.023682,147494222035.152496,-116408166406.141342,77726923941.477112,-43068243385.929932,19277649428.215645,-6699805911.011678,1696947329.950689,-278759314.981633,22300745.198531,0.000000,0.000000,0.000000,0.000000,0.000000,0.000000,0.000000,0.000000,0.000000,0.000000,0.000000,0.000000,0.000000,0.000000,0.000000,0.000000,0.000000,0.000000,0.000000,0.000000,0.000000,0.000000,0.000000,0.000000,0.000000,0.000000,0.000000,0.000000,0.000000,0.000000,0.000000,0.000000,0.000000,0.000000,0.000000,0.000000,0.000000,0.000000,0.000000,0.000000,0.000000,0.000000,0.000000,0.000000,0.000000,0.000000,0.000000,0.000000,0.000000,0.000000,0.000000,0.000000,0.000000,0.000000,0.000000,0.000000,0.000000,0.000000,0.000000,0.000000,0.000000,0.000000,0.000000,0.000000,0.000000,0.000000,0.000000,0.000000]
0.704478,1.000000,[0.000000,-88764968097.117462,148214761181.729156,-220420372736.097534,290753675227.312683,-338383581836.207764,345123347651.678040,-305834394736.471191,232882878754.022858,-150175613173.938812,80362088981.963287,-34456774783.939026,10428845429.581459,894128179.513823,-9325470278.970486,22726729481.184029,-47498376267.520828,88764968102.947083,-148214761236.997131,220420373291.805023,-290753679921.467346,338383616341.021729,-345123569721.929321,305835655099.928772,-232889220614.712402,150204024337.921326,-80475779074.417267,34864122631.752037,-11737857855.589096,2882371316.910081,-459395351.089731,35681192.317649,0.000000,0.000000,0.000000,0.000000,0.000000,0.000000,0.000000,0.000000,0.000000,0.000000,0.000000,0.000000,0.000000,0.000000,0.000000,0.000000,0.000000,0.000000,0.000000,0.000000,0.000000,0.000000,0.000000,0.000000,0.000000,0.000000,0.000000,0.000000,0.000000,0.000000,0.000000,0.000000,0.000000,0.000000,0.000000,0.000000,0.000000,0.000000,0.000000,0.000000,0.000000,0.000000,0.000000,0.000000,0.000000,0.000000,0.000000,0.000000,0.000000,0.000000,0.000000,0.000000,0.000000,0.000000,0.000000,0.000000,0.000000,0.000000,0.000000,0.000000,0.000000,0.000000,0.000000,0.000000,0.000000,0.000000,0.000000,0.000000]
0.723518,1.000000,[0.000000,-230952805664.425415,369395841532.425171,-527124801514.143677,668236029465.425049,-748487739528.939209,735697993084.567505,-629064758830.767578,462717973910.799866,-288498234467.480103,149253407241.504669,-61388146912.051315,16149675779.622040,7025887254.604408,-28556790135.063194,64861792930.406944,-129256382889.801575,230952805706.913605,-369395841954.278442,527124805219.768433,-668236057678.960693,748487927978.792358,-735699104615.044189,629070580528.713379,-462745167586.292603,288611906385.324463,-149679720098.118835,62825310924.156715,-20509995359.088600,4887431317.709969,-756441277.134158,57089907.708238,0.000000,0.000000,0.000000,0.000000,0.000000,0.000000,0.000000,0.000000,0.000000,0.000000,0.000000,0.000000,0.000000,0.000000,0.000000,0.000000,0.000000,0.000000,0.000000,0.000000,0.000000,0.000000,0.000000,0.000000,0.000000,0.000000,0.000000,0.000000,0.000000,0.000000,0.000000,0.000000,0.000000,0.000000,0.000000,0.000000,0.000000,0.000000,0.000000,0.000000,0.000000,0.000000,0.000000,0.000000,0.000000,0.000000,0.000000,0.000000,0.000000,0.000000,0.000000,0.000000,0.000000,0.000000,0.000000,0.000000,0.000000,0.000000,0.000000,0.000000,0.000000,0.000000,0.000000,0.000000,0.000000,0.000000,0.000000,0.000000]
0.742558,1.000000,[0.000000,-591161993982.535767,907308227360.366455,-1244341300101.885010,1518270290862.043457,-1638999179097.043457,1554555644233.768555,-1284134398475.708008,913447698937.767822,-551149219492.870972,275638339733.638245,-107910840527.055328,21623948894.632618,28375493688.404968,-84607939974.345276,181332698422.532043,-345381896047.830688,591161994303.628784,-907308230258.706543,1244341322959.005859,-1518270449073.612305,1639000147535.094238,-1554560915701.298828,1284160029397.716797,-913559411969.262817,551586882275.390381,-277182738711.484131,112826494694.103912,-35748451365.167740,8273754874.616445,-1244559988.039596,91343852.333181,0.000000,0.000000,0.000000,0.000000,0.000000,0.000000,0.000000,0.000000,0.000000,0.000000,0.000000,0.000000,0.000000,0.000000,0.000000,0.000000,0.000000,0.000000,0.000000,0.000000,0.000000,0.000000,0.000000,0.000000,0.000000,0.000000,0.000000,0.000000,0.000000,0.000000,0.000000,0.000000,0.000000,0.000000,0.000000,0.000000,0.000000,0.000000,0.000000,0.000000,0.000000,0.000000,0.000000,0.000000,0.000000,0.000000,0.000000,0.000000,0.000000,0.000000,0.000000,0.000000,0.000000,0.000000,0.000000,0.000000,0.000000,0.000000,0.000000,0.000000,0.000000,0.000000,0.000000,0.000000,0.000000,0.000000,0.000000,0.000000]
0.761598,1.000000,[0.000000,-1490244126788.277100,2198297943837.717285,-2901908254680.242188,3412631972837.495605,-3555132073095.530273,3257769669859.454102,-2602683656923.793457,1792205849996.150879,-1047221755028.776489,505767847890.054443,-185631714180.068085,17573022018.369209,96165553886.055115,-244172323012.471649,497361455104.749695,-907308230258.706299,1490244129041.030029,-2198297962189.333984,2901908386178.576660,-3412632807038.835938,3555136785476.929688,-3257793482760.708008,2602791694217.904297,-1792647188516.054688,1048848654867.515137,-511188278754.836914,201971462329.666931,-62161775109.038254,13984743792.210068,-2046102292.263263,146150163.733090,0.000000,0.000000,0.000000,0.000000,0.000000,0.000000,0.000000,0.000000,0.000000,0.000000,0.000000,0.000000,0.000000,0.000000,0.000000,0.000000,0.000000,0.000000,0.000000,0.000000,0.000000,0.000000,0.000000,0.000000,0.000000,0.000000,0.000000,0.000000,0.000000,0.000000,0.000000,0.000000,0.000000,0.000000,0.000000,0.000000,0.000000,0.000000,0.000000,0.000000,0.000000,0.000000,0.000000,0.000000,0.000000,0.000000,0.000000,0.000000,0.000000,0.000000,0.000000,0.000000,0.000000,0.000000,0.000000,0.000000,0.000000,0.000000,0.000000,0.000000,0.000000,0.000000,0.000000,0.000000,0.000000,0.000000,0.000000,0.000000]
0.780638,1.000000,[0.000000,-3703369369163.873047,5258421662948.492188,-6690632391190.884766,7593290400397.310547,-7642873118868.520508,6774041665929.402344,-5239617361075.759766,3495862413011.107422,-1979015516780.075195,920607585132.127930,-307554555899.130432,-29582497102.242340,300368280025.171143,-689092589882.804443,1340163266322.823242,-2345839645838.547852,3703369383779.248047,-5258421771210.080078,6690633102109.023438,-7593294562548.294922,7642894946419.511719,-6774144588947.875000,5240055023858.279297,-3497544694546.196289,1984870815040.926270,-939084123405.539307,360451404792.890015,-107849686449.787247,23603251442.894066,-3361453765.861074,233840261.972944,0.000000,0.000000,0.000000,0.000000,0.000000,0.000000,0.000000,0.000000,0.000000,0.000000,0.000000,0.000000,0.000000,0.000000,0.000000,0.000000,0.000000,0.000000,0.000000,0.000000,0.000000,0.000000,0.000000,0.000000,0.000000,0.000000,0.000000,0.000000,0.000000,0.000000,0.000000,0.000000,0.000000,0.000000,0.000000,0.000000,0.000000,0.000000,0.000000,0.000000,0.000000,0.000000,0.000000,0.000000,0.000000,0.000000,0.000000,0.000000,0.000000,0.000000,0.000000,0.000000,0.000000,0.000000,0.000000,0.000000,0.000000,0.000000,0.000000,0.000000,0.000000,0.000000,0.000000,0.000000,0.000000,0.000000,0.000000,0.000000]
0.799678,1.000000,[0.000000,-9080443988431.292969,12427854095432.117188,-15260986066143.800781,16734988511956.808594,-16293021989747.273438,13982237082132.500000,-10480905225527.878906,6780789170885.816406,-3718789377927.396973,1657504869750.882812,-474337791177.263306,-227552963378.690399,894044801969.956421,-1906646103606.180908,3551765013619.645996,-5975365063609.224609,9080444076772.843750,-12427854695201.542969,15260989700903.414062,-16735008267928.978516,16293118667639.943359,-13982664356631.566406,10482614854900.964844,-6786994000298.470703,3739243778108.805664,-1718805440324.596680,641432059538.496338,-186721449185.396027,39782074568.147148,-5518630182.561485,374144419.156711,0.000000,0.000000,0.000000,0.000000,0.000000,0.000000,0.000000,0.000000,0.000000,0.000000,0.000000,0.000000,0.000000,0.000000,0.000000,0.000000,0.000000,0.000000,0.000000,0.000000,0.000000,0.000000,0.000000,0.000000,0.000000,0.000000,0.000000,0.000000,0.000000,0.000000,0.000000,0.000000,0.000000,0.000000,0.000000,0.000000,0.000000,0.000000,0.000000,0.000000,0.000000,0.000000,0.000000,0.000000,0.000000,0.000000,0.000000,0.000000,0.000000,0.000000,0.000000,0.000000,0.000000,0.000000,0.000000,0.000000,0.000000,0.000000,0.000000,0.000000,0.000000,0.000000,0.000000,0.000000,0.000000,0.000000,0.000000,0.000000]
0.818718,1.000000,[0.000000,-21985422838749.335938,29041158192377.667969,-34458570813004.164062,36551794812979.257812,-34458177432875.136719,28660122466728.726562,-20837921863376.093750,13080536300173.744141,-6944565926534.364258,2936610466307.770508,-622408687856.406982,-900511622587.878418,2574459345315.638672,-5181692773941.676758,9268043059956.968750,-15008850547838.464844,21985423339957.476562,-29041161332864.515625,34458588482202.847656,-36551884429270.328125,34458588482202.843750,-28661831883551.085938,20844380168020.625000,-13102736667342.835938,7014073309168.847656,-3134947940242.452148,1138324164772.831787,-322623563437.521912,66962497418.572327,-9054294943.592403,598631070.650738,0.000000,0.000000,0.000000,0.000000,0.000000,0.000000,0.000000,0.000000,0.000000,0.000000,0.000000,0.000000,0.000000,0.000000,0.000000,0.000000,0.000000,0.000000,0.000000,0.000000,0.000000,0.000000,0.000000,0.000000,0.000000,0.000000,0.000000,0.000000,0.000000,0.000000,0.000000,0.000000,0.000000,0.000000,0.000000,0.000000,0.000000,0.000000,0.000000,0.000000,0.000000,0.000000,0.000000,0.000000,0.000000,0.000000,0.000000,0.000000,0.000000,0.000000,0.000000,0.000000,0.000000,0.000000,0.000000,0.000000,0.000000,0.000000,0.000000,0.000000,0.000000,0.000000,0.000000,0.000000,0.000000,0.000000,0.000000,0.000000]
0.837758,1.000000,[0.000000,-52601371457425.531250,67140995595606.765625,-77064790188594.218750,79157778160491.890625,-72329157372637.453125,58358949064791.617188,-41188996761506.000000,25095597636198.609375,-12873271762239.644531,5072021958806.277344,-455546927017.524170,-2985494203329.988281,7228150616870.027344,-13851534274280.863281,23834179224634.226562,-37205414880516.031250,52601374143650.671875,-67141011221904.929688,77064872229086.750000,-79158168176154.218750,72330840701655.203125,-58365559114494.109375,41212650269238.703125,-25172822653249.843750,13103486058815.628906,-5698911203251.623047,2014892801699.043945,-556375199951.178467,112572572835.871155,-14846050552.138287,957809713.041180,0.000000,0.000000,0.000000,0.000000,0.000000,0.000000,0.000000,0.000000,0.000000,0.000000,0.000000,0.000000,0.000000,0.000000,0.000000,0.000000,0.000000,0.000000,0.000000,0.000000,0.000000,0.000000,0.000000,0.000000,0.000000,0.000000,0.000000,0.000000,0.000000,0.000000,0.000000,0.000000,0.000000,0.000000,0.000000,0.000000,0.000000,0.000000,0.000000,0.000000,0.000000,0.000000,0.000000,0.000000,0.000000,0.000000,0.000000,0.000000,0.000000,0.000000,0.000000,0.000000,0.000000,0.000000,0.000000,0.000000,0.000000,0.000000,0.000000,0.000000,0.000000,0.000000,0.000000,0.000000,0.000000,0.000000,0.000000,0.000000]
0.856798,1.000000,[0.000000,-124446791689244.906250,153664467066127.375000,-170798331198045.875000,170049939480369.500000,-150742021235094.875000,118087716560570.187500,-80959753400128.765625,47876919275261.562500,-23640447994867.195312,8388563290300.558594,1062421438769.954102,-9113681095449.996094,19875961551560.562500,-36462962373629.921875,60457935687724.382812,-91089488295016.062500,124446805362984.031250,-153664541292499.937500,170798696472231.312500,-170051573502839.875000,150748680591344.781250,-118112484744733.796875,81043934022731.828125,-48138607880489.125000,24384924416055.976562,-10327193606222.023438,3557653602689.177734,-957743863623.408203,189023746868.676819,-24328366711.245964,1532495540.865888,0.000000,0.000000,0.000000,0.000000,0.000000,0.000000,0.000000,0.000000,0.000000,0.000000,0.000000,0.000000,0.000000,0.000000,0.000000,0.000000,0.000000,0.000000,0.000000,0.000000,0.000000,0.000000,0.000000,0.000000,0.000000,0.000000,0.000000,0.000000,0.000000,0.000000,0.000000,0.000000,0.000000,0.000000,0.000000,0.000000,0.000000,0.000000,0.000000,0.000000,0.000000,0.000000,0.000000,0.000000,0.000000,0.000000,0.000000,0.000000,0.000000,0.000000,0.000000,0.000000,0.000000,0.000000,0.000000,0.000000,0.000000,0.000000,0.000000,0.000000,0.000000,0.000000,0.000000,0.000000,0.000000,0.000000,0.000000,0.000000]
0.875838,1.000000,[0.000000,-291313546942468.250000,348342146024631.312500,-375307293605095.125000,362525115909648.125000,-312039863912493.875000,237516198536989.562500,-158261757005362.937500,90787339637338.812500,-42857854765967.843750,12784248401218.921875,7168082959301.923828,-26507466683656.328125,53679315906674.851562,-94615501210442.500000,151386390077368.656250,-220411264489816.125000,291313613356274.375000,-348342483951338.687500,375308858457274.000000,-362531725959350.625000,312065379792991.875000,-237606336005213.187500,158553459164664.375000,-91652727258416.187500,45212195229422.781250,-18658101931568.742188,6266892082476.728516,-1645804429918.659180,317035015016.630493,-39844884062.513077,2451992865.385421,0.000000,0.000000,0.000000,0.000000,0.000000,0.000000,0.000000,0.000000,0.000000,0.000000,0.000000,0.000000,0.000000,0.000000,0.000000,0.000000,0.000000,0.000000,0.000000,0.000000,0.000000,0.000000,0.000000,0.000000,0.000000,0.000000,0.000000,0.000000,0.000000,0.000000,0.000000,0.000000,0.000000,0.000000,0.000000,0.000000,0.000000,0.000000,0.000000,0.000000,0.000000,0.000000,0.000000,0.000000,0.000000,0.000000,0.000000,0.000000,0.000000,0.000000,0.000000,0.000000,0.000000,0.000000,0.000000,0.000000,0.000000,0.000000,0.000000,0.000000,0.000000,0.000000,0.000000,0.000000,0.000000,0.000000,0.000000,0.000000]
0.894878,1.000000,[0.000000,-675106962722728.000000,782531809802467.250000,-818006739313941.000000,767264103802933.250000,-641773501382184.000000,474982971862401.062500,-307691214990984.000000,170974456279322.812500,-76243116666279.906250,16153947666369.121094,27373412745076.875000,-74619536237855.031250,142656206176945.250000,-242216635983129.187500,374464982817679.500000,-527446191197470.437500,675107271740842.250000,-782533289396506.250000,818013209107248.750000,-767289989410756.125000,641868409271914.875000,-475302213107139.750000,308677171018512.750000,-173771680751119.562500,83534373526017.687500,-33613098339996.023438,11014509989913.960938,-2823508096879.833008,531162954464.116577,-65223010219.252174,3923188584.616673,0.000000,0.000000,0.000000,0.000000,0.000000,0.000000,0.000000,0.000000,0.000000,0.000000,0.000000,0.000000,0.000000,0.000000,0.000000,0.000000,0.000000,0.000000,0.000000,0.000000,0.000000,0.000000,0.000000,0.000000,0.000000,0.000000,0.000000,0.000000,0.000000,0.000000,0.000000,0.000000,0.000000,0.000000,0.000000,0.000000,0.000000,0.000000,0.000000,0.000000,0.000000,0.000000,0.000000,0.000000,0.000000,0.000000,0.000000,0.000000,0.000000,0.000000,0.000000,0.000000,0.000000,0.000000,0.000000,0.000000,0.000000,0.000000,0.000000,0.000000,0.000000,0.000000,0.000000,0.000000,0.000000,0.000000,0.000000,0.000000]
0.913918,1.000000,[0.000000,-1549690226237845.000000,1742854939272312.000000,-1769169245184065.500000,1612686666914003.500000,-1311827385328935.000000,944587483974432.000000,-594890617753168.000000,319305000046684.437500,-131681355265869.312500,9422268619144.468750,88569182134836.015625,-204984981686735.187500,373579911472989.875000,-612225607263614.500000,915611687226769.500000,-1248978268960458.000000,1549691608423251.500000,-1742861188498759.250000,1769195128218051.750000,-1612785028620358.750000,1312170782699347.500000,-945689843582531.250000,598146482080292.125000,-328155313317401.875000,153822856645625.906250,-60389663337942.015625,19317320841990.234375,-4836310727686.203125,888994533274.137817,-106710729501.573486,6277101735.386677,0.000000,0.000000,0.000000,0.000000,0.000000,0.000000,0.000000,0.000000,0.000000,0.000000,0.000000,0.000000,0.000000,0.000000,0.000000,0.000000,0.000000,0.000000,0.000000,0.000000,0.000000,0.000000,0.000000,0.000000,0.000000,0.000000,0.000000,0.000000,0.000000,0.000000,0.000000,0.000000,0.000000,0.000000,0.000000,0.000000,0.000000,0.000000,0.000000,0.000000,0.000000,0.000000,0.000000,0.000000,0.000000,0.000000,0.000000,0.000000,0.000000,0.000000,0.000000,0.000000,0.000000,0.000000,0.000000,0.000000,0.000000,0.000000,0.000000,0.000000,0.000000,0.000000,0.000000,0.000000,0.000000,0.000000,0.000000,0.000000]
0.932958,1.000000,[0.000000,-3525217325543939.000000,3850069449946138.500000,-3798282792442907.000000,3367395098259766.500000,-2665676306910955.000000,1868274345010992.000000,-1143407988433079.500000,589896813234216.750000,-216343529596877.562500,-38065879490270.460938,264701680427778.750000,-552123917582570.187500,965063222714952.500000,-1528927983957845.000000,2214365660939106.000000,-2928180195390684.000000,3525223286576458.000000,-3850094978528846.000000,3798383222321098.000000,-3367758515412182.000000,2666887158468475.000000,-1871991638980225.500000,1153927559318908.500000,-617342215295218.500000,282350368635766.625000,-108213853845901.375000,33809499783796.093750,-8271493884262.408203,1486417690939.564453,-174503428243.749573,10043362776.618683,0.000000,0.000000,0.000000,0.000000,0.000000,0.000000,0.000000,0.000000,0.000000,0.000000,0.000000,0.000000,0.000000,0.000000,0.000000,0.000000,0.000000,0.000000,0.000000,0.000000,0.000000,0.000000,0.000000,0.000000,0.000000,0.000000,0.000000,0.000000,0.000000,0.000000,0.000000,0.000000,0.000000,0.000000,0.000000,0.000000,0.000000,0.000000,0.000000,0.000000,0.000000,0.000000,0.000000,0.000000,0.000000,0.000000,0.000000,0.000000,0.000000,0.000000,0.000000,0.000000,0.000000,0.000000,0.000000,0.000000,0.000000,0.000000,0.000000,0.000000,0.000000,0.000000,0.000000,0.000000,0.000000,0.000000,0.000000,0.000000]
0.951998,1.000000,[0.000000,-7950389390837986.000000,8439080795379566.000000,-8097689526864511.000000,6987237941362200.000000,-5386046698064123.000000,3675283745077435.000000,-2183390869433457.250000,1073641018932873.250000,-323310119660841.812500,-219726415441099.968750,754797039233988.125000,-1462436201761083.750000,2461457946718631.000000,-3774904170896015.500000,5299893174736980.000000,-6800222284570969.000000,7950414245639640.000000,-8439181899038812.000000,8098068264961066.000000,-6988545919740576.000000,5390214436937695.000000,-3687543157959706.000000,2216689424087384.500000,-1157157765653809.500000,516688902124767.375000,-193427866023719.875000,59058095984631.187500,-14126240829383.591797,2482970362449.552734,-285231502855.970520,16069380442.589893,0.000000,0.000000,0.000000,0.000000,0.000000,0.000000,0.000000,0.000000,0.000000,0.000000,0.000000,0.000000,0.000000,0.000000,0.000000,0.000000,0.000000,0.000000,0.000000,0.000000,0.000000,0.000000,0.000000,0.000000,0.000000,0.000000,0.000000,0.000000,0.000000,0.000000,0.000000,0.000000,0.000000,0.000000,0.000000,0.000000,0.000000,0.000000,0.000000,0.000000,0.000000,0.000000,0.000000,0.000000,0.000000,0.000000,0.000000,0.000000,0.000000,0.000000,0.000000,0.000000,0.000000,0.000000,0.000000,0.000000,0.000000,0.000000,0.000000,0.000000,0.000000,0.000000,0.000000,0.000000,0.000000,0.000000,0.000000,0.000000]
0.971038,1.000000,[0.000000,-17784071502568516.000000,18361142988726012.000000,-17148646007800536.000000,14411208725017994.000000,-10822844963949058.000000,7190488513783970.000000,-4137610002453255.500000,1911811702089102.250000,-385460342192686.937500,-804440488246152.875000,2085136983831031.500000,-3816772690848913.000000,6203275217287418.000000,-9219782578275812.000000,12559962450321748.000000,-15650604202697332.000000,17784171932446710.000000,-18361531997438736.000000,17150036775782050.000000,-14415802133747540.000000,10836868993876136.000000,-7230082707187960.000000,4240997737932101.000000,-2161465766320955.500000,942758963013859.750000,-344919443228730.500000,102968698073040.062500,-24091767544483.476562,4143891481632.866699,-466012032835.106812,25711008708.143829,0.000000,0.000000,0.000000,0.000000,0.000000,0.000000,0.000000,0.000000,0.000000,0.000000,0.000000,0.000000,0.000000,0.000000,0.000000,0.000000,0.000000,0.000000,0.000000,0.000000,0.000000,0.000000,0.000000,0.000000,0.000000,0.000000,0.000000,0.000000,0.000000,0.000000,0.000000,0.000000,0.000000,0.000000,0.000000,0.000000,0.000000,0.000000,0.000000,0.000000,0.000000,0.000000,0.000000,0.000000,0.000000,0.000000,0.000000,0.000000,0.000000,0.000000,0.000000,0.000000,0.000000,0.000000,0.000000,0.000000,0.000000,0.000000,0.000000,0.000000,0.000000,0.000000,0.000000,0.000000,0.000000,0.000000,0.000000,0.000000]
0.990078,1.000000,[0.000000,-39471200197345232.000000,39667016386641936.000000,-36084558847491648.000000,29551640938398224.000000,-21630845050588872.000000,13987347623526304.000000,-7767263025178670.000000,3290174928658175.500000,-134072254560607.375000,-2538186971492463.500000,5626282788638998.000000,-9828801435730712.000000,15457109894625356.000000,-22287629595434348.000000,29486302442133196.000000,-35711469883783756.000000,39471594290377976.000000,-39668473261371200.000000,36089540121499808.000000,-29567404810321744.000000,21677040014514592.000000,-14112730974259996.000000,8082475840483934.000000,-4024000603921844.500000,1715366006759414.000000,-613652328009792.750000,179204977443554.187500,-41033162960153.281250,6909833590313.650391,-761045857761.057129,41137613933.030128,0.000000,0.000000,0.000000,0.000000,0.000000,0.000000,0.000000,0.000000,0.000000,0.000000,0.000000,0.000000,0.000000,0.000000,0.000000,0.000000,0.000000,0.000000,0.000000,0.000000,0.000000,0.000000,0.000000,0.000000,0.000000,0.000000,0.000000,0.000000,0.000000,0.000000,0.000000,0.000000,0.000000,0.000000,0.000000,0.000000,0.000000,0.000000,0.000000,0.000000,0.000000,0.000000,0.000000,0.000000,0.000000,0.000000,0.000000,0.000000,0.000000,0.000000,0.000000,0.000000,0.000000,0.000000,0.000000,0.000000,0.000000,0.000000,0.000000,0.000000,0.000000,0.000000,0.000000,0.000000,0.000000,0.000000,0.000000,0.000000]
1.009118,1.000000,[0.000000,-86954130147737536.000000,85117961527122080.000000,-75466278719025568.000000,60261132531790480.000000,-43001760655057976.000000,27040114012749288.000000,-14401725797480776.000000,5344723238589445.000000,1308396575598506.000000,-7436868827571340.000000,14899333323260824.000000,-25000348233944352.000000,38103953588661176.000000,-53351988817974872.000000,68604965837683360.000000,-80821308388280784.000000,86955634821427488.000000,-85123281291093792.000000,75483707080592736.000000,-60314071705223544.000000,43150902607779344.000000,-27429855063106352.000000,15346361707127400.000000,-7467620570330599.000000,3112777007620938.000000,-1089366711281801.000000,311347861685778.625000,-69798960890433.437500,11512361259158.474609,-1242355940777.509521,65820182292.848206,0.000000,0.000000,0.000000,0.000000,0.000000,0.000000,0.000000,0.000000,0.000000,0.000000,0.000000,0.000000,0.000000,0.000000,0.000000,0.000000,0.000000,0.000000,0.000000,0.000000,0.000000,0.000000,0.000000,0.000000,0.000000,0.000000,0.000000,0.000000,0.000000,0.000000,0.000000,0.000000,0.000000,0.000000,0.000000,0.000000,0.000000,0.000000,0.000000,0.000000,0.000000,0.000000,0.000000,0.000000,0.000000,0.000000,0.000000,0.000000,0.000000,0.000000,0.000000,0.000000,0.000000,0.000000,0.000000,0.000000,0.000000,0.000000,0.000000,0.000000,0.000000,0.000000,0.000000,0.000000,0.000000,0.000000,0.000000,0.000000]
1.028158,1.000000,[0.000000,-190197385152653312.000000,181468505674810688.000000,-156902725469515200.000000,122218868443899552.000000,-85026885455742336.000000,51905217898887328.000000,-26249595219122908.000000,7766519236384008.000000,6555555817500413.000000,-20838590118070640.000000,38839142257583928.000000,-62862929327507664.000000,92977519032642800.000000,-126526161611369824.000000,158260730373261856.000000,-181487474314105760.000000,190202984488940256.000000,-181487474314105728.000000,156962374352082496.000000,-122393056293025280.000000,85499357210310752.000000,-53095585125246608.000000,29034751073602200.000000,-13815859117101520.000000,5634063238962582.000000,-1929795455062348.500000,540035955231505.875000,-118585754180188.578125,19165191579120.066406,-2027261614619.724121,105312291668.557129,0.000000,0.000000,0.000000,0.000000,0.000000,0.000000,0.000000,0.000000,0.000000,0.000000,0.000000,0.000000,0.000000,0.000000,0.000000,0.000000,0.000000,0.000000,0.000000,0.000000,0.000000,0.000000,0.000000,0.000000,0.000000,0.000000,0.000000,0.000000,0.000000,0.000000,0.000000,0.000000,0.000000,0.000000,0.000000,0.000000,0.000000,0.000000,0.000000,0.000000,0.000000,0.000000,0.000000,0.000000,0.000000,0.000000,0.000000,0.000000,0.000000,0.000000,0.000000,0.000000,0.000000,0.000000,0.000000,0.000000,0.000000,0.000000,0.000000,0.000000,0.000000,0.000000,0.000000,0.000000,0.000000,0.000000,0.000000,0.000000]
1.047198,1.000000,[0.000000,-413196919649131712.000000,384491244361406208.000000,-324375681817564032.000000,246566320783684672.000000,-167186147468520128.000000,98798105769693472.000000,-46659263892427056.000000,8493097287714165.000000,22992043378843044.000000,-56645229543463376.000000,99860385208638880.000000,-156367198343597952.000000,224679727419050368.000000,-297398296802148864.000000,362109653185682432.000000,-404501749595933376.000000,413217259770767872.000000,-384557383513818624.000000,324575632739147136.000000,-247128504395026880.000000,168656322611645184.000000,-102373786844555888.000000,54745117188024432.000000,-25485812530739984.000000,10172378455377540.000000,-3411694301238661.000000,935208980878522.500000,-201236321635773.750000,31880663495363.937500,-3306805958392.692871,168499666669.691406,0.000000,0.000000,0.000000,0.000000,0.000000,0.000000,0.000000,0.000000,0.000000,0.000000,0.000000,0.000000,0.000000,0.000000,0.000000,0.000000,0.000000,0.000000,0.000000,0.000000,0.000000,0.000000,0.000000,0.000000,0.000000,0.000000,0.000000,0.000000,0.000000,0.000000,0.000000,0.000000,0.000000,0.000000,0.000000,0.000000,0.000000,0.000000,0.000000,0.000000,0.000000,0.000000,0.000000,0.000000,0.000000,0.000000,0.000000,0.000000,0.000000,0.000000,0.000000,0.000000,0.000000,0.000000,0.000000,0.000000,0.000000,0.000000,0.000000,0.000000,0.000000,0.000000,0.000000,0.000000,0.000000,0.000000,0.000000,0.000000]
1.066238,1.000000,[0.000000,-891809818055454464.000000,809811400068788352.000000,-666940883378313216.000000,494817801735007552.000000,-326776699411448320.000000,186072527566965760.000000,-79750680600511792.000000,-206270366963163.000000,70774407132226896.000000,-150548598394724736.000000,253596935339980960.000000,-384995353801186944.000000,537926541951769920.000000,-693103066794847616.000000,822076494854651904.000000,-895133155215954176.000000,891882045741519744.000000,-810037193265598080.000000,667598115019651584.000000,-496599400599030144.000000,331274388285365824.000000,-196645129264104064.000000,102883675019283072.000000,-46880727122410496.000000,18322822109347260.000000,-6019836270508971.000000,1617076162387100.250000,-341106512714456.375000,52993145167617.921875,-5391989333430.123047,269599466671.506226,0.000000,0.000000,0.000000,0.000000,0.000000,0.000000,0.000000,0.000000,0.000000,0.000000,0.000000,0.000000,0.000000,0.000000,0.000000,0.000000,0.000000,0.000000,0.000000,0.000000,0.000000,0.000000,0.000000,0.000000,0.000000,0.000000,0.000000,0.000000,0.000000,0.000000,0.000000,0.000000,0.000000,0.000000,0.000000,0.000000,0.000000,0.000000,0.000000,0.000000,0.000000,0.000000,0.000000,0.000000,0.000000,0.000000,0.000000,0.000000,0.000000,0.000000,0.000000,0.000000,0.000000,0.000000,0.000000,0.000000,0.000000,0.000000,0.000000,0.000000,0.000000,0.000000,0.000000,0.000000,0.000000,0.000000,0.000000,0.000000]
1.085277,1.000000,[0.000000,-1912782548930000384.000000,1695862770137049088.000000,-1363996094446305792.000000,987774502422881024.000000,-634486235598496768.000000,345566452467452288.000000,-127477326740640960.000000,-42794676866477192.000000,203568210448397856.000000,-393035918635548160.000000,636752308824681728.000000,-938748491252961024.000000,1276544307199740416.000000,-1602210803784547328.000000,1852402284897015552.000000,-1967342275790438400.000000,1913033589145790464.000000,-1696618378236747776.000000,1366116624390860800.000000,-993323673929667840.000000,648026098815047680.000000,-376362411834136320.000000,192742316304299200.000000,-86002856661465152.000000,32928417137261000.000000,-10601983730246612.000000,2791985767448034.000000,-577566307443701.000000,88024225868246.750000,-8788942613491.099609,431359146674.409912,0.000000,0.000000,0.000000,0.000000,0.000000,0.000000,0.000000,0.000000,0.000000,0.000000,0.000000,0.000000,0.000000,0.000000,0.000000,0.000000,0.000000,0.000000,0.000000,0.000000,0.000000,0.000000,0.000000,0.000000,0.000000,0.000000,0.000000,0.000000,0.000000,0.000000,0.000000,0.000000,0.000000,0.000000,0.000000,0.000000,0.000000,0.000000,0.000000,0.000000,0.000000,0.000000,0.000000,0.000000,0.000000,0.000000,0.000000,0.000000,0.000000,0.000000,0.000000,0.000000,0.000000,0.000000,0.000000,0.000000,0.000000,0.000000,0.000000,0.000000,0.000000,0.000000,0.000000,0.000000,0.000000,0.000000,0.000000,0.000000]
1.104317,1.000000,[0.000000,-4077969740370230272.000000,3531778088887062016.000000,-2775058452567817728.000000,1961130945235707648.000000,-1222517848438066176.000000,629392719992308224.000000,-178286916665139232.000000,-190612409255402208.000000,561530687898765440.000000,-1010908855111686016.000000,1582052788871267328.000000,-2267924170324581888.000000,3003797373790312960.000000,-3674978656993484800.000000,4144249021309488128.000000,-4295567794752175616.000000,4078824769575313408.000000,-3534259379813312512.000000,2781780803383177728.000000,-1978133537576497152.000000,1262659205204558080.000000,-717825248717197568.000000,359989420083757824.000000,-157361620940700832.000000,59046657657765568.000000,-18638365428863400.000000,4813717012383075.000000,-976920627430869.625000,146112126957289.437500,-14321123669590.406250,690174634679.055908,0.000000,0.000000,0.000000,0.000000,0.000000,0.000000,0.000000,0.000000,0.000000,0.000000,0.000000,0.000000,0.000000,0.000000,0.000000,0.000000,0.000000,0.000000,0.000000,0.000000,0.000000,0.000000,0.000000,0.000000,0.000000,0.000000,0.000000,0.000000,0.000000,0.000000,0.000000,0.000000,0.000000,0.000000,0.000000,0.000000,0.000000,0.000000,0.000000,0.000000,0.000000,0.000000,0.000000,0.000000,0.000000,0.000000,0.000000,0.000000,0.000000,0.000000,0.000000,0.000000,0.000000,0.000000,0.000000,0.000000,0.000000,0.000000,0.000000,0.000000,0.000000,0.000000,0.000000,0.000000,0.000000,0.000000,0.000000,0.000000]
1.123357,1.000000,[0.000000,-8643818437924604928.000000,7315880013759989760.000000,-5616772091249932288.000000,3871320221439972352.000000,-2333664189496290816.000000,1114000501986776576.000000,-170891621110981440.000000,-641898267547902848.000000,1504994413705036288.000000,-2566685841501457920.000000,3892038964388776960.000000,-5430957096793518080.000000,7011062992260591616.000000,-8366515263975268352.000000,9208139110946486272.000000,-9320203333348669440.000000,8646675259208488960.000000,-7323883489731206144.000000,5637729407958982656.000000,-3922609183245129728.000000,2450949877557611520.000000,-1364514049997770752.000000,670400044698433024.000000,-287206588099780672.000000,105657671509742944.000000,-32709614893611288.000000,8288099596271442.000000,-1650740280063765.000000,242372077333417.343750,-23327902652152.085938,1104279415486.489502,0.000000,0.000000,0.000000,0.000000,0.000000,0.000000,0.000000,0.000000,0.000000,0.000000,0.000000,0.000000,0.000000,0.000000,0.000000,0.000000,0.000000,0.000000,0.000000,0.000000,0.000000,0.000000,0.000000,0.000000,0.000000,0.000000,0.000000,0.000000,0.000000,0.000000,0.000000,0.000000,0.000000,0.000000,0.000000,0.000000,0.000000,0.000000,0.000000,0.000000,0.000000,0.000000,0.000000,0.000000,0.000000,0.000000,0.000000,0.000000,0.000000,0.000000,0.000000,0.000000,0.000000,0.000000,0.000000,0.000000,0.000000,0.000000,0.000000,0.000000,0.000000,0.000000,0.000000,0.000000,0.000000,0.000000,0.000000,0.000000]
1.142397,1.000000,[0.000000,-18219637508935360512.000000,15075471276765941760.000000,-11309627478863876096.000000,7594310868001730560.000000,-4402263004386130944.000000,1884935775845431296.000000,111712366751171392.000000,-1930033876299666432.000000,3948002566828932608.000000,-6441920725035597824.000000,9485836601098153984.000000,-12896169150225983488.000000,16237609946002106368.000000,-18911307888928321536.000000,20325144577523580928.000000,-20100330488882962432.000000,18229010508572305408.000000,-15100851228345319424.000000,11373932562681450496.000000,-7746744619726774272.000000,4740228234090841088.000000,-2585462506815493120.000000,1244964024377361152.000000,-522925143865494784.000000,188678043351755488.000000,-57308243587540928.000000,14251403522072568.000000,-2786607694502074.000000,401792065324759.000000,-37987211892735.234375,1766847064778.383301,0.000000,0.000000,0.000000,0.000000,0.000000,0.000000,0.000000,0.000000,0.000000,0.000000,0.000000,0.000000,0.000000,0.000000,0.000000,0.000000,0.000000,0.000000,0.000000,0.000000,0.000000,0.000000,0.000000,0.000000,0.000000,0.000000,0.000000,0.000000,0.000000,0.000000,0.000000,0.000000,0.000000,0.000000,0.000000,0.000000,0.000000,0.000000,0.000000,0.000000,0.000000,0.000000,0.000000,0.000000,0.000000,0.000000,0.000000,0.000000,0.000000,0.000000,0.000000,0.000000,0.000000,0.000000,0.000000,0.000000,0.000000,0.000000,0.000000,0.000000,0.000000,0.000000,0.000000,0.000000,0.000000,0.000000,0.000000,0.000000]
1.161437,1.000000,[0.000000,-38196702780356141056.000000,30906530530143830016.000000,-22651990486983237632.000000,14792255191434448896.000000,-8174582272525068288.000000,2948869821301987328.000000,1336760112581673984.000000,-5456855742176825344.000000,10181956541947650048.000000,-15998575120715847680.000000,22915040051892637696.000000,-30376436607962836992.000000,37326960646960365568.000000,-42453179368799469568.000000,44580429617367506944.000000,-43097935087356116992.000000,38226927550722875392.000000,-30985721502961381376.000000,22846338872126382080.000000,-15238928332017342464.000000,9135642678634641408.000000,-4883718425531205632.000000,2305697525323074560.000000,-949887056195844864.000000,336269815515333376.000000,-100244031853309024.000000,24474210252017352.000000,-4699647550398174.000000,665659631655255.500000,-61839647267243.406250,2826955303645.413086,0.000000,0.000000,0.000000,0.000000,0.000000,0.000000,0.000000,0.000000,0.000000,0.000000,0.000000,0.000000,0.000000,0.000000,0.000000,0.000000,0.000000,0.000000,0.000000,0.000000,0.000000,0.000000,0.000000,0.000000,0.000000,0.000000,0.000000,0.000000,0.000000,0.000000,0.000000,0.000000,0.000000,0.000000,0.000000,0.000000,0.000000,0.000000,0.000000,0.000000,0.000000,0.000000,0.000000,0.000000,0.000000,0.000000,0.000000,0.000000,0.000000,0.000000,0.000000,0.000000,0.000000,0.000000,0.000000,0.000000,0.000000,0.000000,0.000000,0.000000,0.000000,0.000000,0.000000,0.000000,0.000000,0.000000,0.000000,0.000000]
1.180477,1.000000,[0.000000,-79658642766656110592.000000,63041643140420075520.000000,-45118537894033850368.000000,28572357669810159616.000000,-14848653528821301248.000000,3916135646534175232.000000,5412929625436773376.000000,-14840143112651509760.000000,25890275539545751552.000000,-39346744224280936448.000000,54889926047805923328.000000,-70998474960916758528.000000,85195044656416260096.000000,-94673344760499666944.000000,97187448440201674752.000000,-91892852670203494400.000000,79754516982933422080.000000,-63284957728014041088.000000,45697499194612613120.000000,-29863670938408534016.000000,17547259341134149632.000000,-9197367996043773952.000000,4259048274234426368.000000,-1721581179222551808.000000,598178123936518784.000000,-175074977116504832.000000,41978524933466672.000000,-7918831859630232.000000,1102159199008754.750000,-100639608809776.687500,4523128485832.661133,0.000000,0.000000,0.000000,0.000000,0.000000,0.000000,0.000000,0.000000,0.000000,0.000000,0.000000,0.000000,0.000000,0.000000,0.000000,0.000000,0.000000,0.000000,0.000000,0.000000,0.000000,0.000000,0.000000,0.000000,0.000000,0.000000,0.000000,0.000000,0.000000,0.000000,0.000000,0.000000,0.000000,0.000000,0.000000,0.000000,0.000000,0.000000,0.000000,0.000000,0.000000,0.000000,0.000000,0.000000,0.000000,0.000000,0.000000,0.000000,0.000000,0.000000,0.000000,0.000000,0.000000,0.000000,0.000000,0.000000,0.000000,0.000000,0.000000,0.000000,0.000000,0.000000,0.000000,0.000000,0.000000,0.000000,0.000000,0.000000]
1.199517,1.000000,[0.000000,-165278814310901809152.000000,127937751761092427776.000000,-89333075232340246528.000000,54624964388989034496.000000,-26107527034034585600.000000,3018059259192616448.000000,17564773268289744896.000000,-39278394303969861632.000000,65032487397841764352.000000,-95888746387533053952.000000,130422966653039509504.000000,-164714586731316576256.000000,193116078306565816320.000000,-209789820680920465408.000000,210635629106444763136.000000,-194881274462085644288.000000,165578201809501880320.000000,-128674431881590030336.000000,91034201274425311232.000000,-58310229106134138880.000000,33594035743440904192.000000,-17271217758210695168.000000,7847425946308613120.000000,-3113436761117993984.000000,1062129984568332928.000000,-305307078346487744.000000,71916939009324816.000000,-13331426494813624.000000,1823838483699873.500000,-163737251187142.281250,7237005577332.257812,0.000000,0.000000,0.000000,0.000000,0.000000,0.000000,0.000000,0.000000,0.000000,0.000000,0.000000,0.000000,0.000000,0.000000,0.000000,0.000000,0.000000,0.000000,0.000000,0.000000,0.000000,0.000000,0.000000,0.000000,0.000000,0.000000,0.000000,0.000000,0.000000,0.000000,0.000000,0.000000,0.000000,0.000000,0.000000,0.000000,0.000000,0.000000,0.000000,0.000000,0.000000,0.000000,0.000000,0.000000,0.000000,0.000000,0.000000,0.000000,0.000000,0.000000,0.000000,0.000000,0.000000,0.000000,0.000000,0.000000,0.000000,0.000000,0.000000,0.000000,0.000000,0.000000,0.000000,0.000000,0.000000,0.000000,0.000000,0.000000]
1.218557,1.000000,[0.000000,-341208753954098380800.000000,258300247957152006144.000000,-175707899005137813504.000000,103064459242803200000.000000,-43582878809970900992.000000,-5709969146265659392.000000,51670673811645505536.000000,-101864923325056827392.000000,161585227669066678272.000000,-231675774211876585472.000000,307505498683653160960.000000,-379412985754046038016.000000,434859617699057631232.000000,-462045090553339576320.000000,453945771247563046912.000000,-411156960225038172160.000000,342129782024157003776.000000,-260499611775199248384.000000,180640859502760951808.000000,-113452788015879159808.000000,64113187844431863808.000000,-32342403980922281984.000000,14423943570764576768.000000,-5618776808529789952.000000,1882592222317225216.000000,-531641488759975296.000000,123065958311807872.000000,-22424585481921720.000000,3016383924632083.000000,-266321805245827.000000,11579208923731.613281,0.000000,0.000000,0.000000,0.000000,0.000000,0.000000,0.000000,0.000000,0.000000,0.000000,0.000000,0.000000,0.000000,0.000000,0.000000,0.000000,0.000000,0.000000,0.000000,0.000000,0.000000,0.000000,0.000000,0.000000,0.000000,0.000000,0.000000,0.000000,0.000000,0.000000,0.000000,0.000000,0.000000,0.000000,0.000000,0.000000,0.000000,0.000000,0.000000,0.000000,0.000000,0.000000,0.000000,0.000000,0.000000,0.000000,0.000000,0.000000,0.000000,0.000000,0.000000,0.000000,0.000000,0.000000,0.000000,0.000000,0.000000,0.000000,0.000000,0.000000,0.000000,0.000000,0.000000,0.000000,0.000000,0.000000,0.000000,0.000000]
1.237597,1.000000,[0.000000,-700914155100848652288.000000,518705136134525878272.000000,-342971313953902428160.000000,191052862074467647488.000000,-66306624608194052096.000000,-40138354921012355072.000000,143792032093666902016.000000,-259935013921530904576.000000,397541828797632610304.000000,-555184537949194420224.000000,719656589346272706560.000000,-867976547825908187136.000000,973002442650496008192.000000,-1011639607633881071616.000000,973007410131123830784.000000,-863129005574555172864.000000,703707418303770656768.000000,-525183894541975355392.000000,357097048013945044992.000000,-219992373532065792000.000000,121986542939644346368.000000,-60402212511934398464.000000,26449575798341197824.000000,-10119598227037999104.000000,3331132448963545088.000000,-924465957003045120.000000,210360284588045632.000000,-37689167125854000.000000,4986007362558829.000000,-433062413747562.125000,18526734277970.582031,0.000000,0.000000,0.000000,0.000000,0.000000,0.000000,0.000000,0.000000,0.000000,0.000000,0.000000,0.000000,0.000000,0.000000,0.000000,0.000000,0.000000,0.000000,0.000000,0.000000,0.000000,0.000000,0.000000,0.000000,0.000000,0.000000,0.000000,0.000000,0.000000,0.000000,0.000000,0.000000,0.000000,0.000000,0.000000,0.000000,0.000000,0.000000,0.000000,0.000000,0.000000,0.000000,0.000000,0.000000,0.000000,0.000000,0.000000,0.000000,0.000000,0.000000,0.000000,0.000000,0.000000,0.000000,0.000000,0.000000,0.000000,0.000000,0.000000,0.000000,0.000000,0.000000,0.000000,0.000000,0.000000,0.000000,0.000000,0.000000]
1.256637,1.000000,[0.000000,-1432685729842073436160.000000,1035711006187582783488.000000,-663385819570924421120.000000,345468554084064690176.000000,-82007586420503068672.000000,-150496587129819922432.000000,386028259702785572864.000000,-654421119553029013504.000000,969177648845728776192.000000,-1320089214326474801152.000000,1672236471649581400064.000000,-1972563942111750651904.000000,2163787672821122203648.000000,-2202427818292884013056.000000,2074689259554531180544.000000,-1803230859901550460928.000000,1441042206011218198528.000000,-1054552460075527569408.000000,703350700941551599616.000000,-425179723415091871744.000000,231419796210591596544.000000,-112513285498099761152.000000,48391080213568716800.000000,-18190036632638926848.000000,5884491492543498240.000000,-1605361701957699584.000000,359189955616385408.000000,-63294271818901696.000000,8237449228342664.000000,-704015902562881.750000,29642774844752.929688,0.000000,0.000000,0.000000,0.000000,0.000000,0.000000,0.000000,0.000000,0.000000,0.000000,0.000000,0.000000,0.000000,0.000000,0.000000,0.000000,0.000000,0.000000,0.000000,0.000000,0.000000,0.000000,0.000000,0.000000,0.000000,0.000000,0.000000,0.000000,0.000000,0.000000,0.000000,0.000000,0.000000,0.000000,0.000000,0.000000,0.000000,0.000000,0.000000,0.000000,0.000000,0.000000,0.000000,0.000000,0.000000,0.000000,0.000000,0.000000,0.000000,0.000000,0.000000,0.000000,0.000000,0.000000,0.000000,0.000000,0.000000,0.000000,0.000000,0.000000,0.000000,0.000000,0.000000,0.000000,0.000000,0.000000,0.000000,0.000000]
1.275677,1.000000,[0.000000,-2913723771459866722304.000000,2055169101642687053824.000000,-1268698443763917783040.000000,601954238386805407744.000000,-40914185994912956416.000000,-472411495229383245824.000000,1010297887256274272256.000000,-1628580380592283582464.000000,2342737766749050765312.000000,-3115484625912108417024.000000,3859116719906380316672.000000,-4454374911071474417664.000000,4783516967489526300672.000000,-4768698065001332604928.000000,4401441331228179955712.000000,-3749794699449211551744.000000,2938399005663265554432.000000,-2109294356685775175680.000000,1380468955555537879040.000000,-819139435190501900288.000000,437779645235806339072.000000,-209055904925100867584.000000,88339750321293295616.000000,-32634753507748380672.000000,10378403409244217344.000000,-2784092696502150656.000000,612680492077557632.000000,-106213304447248320.000000,13602328306885992.000000,-1144211109007462.500000,47428439751604.687500,0.000000,0.000000,0.000000,0.000000,0.000000,0.000000,0.000000,0.000000,0.000000,0.000000,0.000000,0.000000,0.000000,0.000000,0.000000,0.000000,0.000000,0.000000,0.000000,0.000000,0.000000,0.000000,0.000000,0.000000,0.000000,0.000000,0.000000,0.000000,0.000000,0.000000,0.000000,0.000000,0.000000,0.000000,0.000000,0.000000,0.000000,0.000000,0.000000,0.000000,0.000000,0.000000,0.000000,0.000000,0.000000,0.000000,0.000000,0.000000,0.000000,0.000000,0.000000,0.000000,0.000000,0.000000,0.000000,0.000000,0.000000,0.000000,0.000000,0.000000,0.000000,0.000000,0.000000,0.000000,0.000000,0.000000,0.000000,0.000000]
1.294717,1.000000,[0.000000,-5895059495321398673408.000000,4049489628886650060800.000000,-2391090053054351802368.000000,987675293015836459008.000000,217984199545769230336.000000,-1362037124720777756672.000000,2593624847965408985088.000000,-4011371268997083824128.000000,5617671202345746169856.000000,-7300245433403201028096.000000,8847211698493092528128.000000,-9997110038208073170944.000000,10514845986984040595456.000000,-10270781702739039617024.000000,9292182949634613706752.000000,-7762710922516697710592.000000,5967015023072690307072.000000,-4203152344030563008512.000000,2700233990003161563136.000000,-1573290883446286843904.000000,825880975332350623744.000000,-387493298072937365504.000000,160924452618718281728.000000,-58442647657943941120.000000,18275901072692039680.000000,-4822156609649975296.000000,1044016769992441088.000000,-178102684099728896.000000,22450251956422064.000000,-1859194838262903.000000,75885503602567.500000,0.000000,0.000000,0.000000,0.000000,0.000000,0.000000,0.000000,0.000000,0.000000,0.000000,0.000000,0.000000,0.000000,0.000000,0.000000,0.000000,0.000000,0.000000,0.000000,0.000000,0.000000,0.000000,0.000000,0.000000,0.000000,0.000000,0.000000,0.000000,0.000000,0.000000,0.000000,0.000000,0.000000,0.000000,0.000000,0.000000,0.000000,0.000000,0.000000,0.000000,0.000000,0.000000,0.000000,0.000000,0.000000,0.000000,0.000000,0.000000,0.000000,0.000000,0.000000,0.000000,0.000000,0.000000,0.000000,0.000000,0.000000,0.000000,0.000000,0.000000,0.000000,0.000000,0.000000,0.000000,0.000000,0.000000,0.000000,0.000000]
1.313757,1.000000,[0.000000,-11861788969846228123648.000000,7913837438051251388416.000000,-4418349260696464654336.000000,1449489949097876783104.000000,1165996994105697370112.000000,-3735434308332489801728.000000,6556622518142904565760.000000,-9788796751802781401088.000000,13368421183795113230336.000000,-16988719712540976742400.000000,20153804740513788592128.000000,-22304283653323339333632.000000,22986222600817890820096.000000,-22008560494163232030720.000000,19525119272925400137728.000000,-16000546489870330101760.000000,12069115443334642401280.000000,-8345184144450796912640.000000,5264348914072831393792.000000,-3012793998713469009920.000000,1553905539375523430400.000000,-716543948487930675200.000000,292544712784715579392.000000,-104473776896325517312.000000,32134735682097250304.000000,-8341860637435424768.000000,1777288442447742976.000000,-298434445733419456.000000,37035920033233040.000000,-3020243043382185.000000,121416805764108.000000,0.000000,0.000000,0.000000,0.000000,0.000000,0.000000,0.000000,0.000000,0.000000,0.000000,0.000000,0.000000,0.000000,0.000000,0.000000,0.000000,0.000000,0.000000,0.000000,0.000000,0.000000,0.000000,0.000000,0.000000,0.000000,0.000000,0.000000,0.000000,0.000000,0.000000,0.000000,0.000000,0.000000,0.000000,0.000000,0.000000,0.000000,0.000000,0.000000,0.000000,0.000000,0.000000,0.000000,0.000000,0.000000,0.000000,0.000000,0.000000,0.000000,0.000000,0.000000,0.000000,0.000000,0.000000,0.000000,0.000000,0.000000,0.000000,0.000000,0.000000,0.000000,0.000000,0.000000,0.000000,0.000000,0.000000,0.000000,0.000000]
1.332797,1.000000,[0.000000,-23727164814584717508608.000000,15313149457299878707200.000000,-7939052786573069254656.000000,1619585722093184483328.000000,4106855775568610197504.000000,-9910668404217725583360.000000,16363874080110315307008.000000,-23683127513161515663360.000000,31582705721596765536256.000000,-39274234384373839298560.000000,45628657776816065347584.000000,-49478587405808080781312.000000,49983092457806562852864.000000,-46928768354416410492928.000000,40840518730602831151104.000000,-32842343649793313603584.000000,24317695196005903892480.000000,-16510903979564974735360.000000,10230634661744612474880.000000,-5752813721566863949824.000000,2916175232093595893760.000000,-1321997145251518349312.000000,530755806593340276736.000000,-186438884443379171328.000000,56420693473816854528.000000,-14413350085365325824.000000,3022722175356440576.000000,-499716665193410944.000000,61069617879202176.000000,-4905238952869961.000000,194266889222572.812500,0.000000,0.000000,0.000000,0.000000,0.000000,0.000000,0.000000,0.000000,0.000000,0.000000,0.000000,0.000000,0.000000,0.000000,0.000000,0.000000,0.000000,0.000000,0.000000,0.000000,0.000000,0.000000,0.000000,0.000000,0.000000,0.000000,0.000000,0.000000,0.000000,0.000000,0.000000,0.000000,0.000000,0.000000,0.000000,0.000000,0.000000,0.000000,0.000000,0.000000,0.000000,0.000000,0.000000,0.000000,0.000000,0.000000,0.000000,0.000000,0.000000,0.000000,0.000000,0.000000,0.000000,0.000000,0.000000,0.000000,0.000000,0.000000,0.000000,0.000000,0.000000,0.000000,0.000000,0.000000,0.000000,0.000000,0.000000,0.000000]
1.351837,1.000000,[0.000000,-47151353377715470204928.000000,29264470803623647903744.000000,-13674235891772819505152.000000,127223690007929159680.000000,12517370283440411246592.000000,-25675393894814551375872.000000,40392075036073417244672.000000,-56842627454016486899712.000000,74096869785179118370816.000000,-90215969681087783763968.000000,102693004886390559735808.000000,-109155595323976882061312.000000,108130208945140343504896.000000,-99590340605427952123904.000000,85050236158840512970752.000000,-67138366957272837390336.000000,48814854701348426874880.000000,-32555827164350727061504.000000,19820703691731497910272.000000,-10954207093763138912256.000000,5459078658500663967744.000000,-2433648916358433341440.000000,961072621215372017664.000000,-332154631193696796672.000000,98921119609326157824.000000,-24874993441798385664.000000,5136185479686350848.000000,-836188435036978816.000000,100654531978445456.000000,-7964942458125482.000000,310827022756116.500000,0.000000,0.000000,0.000000,0.000000,0.000000,0.000000,0.000000,0.000000,0.000000,0.000000,0.000000,0.000000,0.000000,0.000000,0.000000,0.000000,0.000000,0.000000,0.000000,0.000000,0.000000,0.000000,0.000000,0.000000,0.000000,0.000000,0.000000,0.000000,0.000000,0.000000,0.000000,0.000000,0.000000,0.000000,0.000000,0.000000,0.000000,0.000000,0.000000,0.000000,0.000000,0.000000,0.000000,0.000000,0.000000,0.000000,0.000000,0.000000,0.000000,0.000000,0.000000,0.000000,0.000000,0.000000,0.000000,0.000000,0.000000,0.000000,0.000000,0.000000,0.000000,0.000000,0.000000,0.000000,0.000000,0.000000,0.000000,0.000000]
1.370877,1.000000,[0.000000,-93000847886518933520384.000000,55027694820861530865664.000000,-21955111640841270067200.000000,-7306864266051560931328.000000,35433028790393390497792.000000,-65315875253347334225920.000000,98732896530127361409024.000000,-135406325797533836640256.000000,172684573464939252940800.000000,-205961354421574813351936.000000,229802165012611024814080.000000,-239527077885447203979264.000000,232762538675481320882176.000000,-210374686663989004337152.000000,176363398028508526542848.000000,-136710299952445602660352.000000,97637263820767908331520.000000,-63981745678000060366848.000000,38285650163028283359232.000000,-20802178545121421688832.000000,10194715203416121933824.000000,-4470481838902716923904.000000,1737008972660813070336.000000,-590800081675510611968.000000,173198787440000892928.000000,-42881700794689224704.000000,8719609828520348672.000000,-1398294215246233344.000000,165826216640388032.000000,-12930404146654440.000000,497323236409786.375000,0.000000,0.000000,0.000000,0.000000,0.000000,0.000000,0.000000,0.000000,0.000000,0.000000,0.000000,0.000000,0.000000,0.000000,0.000000,0.000000,0.000000,0.000000,0.000000,0.000000,0.000000,0.000000,0.000000,0.000000,0.000000,0.000000,0.000000,0.000000,0.000000,0.000000,0.000000,0.000000,0.000000,0.000000,0.000000,0.000000,0.000000,0.000000,0.000000,0.000000,0.000000,0.000000,0.000000,0.000000,0.000000,0.000000,0.000000,0.000000,0.000000,0.000000,0.000000,0.000000,0.000000,0.000000,0.000000,0.000000,0.000000,0.000000,0.000000,0.000000,0.000000,0.000000,0.000000,0.000000,0.000000,0.000000,0.000000,0.000000]
1.389917,1.000000,[0.000000,-181817973510947232284672.000000,101217378697883213103104.000000,-30744060065715094290432.000000,-32950800099918531788800.000000,95882371216637821976576.000000,-163745138323432161673216.000000,239216429926724080238592.000000,-320260865355017697099776.000000,399872130196847665872896.000000,-467419466082086356516864.000000,511399710751445921824768.000000,-522900847822004352450560.000000,498644873879163502592000.000000,-442417537479487489310720.000000,364207616817080970510336.000000,-277318838216373689122816.000000,194608669520028709683200.000000,-125342183182617066602496.000000,73738347387918108065792.000000,-39400314794243948281856.000000,18993833428807424409600.000000,-8194976325840834396160.000000,3133694405262607122432.000000,-1049199403144817410048.000000,302847080380814983168.000000,-73842487168614957056.000000,14790352254780297216.000000,-2336766474378206208.000000,273080189112613504.000000,-20987040576492976.000000,795717178255658.250000,0.000000,0.000000,0.000000,0.000000,0.000000,0.000000,0.000000,0.000000,0.000000,0.000000,0.000000,0.000000,0.000000,0.000000,0.000000,0.000000,0.000000,0.000000,0.000000,0.000000,0.000000,0.000000,0.000000,0.000000,0.000000,0.000000,0.000000,0.000000,0.000000,0.000000,0.000000,0.000000,0.000000,0.000000,0.000000,0.000000,0.000000,0.000000,0.000000,0.000000,0.000000,0.000000,0.000000,0.000000,0.000000,0.000000,0.000000,0.000000,0.000000,0.000000,0.000000,0.000000,0.000000,0.000000,0.000000,0.000000,0.000000,0.000000,0.000000,0.000000,0.000000,0.000000,0.000000,0.000000,0.000000,0.000000,0.000000,0.000000]
1.408957,1.000000,[0.000000,-351639184836245455896576.000000,180394241956042216833024.000000,-29420016045193032630272.000000,-110250702889852333981696.000000,251658876940679792033792.000000,-405522079273525893398528.000000,574902807095769133219840.000000,-752340662686136861196288.000000,920247087964208079306752.000000,-1054710972182205669834752.000000,1131980045895516005859328.000000,-1135828280842705065476096.000000,1063282320694354097733632.000000,-926392630057428538359808.000000,749123489837153712603136.000000,-560475342858215101562880.000000,386579181141616131833856.000000,-244790501524938157981696.000000,141621544697215336841216.000000,-74436803728074774413312.000000,35307119281596379693056.000000,-14992178764502899097600.000000,5643430690307061055488.000000,-1860427293260196610048.000000,528860820910472953856.000000,-127022190822652116992.000000,25066623492275396608.000000,-3902674472472697856.000000,449520526926077440.000000,-34056695229342160.000000,1273147485209053.250000,0.000000,0.000000,0.000000,0.000000,0.000000,0.000000,0.000000,0.000000,0.000000,0.000000,0.000000,0.000000,0.000000,0.000000,0.000000,0.000000,0.000000,0.000000,0.000000,0.000000,0.000000,0.000000,0.000000,0.000000,0.000000,0.000000,0.000000,0.000000,0.000000,0.000000,0.000000,0.000000,0.000000,0.000000,0.000000,0.000000,0.000000,0.000000,0.000000,0.000000,0.000000,0.000000,0.000000,0.000000,0.000000,0.000000,0.000000,0.000000,0.000000,0.000000,0.000000,0.000000,0.000000,0.000000,0.000000,0.000000,0.000000,0.000000,0.000000,0.000000,0.000000,0.000000,0.000000,0.000000,0.000000,0.000000,0.000000,0.000000]
1.427997,1.000000,[0.000000,-670859240911618126643200.000000,306282796756783360638976.000000,19078396061602545664000.000000,-327396450788171629723648.000000,645967450669203270402048.000000,-993777011095102828838912.000000,1371248888964912783556608.000000,-1755893313076343825498112.000000,2105221924052056355635200.000000,-2366725583028838675251200.000000,2492665041938448943939584.000000,-2455294641764940617089024.000000,2257087291145423545171968.000000,-1931702301994177781563392.000000,1534882789454375041368064.000000,-1128708057258113814757376.000000,765400990741548786253824.000000,-476637729258230234742784.000000,271256553752389415337984.000000,-140283157533877474426880.000000,65486698109255945289728.000000,-27373544437388876447744.000000,10145745480447416074240.000000,-3294000161762598453248.000000,922390627950347943936.000000,-218275479411608649728.000000,42448202271124250624.000000,-6513991472111963136.000000,739666860219329152.000000,-55254600858072888.000000,2037035976334485.000000,0.000000,0.000000,0.000000,0.000000,0.000000,0.000000,0.000000,0.000000,0.000000,0.000000,0.000000,0.000000,0.000000,0.000000,0.000000,0.000000,0.000000,0.000000,0.000000,0.000000,0.000000,0.000000,0.000000,0.000000,0.000000,0.000000,0.000000,0.000000,0.000000,0.000000,0.000000,0.000000,0.000000,0.000000,0.000000,0.000000,0.000000,0.000000,0.000000,0.000000,0.000000,0.000000,0.000000,0.000000,0.000000,0.000000,0.000000,0.000000,0.000000,0.000000,0.000000,0.000000,0.000000,0.000000,0.000000,0.000000,0.000000,0.000000,0.000000,0.000000,0.000000,0.000000,0.000000,0.000000,0.000000,0.000000,0.000000,0.000000]
1.447037,1.000000,[0.000000,-1257144463512658925060096.000000,478605437173891868917760.000000,226963304171467071029248.000000,-911414791662596408737792.000000,1629814127727786795728896.000000,-2412792551131112196276224.000000,3247534210189666748989440.000000,-4072562455353383612055552.000000,4788390428300593374167040.000000,-5282359958009211676262400.000000,5461440852160483002679296.000000,-5282723801511158255452160.000000,4770361047029184072777728.000000,-4011653356863309045825536.000000,3133037297481868355043328.000000,-2265173486057911375364096.000000,1510624222741416118321152.000000,-925374299064602078478336.000000,518180380524149475377152.000000,-263745070919757538000896.000000,121202843637242851753984.000000,-49885118388090647347200.000000,18209592865773422903296.000000,-5823834635590365609984.000000,1606790292367521873920.000000,-374709688421248401408.000000,71825518517065973760.000000,-10866186471510738944.000000,1216619736865770240.000000,-89629582958717312.000000,3259257562135176.000000,0.000000,0.000000,0.000000,0.000000,0.000000,0.000000,0.000000,0.000000,0.000000,0.000000,0.000000,0.000000,0.000000,0.000000,0.000000,0.000000,0.000000,0.000000,0.000000,0.000000,0.000000,0.000000,0.000000,0.000000,0.000000,0.000000,0.000000,0.000000,0.000000,0.000000,0.000000,0.000000,0.000000,0.000000,0.000000,0.000000,0.000000,0.000000,0.000000,0.000000,0.000000,0.000000,0.000000,0.000000,0.000000,0.000000,0.000000,0.000000,0.000000,0.000000,0.000000,0.000000,0.000000,0.000000,0.000000,0.000000,0.000000,0.000000,0.000000,0.000000,0.000000,0.000000,0.000000,0.000000,0.000000,0.000000,0.000000,0.000000]
1.466077,1.000000,[0.000000,-2298594403924589106167808.000000,629590716975346761072640.000000,909990161671905158889472.000000,-2436152143296826385104896.000000,4055378135043126190931968.000000,-5808988607923578919190528.000000,7639592209515496106622976.000000,-9389134185545769481666560.000000,10830840660086476404424704.000000,-11728640444111028054130688.000000,11907939644363467328061440.000000,-11314574710635363974512640.000000,10039569689364680373436416.000000,-8298467749470414305230848.000000,6371963767605735280607232.000000,-4530652111337507388391424.000000,2972223335825026821652480.000000,-1791507106817853064478720.000000,987335651390493535764480.000000,-494713819653957805408256.000000,223855620852442944503808.000000,-90741945140409083625472.000000,32629649366591696011264.000000,-10282209592365098729472.000000,2795690280840784248832.000000,-642630812584237072384.000000,121440541510211993600.000000,-18115870196536643584.000000,2000369328760462848.000000,-145362887271228800.000000,5214812099416282.000000,0.000000,0.000000,0.000000,0.000000,0.000000,0.000000,0.000000,0.000000,0.000000,0.000000,0.000000,0.000000,0.000000,0.000000,0.000000,0.000000,0.000000,0.000000,0.000000,0.000000,0.000000,0.000000,0.000000,0.000000,0.000000,0.000000,0.000000,0.000000,0.000000,0.000000,0.000000,0.000000,0.000000,0.000000,0.000000,0.000000,0.000000,0.000000,0.000000,0.000000,0.000000,0.000000,0.000000,0.000000,0.000000,0.000000,0.000000,0.000000,0.000000,0.000000,0.000000,0.000000,0.000000,0.000000,0.000000,0.000000,0.000000,0.000000,0.000000,0.000000,0.000000,0.000000,0.000000,0.000000,0.000000,0.000000,0.000000,0.000000]
1.485117,1.000000,[0.000000,-4055505476464550411763712.000000,461351050157411776069632.000000,2917675544653144407408640.000000,-6331070310300797286481920.000000,9973998180823148827508736.000000,-13878137098387022216691712.000000,17856828046552255030099968.000000,-21521119092925117442818048.000000,24366529322604978220564480.000000,-25910588497195728289923072.000000,25841448257362763962122240.000000,-24127061350635390153785344.000000,21042392152665737610133504.000000,-17100726659716104056733696.000000,12913533294971681526251520.000000,-9032377379635028343914496.000000,5830461601410754753331200.000000,-3458812761742861024624640.000000,1876565334017164447842304.000000,-925855483957798215090176.000000,412614160448154211713024.000000,-164764901844609553924096.000000,58376764741965775372288.000000,-18128949516288628097024.000000,4858682936895796674560.000000,-1101073625040906485760.000000,205174388534261186560.000000,-30185613911714906112.000000,3287808658379478016.000000,-235709506893615872.000000,8343699359066051.000000,0.000000,0.000000,0.000000,0.000000,0.000000,0.000000,0.000000,0.000000,0.000000,0.000000,0.000000,0.000000,0.000000,0.000000,0.000000,0.000000,0.000000,0.000000,0.000000,0.000000,0.000000,0.000000,0.000000,0.000000,0.000000,0.000000,0.000000,0.000000,0.000000,0.000000,0.000000,0.000000,0.000000,0.000000,0.000000,0.000000,0.000000,0.000000,0.000000,0.000000,0.000000,0.000000,0.000000,0.000000,0.000000,0.000000,0.000000,0.000000,0.000000,0.000000,0.000000,0.000000,0.000000,0.000000,0.000000,0.000000,0.000000,0.000000,0.000000,0.000000,0.000000,0.000000,0.000000,0.000000,0.000000,0.000000,0.000000,0.000000]
1.504156,1.000000,[0.000000,-6765619392437727617089536.000000,-1012443646540027856420864.000000,8466923057625509423742976.000000,-16114111404975164525379584.000000,24285279348349252313022464.000000,-32919116185350588564766720.000000,41483596330238680231837696.000000,-49053708142243175699841024.000000,54532800014485396972896256.000000,-56961810549930827077124096.000000,55822554022161659008647168.000000,-51228733452616067671130112.000000,43928263440094844757737472.000000,-35109282632528774977028096.000000,26081079699735704871370752.000000,-17950080768262497772765184.000000,11404026219302923146362880.000000,-6660039619198875663859712.000000,3558017824802142045601792.000000,-1728937270601369536954368.000000,759041597823812471095296.000000,-298649901796554744791040.000000,104280193296918403612672.000000,-31921528988199282540544.000000,8434536874057817653248.000000,-1884822433186006958080.000000,346390390001846845440.000000,-50269667453771530240.000000,5401919557543333888.000000,-382141430645225024.000000,13349918974505680.000000,0.000000,0.000000,0.000000,0.000000,0.000000,0.000000,0.000000,0.000000,0.000000,0.000000,0.000000,0.000000,0.000000,0.000000,0.000000,0.000000,0.000000,0.000000,0.000000,0.000000,0.000000,0.000000,0.000000,0.000000,0.000000,0.000000,0.000000,0.000000,0.000000,0.000000,0.000000,0.000000,0.000000,0.000000,0.000000,0.000000,0.000000,0.000000,0.000000,0.000000,0.000000,0.000000,0.000000,0.000000,0.000000,0.000000,0.000000,0.000000,0.000000,0.000000,0.000000,0.000000,0.000000,0.000000,0.000000,0.000000,0.000000,0.000000,0.000000,0.000000,0.000000,0.000000,0.000000,0.000000,0.000000,0.000000,0.000000,0.000000]
1.523196,1.000000,[0.000000,-10217524839976346346061824.000000,-6700063669039349150777344.000000,23215543735185913793216512.000000,-40353745856969811192446976.000000,58607916668569159416676352.000000,-77560743694704142970781696.000000,95805979013727793790844928.000000,-111205613036280310713548800.000000,121429566353135117659013120.000000,-124632429293186325600534528.000000,120053326507028286426578944.000000,-108322931588242604820529152.000000,91350791083669017457590272.000000,-71823500031887463745060864.000000,52499775980534619585904640.000000,-35562544960801748606255104.000000,22242465722404001573502976.000000,-12790874085599486182162432.000000,6730190882044248726700032.000000,-3221724591656478768627712.000000,1393656497596032572456960.000000,-540407958852638647255040.000000,186001226667989034598400.000000,-56135168505553537204224.000000,14626152458404113678336.000000,-3223550127098718846976.000000,584386424475217821696.000000,-83672619660560449536.000000,8872356150456469504.000000,-619436240417063424.000000,21359870359209088.000000,0.000000,0.000000,0.000000,0.000000,0.000000,0.000000,0.000000,0.000000,0.000000,0.000000,0.000000,0.000000,0.000000,0.000000,0.000000,0.000000,0.000000,0.000000,0.000000,0.000000,0.000000,0.000000,0.000000,0.000000,0.000000,0.000000,0.000000,0.000000,0.000000,0.000000,0.000000,0.000000,0.000000,0.000000,0.000000,0.000000,0.000000,0.000000,0.000000,0.000000,0.000000,0.000000,0.000000,0.000000,0.000000,0.000000,0.000000,0.000000,0.000000,0.000000,0.000000,0.000000,0.000000,0.000000,0.000000,0.000000,0.000000,0.000000,0.000000,0.000000,0.000000,0.000000,0.000000,0.000000,0.000000,0.000000,0.000000,0.000000]
1.542236,1.000000,[0.000000,-12328001542538544663232512.000000,-24649428111574504340193280.000000,61357117490479345348640768.000000,-99730743372293190121947136.000000,140309112886533137413177344.000000,-181580777319763311899705344.000000,220012934243732653057507328.000000,-250786720669929567737085952.000000,269066763740927997358637056.000000,-271443882773315096252776448.000000,257079081364190797123026944.000000,-228127165191389550699610112.000000,189255365753002882127364096.000000,-146417465639340720615587840.000000,105337168545336434488246272.000000,-70245551370725198714109952.000000,43262469607206097233379328.000000,-24503513066185725409492992.000000,12701340166264684579651584.000000,-5990953245207985251155968.000000,2554095171465235304284160.000000,-976253470165015256367104.000000,331283063772114570969088.000000,-98591961083928119345152.000000,25335974009705812983808.000000,-5508312058043080638464.000000,985221850956684853248.000000,-139199605147170603008.000000,14567431584980588544.000000,-1003913906882827008.000000,34175792574734540.000000,0.000000,0.000000,0.000000,0.000000,0.000000,0.000000,0.000000,0.000000,0.000000,0.000000,0.000000,0.000000,0.000000,0.000000,0.000000,0.000000,0.000000,0.000000,0.000000,0.000000,0.000000,0.000000,0.000000,0.000000,0.000000,0.000000,0.000000,0.000000,0.000000,0.000000,0.000000,0.000000,0.000000,0.000000,0.000000,0.000000,0.000000,0.000000,0.000000,0.000000,0.000000,0.000000,0.000000,0.000000,0.000000,0.000000,0.000000,0.000000,0.000000,0.000000,0.000000,0.000000,0.000000,0.000000,0.000000,0.000000,0.000000,0.000000,0.000000,0.000000,0.000000,0.000000,0.000000,0.000000,0.000000,0.000000,0.000000,0.000000]
1.561276,1.000000,[0.000000,-4935145601116969071804416.000000,-76253355472806810717519872.000000,158009834008142856323072000.000000,-243754657127589003822891008.000000,333443047010311020744802304.000000,-422537004257860877130137600.000000,502492727191929985534263296.000000,-562698811316444120538415104.000000,593373151649473791677956096.000000,-588557661255818618534363136.000000,548202829297539033304399872.000000,-478556683758025024139689984.000000,390659064588409105620664320.000000,-297470246150146999933992960.000000,210686800494973386921869312.000000,-138350363957483976282603520.000000,83922059211241203704004608.000000,-46826425005655973120966656.000000,23916716213148282397917184.000000,-11117982295211917369671680.000000,4672304356443385264865280.000000,-1760775390527293099081728.000000,589208078685740185157632.000000,-172948722140108482936832.000000,43842545650355148947456.000000,-9404432403442939461632.000000,1659874724618998120448.000000,-231459827186461310976.000000,23910238880098639872.000000,-1626767726557363968.000000,54681268119575264.000000,0.000000,0.000000,0.000000,0.000000,0.000000,0.000000,0.000000,0.000000,0.000000,0.000000,0.000000,0.000000,0.000000,0.000000,0.000000,0.000000,0.000000,0.000000,0.000000,0.000000,0.000000,0.000000,0.000000,0.000000,0.000000,0.000000,0.000000,0.000000,0.000000,0.000000,0.000000,0.000000,0.000000,0.000000,0.000000,0.000000,0.000000,0.000000,0.000000,0.000000,0.000000,0.000000,0.000000,0.000000,0.000000,0.000000,0.000000,0.000000,0.000000,0.000000,0.000000,0.000000,0.000000,0.000000,0.000000,0.000000,0.000000,0.000000,0.000000,0.000000,0.000000,0.000000,0.000000,0.000000,0.000000,0.000000,0.000000,0.000000]
1.580316,1.000000,[0.000000,37855780321896933338644480.000000,-216811269161376631557718016.000000,399068528689581986154545152.000000,-590073279610329004819611648.000000,787031077771214200701452288.000000,-977554843127735422216568832.000000,1141607650296954380458393600.000000,-1256341989095994799148761088.000000,1302531639392649155341975552.000000,-1270613955587833154662039552.000000,1164258537130877357819691008.000000,-1000086132765885474508111872.000000,803536651031542768953458688.000000,-602364474137219218303614976.000000,420109099166447825460396032.000000,-271713817858719063658725376.000000,162371149741379516670935040.000000,-89272309736938517842362368.000000,44937535318164398392999936.000000,-20592154286205101097877504.000000,8532152204625792336920576.000000,-3170765472055113069625344.000000,1046502159181249379303424.000000,-303023482814386682200064.000000,75790732482633996959744.000000,-16043016680280101486592.000000,2794675455702273622016.000000,-384681866826397253632.000000,39232442844092243968.000000,-2635637123363527680.000000,87490028991320416.000000,0.000000,0.000000,0.000000,0.000000,0.000000,0.000000,0.000000,0.000000,0.000000,0.000000,0.000000,0.000000,0.000000,0.000000,0.000000,0.000000,0.000000,0.000000,0.000000,0.000000,0.000000,0.000000,0.000000,0.000000,0.000000,0.000000,0.000000,0.000000,0.000000,0.000000,0.000000,0.000000,0.000000,0.000000,0.000000,0.000000,0.000000,0.000000,0.000000,0.000000,0.000000,0.000000,0.000000,0.000000,0.000000,0.000000,0.000000,0.000000,0.000000,0.000000,0.000000,0.000000,0.000000,0.000000,0.000000,0.000000,0.000000,0.000000,0.000000,0.000000,0.000000,0.000000,0.000000,0.000000,0.000000,0.000000,0.000000,0.000000]
1.599356,1.000000,[0.000000,190656010011861065404514304.000000,-586339147871951815928971264.000000,992553613669528580739039232.000000,-1416335894039254818181087232.000000,1845782630310583837013311488.000000,-2249052339182549496236081152.000000,2580377433932723833247105024.000000,-2791666166189180896965296128.000000,2846418996380938651295547392.000000,-2731537451219059462151077888.000000,2462865339068934919777419264.000000,-2082259803044342420585054208.000000,1647077326132800002539388928.000000,-1215848618119419389586440192.000000,835202849381547972675764224.000000,-532164798418778170624835584.000000,313357225428370351122808832.000000,-169798216770000257275658240.000000,84255349080786098087526400.000000,-38066738180703637158756352.000000,15553902810634334507106304.000000,-5701126050796929787363328.000000,1856217544378631137001472.000000,-530312011992599059496960.000000,130890981980382462738432.000000,-27345631961869528858624.000000,4702289849219475832832.000000,-639030452628690960384.000000,64353290824565702656.000000,-4269513414776436736.000000,139984046386112672.000000,0.000000,0.000000,0.000000,0.000000,0.000000,0.000000,0.000000,0.000000,0.000000,0.000000,0.000000,0.000000,0.000000,0.000000,0.000000,0.000000,0.000000,0.000000,0.000000,0.000000,0.000000,0.000000,0.000000,0.000000,0.000000,0.000000,0.000000,0.000000,0.000000,0.000000,0.000000,0.000000,0.000000,0.000000,0.000000,0.000000,0.000000,0.000000,0.000000,0.000000,0.000000,0.000000,0.000000,0.000000,0.000000,0.000000,0.000000,0.000000,0.000000,0.000000,0.000000,0.000000,0.000000,0.000000,0.000000,0.000000,0.000000,0.000000,0.000000,0.000000,0.000000,0.000000,0.000000,0.000000,0.000000,0.000000,0.000000,0.000000]
1.618396,1.000000,[0.000000,656853104742148807948500992.000000,-1533674804796840081417568256.000000,2437887318294798455164370944.000000,-3373607008649157461541912576.000000,4302683612006463836962947072.000000,-5146710203051713383974830080.000000,5803603594005866451472220160.000000,-6174517263731252076165988352.000000,6193192864940936419851894784.000000,-5848179125391855596527943680.000000,5189940424336900554336763904.000000,-4319862080550627764508557312.000000,3364832892684131362936979456.000000,-2446479498619999559553646592.000000,1655623438061743466241589248.000000,-1039478012727067242441736192.000000,603250490747392736777732096.000000,-322230356280472087673438208.000000,157648601437679934081335296.000000,-70239122775506413286326272.000000,28306920127493092224794624.000000,-10235532207902266341982208.000000,3288135278201369335431168.000000,-927033808376387919151104.000000,225832950345733656018944.000000,-46574385048522929995776.000000,7907082030328375672832.000000,-1061060698700644876288.000000,105526973368170987520.000000,-6915211891473966080.000000,223974474217780288.000000,0.000000,0.000000,0.000000,0.000000,0.000000,0.000000,0.000000,0.000000,0.000000,0.000000,0.000000,0.000000,0.000000,0.000000,0.000000,0.000000,0.000000,0.000000,0.000000,0.000000,0.000000,0.000000,0.000000,0.000000,0.000000,0.000000,0.000000,0.000000,0.000000,0.000000,0.000000,0.000000,0.000000,0.000000,0.000000,0.000000,0.000000,0.000000,0.000000,0.000000,0.000000,0.000000,0.000000,0.000000,0.000000,0.000000,0.000000,0.000000,0.000000,0.000000,0.000000,0.000000,0.000000,0.000000,0.000000,0.000000,0.000000,0.000000,0.000000,0.000000,0.000000,0.000000,0.000000,0.000000,0.000000,0.000000,0.000000,0.000000]
1.637436,1.000000,[0.000000,1971169850465541811714654208.000000,-3916612078651823203366731776.000000,5924783914461172005188141056.000000,-7979381381042529910791340032.000000,9972319901041369949623287808.000000,-11716898481286261285243060224.000000,12990476108648138447664447488.000000,-13595143340934563414558113792.000000,13418016059140611189875146752.000000,-12471050855229108847242117120.000000,10895821927269418535204421632.000000,-8930679064491482911122391040.000000,6851620327466609586577866752.000000,-4907741260629045375030788096.000000,3272684308535030028890537984.000000,-2025115114811743243717312512.000000,1158538998964111603960643584.000000,-610157730911363273238511616.000000,294381235965591739065958400.000000,-129366748517306101131116544.000000,51432391528730302210899968.000000,-18349732699564447318933504.000000,5817236730148023634493440.000000,-1618753863609660850831360.000000,389277351582287565684736.000000,-79263265295833713606656.000000,13287967667745787478016.000000,-1761013301941934489600.000000,172992284523957977088.000000,-11198723710889013248.000000,358359158748448448.000000,0.000000,0.000000,0.000000,0.000000,0.000000,0.000000,0.000000,0.000000,0.000000,0.000000,0.000000,0.000000,0.000000,0.000000,0.000000,0.000000,0.000000,0.000000,0.000000,0.000000,0.000000,0.000000,0.000000,0.000000,0.000000,0.000000,0.000000,0.000000,0.000000,0.000000,0.000000,0.000000,0.000000,0.000000,0.000000,0.000000,0.000000,0.000000,0.000000,0.000000,0.000000,0.000000,0.000000,0.000000,0.000000,0.000000,0.000000,0.000000,0.000000,0.000000,0.000000,0.000000,0.000000,0.000000,0.000000,0.000000,0.000000,0.000000,0.000000,0.000000,0.000000,0.000000,0.000000,0.000000,0.000000,0.000000,0.000000,0.000000]
1.656476,1.000000,[0.000000,5503839007935960930714648576.000000,-9821449674519619009085702144.000000,14267283091763392275166527488.000000,-18750402150292869827040116736.000000,22985850930437949570152398848.000000,-26541323235246897606550355968.000000,28941847778397759564997984256.000000,-29803038980979665538390163456.000000,28951456207762444091754807296.000000,-26491174524728221758272831488.000000,22791722522325959183098183680.000000,-18400058699666338189840220160.000000,13907237280324002233689571328.000000,-9815996602127490617383583744.000000,6451363962543094157381992448.000000,-3935307583077256042372923392.000000,2219757036889396461560659968.000000,-1152881111037536308108984320.000000,548630026655330450056151040.000000,-237846232544927912212561920.000000,93301666065707142479872000.000000,-32849914357391929246744576.000000,10278831086402634862559232.000000,-2823572592724829873897472.000000,670401721709160346681344.000000,-134794005073981419290624.000000,22317356249558418456576.000000,-2921416653821469786112.000000,283506889464866144256.000000,-18132973432671490048.000000,573374653997517504.000000,0.000000,0.000000,0.000000,0.000000,0.000000,0.000000,0.000000,0.000000,0.000000,0.000000,0.000000,0.000000,0.000000,0.000000,0.000000,0.000000,0.000000,0.000000,0.000000,0.000000,0.000000,0.000000,0.000000,0.000000,0.000000,0.000000,0.000000,0.000000,0.000000,0.000000,0.000000,0.000000,0.000000,0.000000,0.000000,0.000000,0.000000,0.000000,0.000000,0.000000,0.000000,0.000000,0.000000,0.000000,0.000000,0.000000,0.000000,0.000000,0.000000,0.000000,0.000000,0.000000,0.000000,0.000000,0.000000,0.000000,0.000000,0.000000,0.000000,0.000000,0.000000,0.000000,0.000000,0.000000,0.000000,0.000000,0.000000,0.000000]
1.675516,1.000000,[0.000000,14699012217409308894594859008.000000,-24274689334289422261199831040.000000,34077894236997149096685862912.000000,-43792153998731363224574230528.000000,52702155429848856116955447296.000000,-59831225843433689270651453440.000000,64188779834024211108593664000.000000,-65055736094224927798039937024.000000,62217034647256836564896972800.000000,-56060912752960720647393116160.000000,47506791255521339805884481536.000000,-37784436287660541564348792832.000000,28141177609794897724431138816.000000,-19576412940929842361852231680.000000,12683366889915304277234941952.000000,-7628346355057246994977259520.000000,4243339925645556618142679040.000000,-2173787793653256294288588800.000000,1020515782175485467417378816.000000,-436534971711308910668283904.000000,168992614319566578643894272.000000,-58727161623668670718803968.000000,18140273293879114670800896.000000,-4919957181385224382054400.000000,1153519157779045459951616.000000,-229060821868105347104768.000000,37460619991586351087616.000000,-4844370779793271029760.000000,464490807203388719104.000000,-29356782284672892928.000000,917399446396027904.000000,0.000000,0.000000,0.000000,0.000000,0.000000,0.000000,0.000000,0.000000,0.000000,0.000000,0.000000,0.000000,0.000000,0.000000,0.000000,0.000000,0.000000,0.000000,0.000000,0.000000,0.000000,0.000000,0.000000,0.000000,0.000000,0.000000,0.000000,0.000000,0.000000,0.000000,0.000000,0.000000,0.000000,0.000000,0.000000,0.000000,0.000000,0.000000,0.000000,0.000000,0.000000,0.000000,0.000000,0.000000,0.000000,0.000000,0.000000,0.000000,0.000000,0.000000,0.000000,0.000000,0.000000,0.000000,0.000000,0.000000,0.000000,0.000000,0.000000,0.000000,0.000000,0.000000,0.000000,0.000000,0.000000,0.000000,0.000000,0.000000]
1.694556,1.000000,[0.000000,38083233148428546708462370816.000000,-59286239477061370353587060736.000000,80799923178434247693348896768.000000,-101688739655879487792617619456.000000,120222184193818363998114938880.000000,-134243229249908429498198523904.000000,141735489390973687415699406848.000000,-141419398539113979378927665152.000000,133183803087387370892271026176.000000,-118201535158049946364048048128.000000,98681527781430454554275610624.000000,-77339804626133799859960938496.000000,56771731940229740016982556672.000000,-38932280839436926826867326976.000000,24870394836898834820659937280.000000,-14751358123478930262360850432.000000,8093616557224844365601439744.000000,-4090369939150501516238913536.000000,1894746234507562162988253184.000000,-799851523329834163023904768.000000,305624479885507728261513216.000000,-104847622574197348824514560.000000,31976411579037719820500992.000000,-8564042984883786931503104.000000,1983067145567335971028992.000000,-388973686983920342532096.000000,62843614454414122680320.000000,-8029687731991267508224.000000,760799360896225640448.000000,-47521291323314241536.000000,1467839114233644544.000000,0.000000,0.000000,0.000000,0.000000,0.000000,0.000000,0.000000,0.000000,0.000000,0.000000,0.000000,0.000000,0.000000,0.000000,0.000000,0.000000,0.000000,0.000000,0.000000,0.000000,0.000000,0.000000,0.000000,0.000000,0.000000,0.000000,0.000000,0.000000,0.000000,0.000000,0.000000,0.000000,0.000000,0.000000,0.000000,0.000000,0.000000,0.000000,0.000000,0.000000,0.000000,0.000000,0.000000,0.000000,0.000000,0.000000,0.000000,0.000000,0.000000,0.000000,0.000000,0.000000,0.000000,0.000000,0.000000,0.000000,0.000000,0.000000,0.000000,0.000000,0.000000,0.000000,0.000000,0.000000,0.000000,0.000000,0.000000,0.000000]
1.713596,1.000000,[0.000000,96504916723722493427254820864.000000,-143337937070358734144874217472.000000,190293120879022481948054388736.000000,-234835293965698205903931572224.000000,272901432260054415466842554368.000000,-299830460434437713720286117888.000000,311628422149026269900289605632.000000,-306181319515014775467898044416.000000,284015006034649754209188052992.000000,-248331372921738165804418990080.000000,204294327225969024795003584512.000000,-157806726565951927304564244480.000000,114194139608029752437822717952.000000,-77213886245238382056165081088.000000,48643446613125485953988689920.000000,-28458342931901197677966131200.000000,15404008455050051894705651712.000000,-7681439643345339723775213568.000000,3511504889209999601254268928.000000,-1463137125259039304667103232.000000,551907741361330767641182208.000000,-186942043066138384857563136.000000,56300684317390621294723072.000000,-14892309063154459438219264.000000,3406291645098090014179328.000000,-660064067846921019981824.000000,105367595766257358471168.000000,-13303979987723763056640.000000,1245791752227949641728.000000,-76914769585842978816.000000,2348542582773831168.000000,0.000000,0.000000,0.000000,0.000000,0.000000,0.000000,0.000000,0.000000,0.000000,0.000000,0.000000,0.000000,0.000000,0.000000,0.000000,0.000000,0.000000,0.000000,0.000000,0.000000,0.000000,0.000000,0.000000,0.000000,0.000000,0.000000,0.000000,0.000000,0.000000,0.000000,0.000000,0.000000,0.000000,0.000000,0.000000,0.000000,0.000000,0.000000,0.000000,0.000000,0.000000,0.000000,0.000000,0.000000,0.000000,0.000000,0.000000,0.000000,0.000000,0.000000,0.000000,0.000000,0.000000,0.000000,0.000000,0.000000,0.000000,0.000000,0.000000,0.000000,0.000000,0.000000,0.000000,0.000000,0.000000,0.000000,0.000000,0.000000]
1.732636,1.000000,[0.000000,240410629000171237007406661632.000000,-343516571839987484911254634496.000000,445370169785854824290501787648.000000,-539477329701149757615772794880.000000,616540567876749735200366264320.000000,-666705789984516139077003640832.000000,682314267147450883047453360128.000000,-660299114844813549569145044992.000000,603422833408482520291101114368.000000,-519906793010362494237821370368.000000,421554959501121627720679161856.000000,-321007246270340914039373168640.000000,229038955119990633134215397376.000000,-152728285960256706380694552576.000000,94904520340141496133161582592.000000,-54775753764071948301178503168.000000,29255277314087284666770915328.000000,-14397206362878541559574298624.000000,6496290097891422395051278336.000000,-2672164045231261279332597760.000000,995217612017812300372115456.000000,-332887679496255759343157248.000000,99016480345717667157508096.000000,-25871469488105987176923136.000000,5846105072865097252077568.000000,-1119323066014827909480448.000000,176570541218646011674624.000000,-22033843031694790098944.000000,2039415665316225089536.000000,-124472756887013064704.000000,3757668132438129664.000000,0.000000,0.000000,0.000000,0.000000,0.000000,0.000000,0.000000,0.000000,0.000000,0.000000,0.000000,0.000000,0.000000,0.000000,0.000000,0.000000,0.000000,0.000000,0.000000,0.000000,0.000000,0.000000,0.000000,0.000000,0.000000,0.000000,0.000000,0.000000,0.000000,0.000000,0.000000,0.000000,0.000000,0.000000,0.000000,0.000000,0.000000,0.000000,0.000000,0.000000,0.000000,0.000000,0.000000,0.000000,0.000000,0.000000,0.000000,0.000000,0.000000,0.000000,0.000000,0.000000,0.000000,0.000000,0.000000,0.000000,0.000000,0.000000,0.000000,0.000000,0.000000,0.000000,0.000000,0.000000,0.000000,0.000000,0.000000,0.000000]
1.751676,1.000000,[0.000000,590766949504266456084854603776.000000,-816848616815492757842317803520.000000,1036278669478057488991773523968.000000,-1233088068247889453305456230400.000000,1386488382593509062734304509952.000000,-1476117824263696352351677841408.000000,1487882296342809542617412403200.000000,-1418532283796791121116548562944.000000,1277420609259789500860956934144.000000,-1084783844517252854822931005440.000000,867092282963999054260468711424.000000,-651034967104539884564772814848.000000,458099299768138980548166025216.000000,-301307969740495631407445442560.000000,184712684802669545201579589632.000000,-105194372410967495118822572032.000000,55446767520266781282187345920.000000,-26933304239340522131372900352.000000,11997362583765032489730441216.000000,-4872593039580705317204262912.000000,1792080786926252971274534912.000000,-592030175401439787755765760.000000,173949250246011871784075264.000000,-44902014224688631821369344.000000,10025361956193052724822016.000000,-1896859230354912342704128.000000,295733171768850479316992.000000,-36477798249901395542016.000000,3337748718638168276992.000000,-201411011898683785216.000000,6012269011901007872.000000,0.000000,0.000000,0.000000,0.000000,0.000000,0.000000,0.000000,0.000000,0.000000,0.000000,0.000000,0.000000,0.000000,0.000000,0.000000,0.000000,0.000000,0.000000,0.000000,0.000000,0.000000,0.000000,0.000000,0.000000,0.000000,0.000000,0.000000,0.000000,0.000000,0.000000,0.000000,0.000000,0.000000,0.000000,0.000000,0.000000,0.000000,0.000000,0.000000,0.000000,0.000000,0.000000,0.000000,0.000000,0.000000,0.000000,0.000000,0.000000,0.000000,0.000000,0.000000,0.000000,0.000000,0.000000,0.000000,0.000000,0.000000,0.000000,0.000000,0.000000,0.000000,0.000000,0.000000,0.000000,0.000000,0.000000,0.000000,0.000000]
