t,c,u
0.000000,1.000000,[0.000000,0.000000,0.000000,0.000000,0.000000,0.000000,0.000000,0.000000,0.000000,0.000000,0.000000,0.000000,0.000000,0.000000,0.000000,0.000000,1.000000,1.000000,1.000000,1.000000,1.000000,1.000000,1.000000,1.000000,1.000000,1.000000,1.000000,1.000000,1.000000,1.000000,1.000000,1.000000,0.000000,0.000000,0.000000,0.000000,0.000000,0.000000,0.000000,0.000000,0.000000,0.000000,0.000000,0.000000,0.000000,0.000000,0.000000,0.000000,0.000000,0.000000,0.000000,0.000000,0.000000,0.000000,0.000000,0.000000,0.000000,0.000000,0.000000,0.000000,0.000000,0.000000,0.000000,0.000000,0.000000,0.000000,0.000000,0.000000,0.000000,0.000000,0.000000,0.000000,0.000000,0.000000,0.000000,0.000000,0.000000,0.000000,0.000000,0.000000,0.000000,0.000000,0.000000,0.000000,0.000000,0.000000,0.000000,0.000000,0.000000,0.000000,0.000000,0.000000,0.000000,0.000000,0.000000,0.000000,0.000000,0.000000,0.000000,0.000000]
0.015867,1.000000,[0.000000,0.000000,0.000000,0.000000,0.000000,0.000000,0.000000,0.000000,0.000000,0.000000,0.000000,0.000000,0.000000,0.000000,0.000000,-0.500000,1.000000,1.000000,1.000000,1.000000,1.000000,1.000000,1.000000,1.000000,1.000000,1.000000,1.000000,1.000000,1.000000,1.000000,1.000000,1.500000,0.000000,0.000000,0.000000,0.000000,0.000000,0.000000,0.000000,0.000000,0.000000,0.000000,0.000000,0.000000,0.000000,0.000000,0.000000,0.000000,0.000000,0.000000,0.000000,0.000000,0.000000,0.000000,0.000000,0.000000,0.000000,0.000000,0.000000,0.000000,0.000000,0.000000,0.000000,0.000000,0.000000,0.000000,0.000000,0.000000,0.000000,0.000000,0.000000,0.000000,0.000000,0.000000,0.000000,0.000000,0.000000,0.000000,0.000000,0.000000,0.000000,0.000000,0.000000,0.000000,0.000000,0.000000,0.000000,0.000000,0.000000,0.000000,0.000000,0.000000,0.000000,0.000000,0.000000,0.000000,0.000000,0.000000,0.000000,0.000000]
0.031733,1.000000,[0.000000,0.000000,0.000000,0.000000,0.000000,0.000000,0.000000,0.000000,0.000000,0.000000,0.000000,0.000000,0.000000,0.000000,0.250000,-1.250000,1.000000,1.000000,1.000000,1.000000,1.000000,1.000000,1.000000,1.000000,1.000000,1.000000,1.000000,1.000000,1.000000,1.000000,0.750000,2.250000,0.000000,0.000000,0.000000,0.000000,0.000000,0.000000,0.000000,0.000000,0.000000,0.000000,0.000000,0.000000,0.000000,0.000000,0.000000,0.000000,0.000000,0.000000,0.000000,0.000000,0.000000,0.000000,0.000000,0.000000,0.000000,0.000000,0.000000,0.000000,0.000000,0.000000,0.000000,0.000000,0.000000,0.000000,0.000000,0.000000,0.000000,0.000000,0.000000,0.000000,0.000000,0.000000,0.000000,0.000000,0.000000,0.000000,0.000000,0.000000,0.000000,0.000000,0.000000,0.000000,0.000000,0.000000,0.000000,0.000000,0.000000,0.000000,0.000000,0.000000,0.000000,0.000000,0.000000,0.000000,0.000000,0.000000,0.000000,0.000000]
0.047600,1.000000,[0.000000,0.000000,0.000000,0.000000,0.000000,0.000000,0.000000,0.000000,0.000000,0.000000,0.000000,0.000000,0.000000,-0.125000,1.000000,-2.375000,1.000000,1.000000,1.000000,1.000000,1.000000,1.000000,1.000000,1.000000,1.000000,1.000000,1.000000,1.000000,1.000000,1.125000,0.000000,3.375000,0.000000,0.000000,0.000000,0.000000,0.000000,0.000000,0.000000,0.000000,0.000000,0.000000,0.000000,0.000000,0.000000,0.000000,0.000000,0.000000,0.000000,0.000000,0.000000,0.000000,0.000000,0.000000,0.000000,0.000000,0.000000,0.000000,0.000000,0.000000,0.000000,0.000000,0.000000,0.000000,0.000000,0.000000,0.000000,0.000000,0.000000,0.000000,0.000000,0.000000,0.000000,0.000000,0.000000,0.000000,0.000000,0.000000,0.000000,0.000000,0.000000,0.000000,0.000000,0.000000,0.000000,0.000000,0.000000,0.000000,0.000000,0.000000,0.000000,0.000000,0.000000,0.000000,0.000000,0.000000,0.000000,0.000000,0.000000,0.000000]
0.063467,1.000000,[0.000000,0.000000,0.000000,0.000000,0.000000,0.000000,0.000000,0.000000,0.000000,0.000000,0.000000,0.000000,0.062500,-0.687500,2.687500,-4.062500,1.000000,1.000000,1.000000,1.000000,1.000000,1.000000,1.000000,1.000000,1.000000,1.000000,1.000000,1.000000,0.937500,1.687500,-1.687500,5.062500,0.000000,0.000000,0.000000,0.000000,0.000000,0.000000,0.000000,0.000000,0.000000,0.000000,0.000000,0.000000,0.000000,0.000000,0.000000,0.000000,0.000000,0.000000,0.000000,0.000000,0.000000,0.000000,0.000000,0.000000,0.000000,0.000000,0.000000,0.000000,0.000000,0.000000,0.000000,0.000000,0.000000,0.000000,0.000000,0.000000,0.000000,0.000000,0.000000,0.000000,0.000000,0.000000,0.000000,0.000000,0.000000,0.000000,0.000000,0.000000,0.000000,0.000000,0.000000,0.000000,0.000000,0.000000,0.000000,0.000000,0.000000,0.000000,0.000000,0.000000,0.000000,0.000000,0.000000,0.000000,0.000000,0.000000,0.000000,0.000000]
0.079333,1.000000,[0.000000,0.000000,0.000000,0.000000,0.000000,0.000000,0.000000,0.000000,0.000000,0.000000,0.000000,-0.031250,0.437500,-2.375000,6.062500,-6.593750,1.000000,1.000000,1.000000,1.000000,1.000000,1.000000,1.000000,1.000000,1.000000,1.000000,1.000000,1.031250,0.562500,3.375000,-5.062500,7.593750,0.000000,0.000000,0.000000,0.000000,0.000000,0.000000,0.000000,0.000000,0.000000,0.000000,0.000000,0.000000,0.000000,0.000000,0.000000,0.000000,0.000000,0.000000,0.000000,0.000000,0.000000,0.000000,0.000000,0.000000,0.000000,0.000000,0.000000,0.000000,0.000000,0.000000,0.000000,0.000000,0.000000,0.000000,0.000000,0.000000,0.000000,0.000000,0.000000,0.000000,0.000000,0.000000,0.000000,0.000000,0.000000,0.000000,0.000000,0.000000,0.000000,0.000000,0.000000,0.000000,0.000000,0.000000,0.000000,0.000000,0.000000,0.000000,0.000000,0.000000,0.000000,0.000000,0.000000,0.000000,0.000000,0.000000,0.000000,0.000000]
0.095200,1.000000,[0.000000,0.000000,0.000000,0.000000,0.000000,0.000000,0.000000,0.000000,0.000000,0.000000,0.015625,-0.265625,1.843750,-6.593750,12.390625,-10.390625,1.000000,1.000000,1.000000,1.000000,1.000000,1.000000,1.000000,1.000000,1.000000,1.000000,0.984375,1.265625,-0.843750,7.593750,-11.390625,11.390625,0.000000,0.000000,0.000000,0.000000,0.000000,0.000000,0.000000,0.000000,0.000000,0.000000,0.000000,0.000000,0.000000,0.000000,0.000000,0.000000,0.000000,0.000000,0.000000,0.000000,0.000000,0.000000,0.000000,0.000000,0.000000,0.000000,0.000000,0.000000,0.000000,0.000000,0.000000,0.000000,0.000000,0.000000,0.000000,0.000000,0.000000,0.000000,0.000000,0.000000,0.000000,0.000000,0.000000,0.000000,0.000000,0.000000,0.000000,0.000000,0.000000,0.000000,0.000000,0.000000,0.000000,0.000000,0.000000,0.000000,0.000000,0.000000,0.000000,0.000000,0.000000,0.000000,0.000000,0.000000,0.000000,0.000000,0.000000,0.000000]
0.111066,1.000000,[0.000000,0.000000,0.000000,0.000000,0.000000,0.000000,0.000000,0.000000,0.000000,-0.007812,0.156250,-1.320312,6.062500,-16.085938,23.781250,-16.085938,1.000000,1.000000,1.000000,1.000000,1.000000,1.000000,1.000000,1.000000,1.000000,1.007812,0.843750,2.320312,-5.062500,17.085938,-22.781250,17.085938,0.000000,0.000000,0.000000,0.000000,0.000000,0.000000,0.000000,0.000000,0.000000,0.000000,0.000000,0.000000,0.000000,0.000000,0.000000,0.000000,0.000000,0.000000,0.000000,0.000000,0.000000,0.000000,0.000000,0.000000,0.000000,0.000000,0.000000,0.000000,0.000000,0.000000,0.000000,0.000000,0.000000,0.000000,0.000000,0.000000,0.000000,0.000000,0.000000,0.000000,0.000000,0.000000,0.000000,0.000000,0.000000,0.000000,0.000000,0.000000,0.000000,0.000000,0.000000,0.000000,0.000000,0.000000,0.000000,0.000000,0.000000,0.000000,0.000000,0.000000,0.000000,0.000000,0.000000,0.000000,0.000000,0.000000,0.000000,0.000000]
0.126933,1.000000,[0.000000,0.000000,0.000000,0.000000,0.000000,0.000000,0.000000,0.000000,0.003906,-0.089844,0.894531,-5.011719,17.136719,-36.019531,43.714844,-24.628906,1.000000,1.000000,1.000000,1.000000,1.000000,1.000000,1.000000,1.000000,0.996094,1.089844,0.105469,6.011719,-16.136719,37.019531,-42.714844,25.628906,0.000000,0.000000,0.000000,0.000000,0.000000,0.000000,0.000000,0.000000,0.000000,0.000000,0.000000,0.000000,0.000000,0.000000,0.000000,0.000000,0.000000,0.000000,0.000000,0.000000,0.000000,0.000000,0.000000,0.000000,0.000000,0.000000,0.000000,0.000000,0.000000,0.000000,0.000000,0.000000,0.000000,0.000000,0.000000,0.000000,0.000000,0.000000,0.000000,0.000000,0.000000,0.000000,0.000000,0.000000,0.000000,0.000000,0.000000,0.000000,0.000000,0.000000,0.000000,0.000000,0.000000,0.000000,0.000000,0.000000,0.000000,0.000000,0.000000,0.000000,0.000000,0.000000,0.000000,0.000000,0.000000,0.000000,0.000000,0.000000]
0.142800,1.000000,[0.000000,0.000000,0.000000,0.000000,0.000000,0.000000,0.000000,-0.001953,0.050781,-0.582031,3.847656,-16.085938,43.714844,-75.886719,77.886719,-37.443359,1.000000,1.000000,1.000000,1.000000,1.000000,1.000000,1.000000,1.001953,0.949219,1.582031,-2.847656,17.085938,-42.714844,76.886719,-76.886719,38.443359,0.000000,0.000000,0.000000,0.000000,0.000000,0.000000,0.000000,0.000000,0.000000,0.000000,0.000000,0.000000,0.000000,0.000000,0.000000,0.000000,0.000000,0.000000,0.000000,0.000000,0.000000,0.000000,0.000000,0.000000,0.000000,0.000000,0.000000,0.000000,0.000000,0.000000,0.000000,0.000000,0.000000,0.000000,0.000000,0.000000,0.000000,0.000000,0.000000,0.000000,0.000000,0.000000,0.000000,0.000000,0.000000,0.000000,0.000000,0.000000,0.000000,0.000000,0.000000,0.000000,0.000000,0.000000,0.000000,0.000000,0.000000,0.000000,0.000000,0.000000,0.000000,0.000000,0.000000,0.000000,0.000000,0.000000,0.000000,0.000000]
0.158666,1.000000,[0.000000,0.000000,0.000000,0.000000,0.000000,0.000000,0.000977,-0.028320,0.367188,-2.796875,13.814453,-45.986328,103.515625,-152.773438,135.551758,-56.665039,1.000000,1.000000,1.000000,1.000000,1.000000,1.000000,0.999023,1.028320,0.632812,3.796875,-12.814453,46.986328,-102.515625,153.773438,-134.551758,57.665039,0.000000,0.000000,0.000000,0.000000,0.000000,0.000000,0.000000,0.000000,0.000000,0.000000,0.000000,0.000000,0.000000,0.000000,0.000000,0.000000,0.000000,0.000000,0.000000,0.000000,0.000000,0.000000,0.000000,0.000000,0.000000,0.000000,0.000000,0.000000,0.000000,0.000000,0.000000,0.000000,0.000000,0.000000,0.000000,0.000000,0.000000,0.000000,0.000000,0.000000,0.000000,0.000000,0.000000,0.000000,0.000000,0.000000,0.000000,0.000000,0.000000,0.000000,0.000000,0.000000,0.000000,0.000000,0.000000,0.000000,0.000000,0.000000,0.000000,0.000000,0.000000,0.000000,0.000000,0.000000,0.000000,0.000000,0.000000,0.000000]
0.174533,1.000000,[0.000000,0.000000,0.000000,0.000000,0.000000,-0.000488,0.015625,-0.226074,1.949219,-11.102539,43.714844,-120.737305,231.660156,-296.936035,231.660156,-85.497559,1.000000,1.000000,1.000000,1.000000,1.000000,1.000488,0.984375,1.226074,-0.949219,12.102539,-42.714844,121.737305,-230.660156,297.936035,-230.660156,86.497559,0.000000,0.000000,0.000000,0.000000,0.000000,0.000000,0.000000,0.000000,0.000000,0.000000,0.000000,0.000000,0.000000,0.000000,0.000000,0.000000,0.000000,0.000000,0.000000,0.000000,0.000000,0.000000,0.000000,0.000000,0.000000,0.000000,0.000000,0.000000,0.000000,0.000000,0.000000,0.000000,0.000000,0.000000,0.000000,0.000000,0.000000,0.000000,0.000000,0.000000,0.000000,0.000000,0.000000,0.000000,0.000000,0.000000,0.000000,0.000000,0.000000,0.000000,0.000000,0.000000,0.000000,0.000000,0.000000,0.000000,0.000000,0.000000,0.000000,0.000000,0.000000,0.000000,0.000000,0.000000,0.000000,0.000000,0.000000,0.000000]
0.190400,1.000000,[0.000000,0.000000,0.000000,0.000000,0.000244,-0.008545,0.136475,-1.313721,8.475098,-38.511230,125.940918,-296.936035,495.958252,-561.234131,390.239014,-128.746338,1.000000,1.000000,1.000000,1.000000,0.999756,1.008545,0.863525,2.313721,-7.475098,39.511230,-124.940918,297.936035,-494.958252,562.234131,-389.239014,129.746338,0.000000,0.000000,0.000000,0.000000,0.000000,0.000000,0.000000,0.000000,0.000000,0.000000,0.000000,0.000000,0.000000,0.000000,0.000000,0.000000,0.000000,0.000000,0.000000,0.000000,0.000000,0.000000,0.000000,0.000000,0.000000,0.000000,0.000000,0.000000,0.000000,0.000000,0.000000,0.000000,0.000000,0.000000,0.000000,0.000000,0.000000,0.000000,0.000000,0.000000,0.000000,0.000000,0.000000,0.000000,0.000000,0.000000,0.000000,0.000000,0.000000,0.000000,0.000000,0.000000,0.000000,0.000000,0.000000,0.000000,0.000000,0.000000,0.000000,0.000000,0.000000,0.000000,0.000000,0.000000,0.000000,0.000000,0.000000,0.000000]
0.206266,1.000000,[0.000000,0.000000,0.000000,-0.000122,0.004639,-0.081055,0.861572,-6.208130,31.968262,-120.737305,337.379395,-693.383179,1024.554443,-1036.970703,649.731689,-193.619507,1.000000,1.000000,1.000000,1.000122,0.995361,1.081055,0.138428,7.208130,-30.968262,121.737305,-336.379395,694.383179,-1023.554443,1037.970703,-648.731689,194.619507,0.000000,0.000000,0.000000,0.000000,0.000000,0.000000,0.000000,0.000000,0.000000,0.000000,0.000000,0.000000,0.000000,0.000000,0.000000,0.000000,0.000000,0.000000,0.000000,0.000000,0.000000,0.000000,0.000000,0.000000,0.000000,0.000000,0.000000,0.000000,0.000000,0.000000,0.000000,0.000000,0.000000,0.000000,0.000000,0.000000,0.000000,0.000000,0.000000,0.000000,0.000000,0.000000,0.000000,0.000000,0.000000,0.000000,0.000000,0.000000,0.000000,0.000000,0.000000,0.000000,0.000000,0.000000,0.000000,0.000000,0.000000,0.000000,0.000000,0.000000,0.000000,0.000000,0.000000,0.000000,0.000000,0.000000,0.000000,0.000000]
0.222133,1.000000,[0.000000,0.000000,0.000061,-0.002502,0.047485,-0.552368,4.396423,-25.296326,108.321045,-349.795654,852.760681,-1552.351990,2055.317017,-1880.321899,1071.407288,-290.929260,1.000000,1.000000,0.999939,1.002502,0.952515,1.552368,-3.396423,26.296326,-107.321045,350.795654,-851.760681,1553.351990,-2054.317017,1881.321899,-1070.407288,291.929260,0.000000,0.000000,0.000000,0.000000,0.000000,0.000000,0.000000,0.000000,0.000000,0.000000,0.000000,0.000000,0.000000,0.000000,0.000000,0.000000,0.000000,0.000000,0.000000,0.000000,0.000000,0.000000,0.000000,0.000000,0.000000,0.000000,0.000000,0.000000,0.000000,0.000000,0.000000,0.000000,0.000000,0.000000,0.000000,0.000000,0.000000,0.000000,0.000000,0.000000,0.000000,0.000000,0.000000,0.000000,0.000000,0.000000,0.000000,0.000000,0.000000,0.000000,0.000000,0.000000,0.000000,0.000000,0.000000,0.000000,0.000000,0.000000,0.000000,0.000000,0.000000,0.000000,0.000000,0.000000,0.000000,0.000000,0.000000,0.000000]
0.237999,1.000000,[0.000000,-0.000031,0.001343,-0.027496,0.347412,-3.026764,19.242798,-92.105011,337.379395,-951.073822,2055.317017,-3356.186493,4023.136475,-3356.186493,1752.575562,-436.893890,1.000000,1.000031,0.998657,1.027496,0.652588,4.026764,-18.242798,93.105011,-336.379395,952.073822,-2054.317017,3357.186493,-4022.136475,3357.186493,-1751.575562,437.893890,0.000000,0.000000,0.000000,0.000000,0.000000,0.000000,0.000000,0.000000,0.000000,0.000000,0.000000,0.000000,0.000000,0.000000,0.000000,0.000000,0.000000,0.000000,0.000000,0.000000,0.000000,0.000000,0.000000,0.000000,0.000000,0.000000,0.000000,0.000000,0.000000,0.000000,0.000000,0.000000,0.000000,0.000000,0.000000,0.000000,0.000000,0.000000,0.000000,0.000000,0.000000,0.000000,0.000000,0.000000,0.000000,0.000000,0.000000,0.000000,0.000000,0.000000,0.000000,0.000000,0.000000,0.000000,0.000000,0.000000,0.000000,0.000000,0.000000,0.000000,0.000000,0.000000,0.000000,0.000000,0.000000,0.000000,0.000000,0.000000]
0.253866,1.000000,[0.000000,-0.000717,0.015762,-0.214951,2.034500,-14.161545,74.916702,-306.847214,981.606003,-2454.269241,4761.068771,-7045.847977,7712.797958,-5910.567520,2847.310287,-655.840836,0.999985,1.000717,0.984238,1.214951,-1.034500,15.161545,-73.916702,307.847214,-980.606003,2455.269241,-4760.068771,7046.847977,-7711.797958,5911.567520,-2846.310287,656.840836,0.000000,0.000000,0.000000,0.000000,0.000000,0.000000,0.000000,0.000000,0.000000,0.000000,0.000000,0.000000,0.000000,0.000000,0.000000,0.000000,0.000000,0.000000,0.000000,0.000000,0.000000,0.000000,0.000000,0.000000,0.000000,0.000000,0.000000,0.000000,0.000000,0.000000,0.000000,0.000000,0.000000,0.000000,0.000000,0.000000,0.000000,0.000000,0.000000,0.000000,0.000000,0.000000,0.000000,0.000000,0.000000,0.000000,0.000000,0.000000,0.000000,0.000000,0.000000,0.000000,0.000000,0.000000,0.000000,0.000000,0.000000,0.000000,0.000000,0.000000,0.000000,0.000000,0.000000,0.000000,0.000000,0.000000,0.000000,0.000000]
0.269733,1.000000,[0.000000,-0.008957,0.131119,-1.339676,10.132523,-58.700668,265.798660,-951.073822,2699.543625,-6061.938248,10664.527145,-14425.170944,14524.480698,-10289.506424,4598.885849,-984.261246,0.999619,1.008957,0.868881,2.339676,-9.132523,59.700668,-264.798660,952.073822,-2698.543625,6062.938248,-10663.527145,14426.170944,-14523.480698,10290.506424,-4597.885849,985.261253,0.000000,0.000000,0.000000,0.000000,0.000000,0.000000,0.000000,0.000000,0.000000,0.000000,0.000000,0.000000,0.000000,0.000000,0.000000,0.000000,0.000000,0.000000,0.000000,0.000000,0.000000,0.000000,0.000000,0.000000,0.000000,0.000000,0.000000,0.000000,0.000000,0.000000,0.000000,0.000000,0.000000,0.000000,0.000000,0.000000,0.000000,0.000000,0.000000,0.000000,0.000000,0.000000,0.000000,0.000000,0.000000,0.000000,0.000000,0.000000,0.000000,0.000000,0.000000,0.000000,0.000000,0.000000,0.000000,0.000000,0.000000,0.000000,0.000000,0.000000,0.000000,0.000000,0.000000,0.000000,0.000000,0.000000,0.000000,0.000000]
0.285599,1.000000,[0.000000,-0.078995,0.866516,-7.075775,44.549118,-220.950333,874.234901,-2776.382545,7080.284561,-14425.170944,23209.376190,-28899.996765,26931.474258,-17733.702560,7390.459396,-1476.891678,0.994949,1.078995,0.133484,8.075775,-43.549118,221.950333,-873.234901,2777.382545,-7079.284561,14426.170944,-23208.376190,28900.996765,-26930.474258,17734.702560,-7389.459400,1477.891880,0.000000,0.000000,0.000000,0.000000,0.000000,0.000000,0.000000,0.000000,0.000000,0.000000,0.000000,0.000000,0.000000,0.000000,0.000000,0.000000,0.000000,0.000000,0.000000,0.000000,0.000000,0.000000,0.000000,0.000000,0.000000,0.000000,0.000000,0.000000,0.000000,0.000000,0.000000,0.000000,0.000000,0.000000,0.000000,0.000000,0.000000,0.000000,0.000000,0.000000,0.000000,0.000000,0.000000,0.000000,0.000000,0.000000,0.000000,0.000000,0.000000,0.000000,0.000000,0.000000,0.000000,0.000000,0.000000,0.000000,0.000000,0.000000,0.000000,0.000000,0.000000,0.000000,0.000000,0.000000,0.000000,0.000000,0.000000,0.000000]
0.301466,1.000000,[0.000000,-0.551750,4.837662,-32.888222,177.298843,-768.542950,2699.543625,-7704.716099,17833.012314,-33242.444511,49264.062668,-56815.732277,49264.062668,-30295.783539,11824.134933,-2215.834991,0.952927,1.551750,-3.837662,33.888222,-176.298843,769.542950,-2698.543625,7705.716099,-17832.012314,33243.444511,-49263.062668,56816.732277,-49263.062668,30296.783541,-11823.135040,2216.837820,0.000000,0.000000,0.000000,0.000000,0.000000,0.000000,0.000000,0.000000,0.000000,0.000000,0.000000,0.000000,0.000000,0.000000,0.000000,0.000000,0.000000,0.000000,0.000000,0.000000,0.000000,0.000000,0.000000,0.000000,0.000000,0.000000,0.000000,0.000000,0.000000,0.000000,0.000000,0.000000,0.000000,0.000000,0.000000,0.000000,0.000000,0.000000,0.000000,0.000000,0.000000,0.000000,0.000000,0.000000,0.000000,0.000000,0.000000,0.000000,0.000000,0.000000,0.000000,0.000000,0.000000,0.000000,0.000000,0.000000,0.000000,0.000000,0.000000,0.000000,0.000000,0.000000,0.000000,0.000000,0.000000,0.000000,0.000000,0.000000]
0.317333,1.000000,[0.000000,-3.246456,23.700603,-137.981754,650.219740,-2502.586237,7901.673487,-20473.580305,43370.740726,-74495.698101,102303.960140,-109855.629749,89043.985771,-51355.742775,18844.119896,-3324.228951,0.653515,4.246456,-22.700603,138.981754,-649.219740,2503.586237,-7900.673487,20474.580305,-43369.740726,74496.698101,-102302.960140,109856.629749,-89042.985772,51356.742831,-18843.121470,3325.256730,0.000000,0.000000,0.000000,0.000000,0.000000,0.000000,0.000000,0.000000,0.000000,0.000000,0.000000,0.000000,0.000000,0.000000,0.000000,0.000000,0.000000,0.000000,0.000000,0.000000,0.000000,0.000000,0.000000,0.000000,0.000000,0.000000,0.000000,0.000000,0.000000,0.000000,0.000000,0.000000,0.000000,0.000000,0.000000,0.000000,0.000000,0.000000,0.000000,0.000000,0.000000,0.000000,0.000000,0.000000,0.000000,0.000000,0.000000,0.000000,0.000000,0.000000,0.000000,0.000000,0.000000,0.000000,0.000000,0.000000,0.000000,0.000000,0.000000,0.000000,0.000000,0.000000,0.000000,0.000000,0.000000,0.000000,0.000000,0.000000]
0.333199,1.000000,[0.000000,-16.719986,104.541782,-532.082501,2226.622728,-7704.716099,22089.300383,-52395.740821,102303.960140,-162895.527222,208383.755085,-209305.437510,159243.850044,-86455.674110,29928.294319,-4986.670183,-1.142956,17.719986,-103.541782,533.082501,-2225.622728,7705.716099,-22088.300383,52396.740821,-102302.960140,162896.527222,-208382.755085,209306.437510,-159242.850074,86456.674982,-29927.310571,4987.885095,0.000000,0.000000,0.000000,0.000000,0.000000,0.000000,0.000000,0.000000,0.000000,0.000000,0.000000,0.000000,0.000000,0.000000,0.000000,0.000000,0.000000,0.000000,0.000000,0.000000,0.000000,0.000000,0.000000,0.000000,0.000000,0.000000,0.000000,0.000000,0.000000,0.000000,0.000000,0.000000,0.000000,0.000000,0.000000,0.000000,0.000000,0.000000,0.000000,0.000000,0.000000,0.000000,0.000000,0.000000,0.000000,0.000000,0.000000,0.000000,0.000000,0.000000,0.000000,0.000000,0.000000,0.000000,0.000000,0.000000,0.000000,0.000000,0.000000,0.000000,0.000000,0.000000,0.000000,0.000000,0.000000,0.000000,0.000000,0.000000]
0.349066,1.000000,[0.000000,-77.350870,422.853924,-1911.435116,7192.292142,-22601.724339,59331.820984,-129745.591301,234903.703821,-348535.168375,417228.351382,-393580.081286,282093.612122,-144647.658325,47385.776570,-7479.433797,-10.574427,78.350870,-421.853924,1912.435116,-7191.292142,22602.724339,-59330.820984,129746.591301,-234902.703821,348536.168375,-417227.351382,393581.081302,-282092.612602,144648.667758,-47384.908404,7481.827643,0.000000,0.000000,0.000000,0.000000,0.000000,0.000000,0.000000,0.000000,0.000000,0.000000,0.000000,0.000000,0.000000,0.000000,0.000000,0.000000,0.000000,0.000000,0.000000,0.000000,0.000000,0.000000,0.000000,0.000000,0.000000,0.000000,0.000000,0.000000,0.000000,0.000000,0.000000,0.000000,0.000000,0.000000,0.000000,0.000000,0.000000,0.000000,0.000000,0.000000,0.000000,0.000000,0.000000,0.000000,0.000000,0.000000,0.000000,0.000000,0.000000,0.000000,0.000000,0.000000,0.000000,0.000000,0.000000,0.000000,0.000000,0.000000,0.000000,0.000000,0.000000,0.000000,0.000000,0.000000,0.000000,0.000000,0.000000,0.000000]
0.364932,1.000000,[0.000000,-327.453267,1589.998445,-6463.298745,22089.300383,-63568.497001,153870.527127,-312070.238863,526623.139919,-731416.928254,822632.567717,-731416.927990,495464.247345,-240664.375773,74818.381754,-11213.863482,-55.037075,328.453267,-1588.998445,6464.298745,-22088.300383,63569.497001,-153869.527127,312071.238863,-526622.139919,731417.928254,-822631.567725,731417.928254,-495463.252782,240665.455840,-74818.276427,11222.741464,0.000000,0.000000,0.000000,0.000000,0.000000,0.000000,0.000000,0.000000,0.000000,0.000000,0.000000,0.000000,0.000000,0.000000,0.000000,0.000000,0.000000,0.000000,0.000000,0.000000,0.000000,0.000000,0.000000,0.000000,0.000000,0.000000,0.000000,0.000000,0.000000,0.000000,0.000000,0.000000,0.000000,0.000000,0.000000,0.000000,0.000000,0.000000,0.000000,0.000000,0.000000,0.000000,0.000000,0.000000,0.000000,0.000000,0.000000,0.000000,0.000000,0.000000,0.000000,0.000000,0.000000,0.000000,0.000000,0.000000,0.000000,0.000000,0.000000,0.000000,0.000000,0.000000,0.000000,0.000000,0.000000,0.000000,0.000000,0.000000]
0.380799,1.000000,[0.000000,-1286.179123,5616.647040,-20739.598309,64918.199075,-172288.009066,386840.910122,-731416.928254,1155643.174006,-1508441.676239,1599657.315570,-1344857.515658,863528.558904,-398405.754536,117834.504372,-16793.276685,-246.782246,1287.179123,-5615.647040,20740.598309,-64917.199075,172289.009066,-386839.910122,731417.928254,-1155642.174006,1508442.676243,-1599656.315714,1344858.518772,-863527.607093,398407.321973,-117838.785372,16834.112196,0.000000,0.000000,0.000000,0.000000,0.000000,0.000000,0.000000,0.000000,0.000000,0.000000,0.000000,0.000000,0.000000,0.000000,0.000000,0.000000,0.000000,0.000000,0.000000,0.000000,0.000000,0.000000,0.000000,0.000000,0.000000,0.000000,0.000000,0.000000,0.000000,0.000000,0.000000,0.000000,0.000000,0.000000,0.000000,0.000000,0.000000,0.000000,0.000000,0.000000,0.000000,0.000000,0.000000,0.000000,0.000000,0.000000,0.000000,0.000000,0.000000,0.000000,0.000000,0.000000,0.000000,0.000000,0.000000,0.000000,0.000000,0.000000,0.000000,0.000000,0.000000,0.000000,0.000000,0.000000,0.000000,0.000000,0.000000,0.000000]
0.396666,1.000000,[0.000000,-4737.592205,18794.769714,-63568.497001,183521.303145,-451852.468660,945969.829310,-1674946.979384,2487685.599128,-3062491.172143,3071914.731184,-2449050.552939,1494495.715624,-656525.883991,185148.394901,-25066.523905,-1013.762931,4738.592205,-18793.769714,63569.497001,-183520.303145,451853.468660,-945968.829310,1674947.979384,-2487684.599130,3062492.172221,-3071913.732957,2449051.581704,-1494495.071625,656530.375645,-185175.234156,25251.168294,0.000000,0.000000,0.000000,0.000000,0.000000,0.000000,0.000000,0.000000,0.000000,0.000000,0.000000,0.000000,0.000000,0.000000,0.000000,0.000000,0.000000,0.000000,0.000000,0.000000,0.000000,0.000000,0.000000,0.000000,0.000000,0.000000,0.000000,0.000000,0.000000,0.000000,0.000000,0.000000,0.000000,0.000000,0.000000,0.000000,0.000000,0.000000,0.000000,0.000000,0.000000,0.000000,0.000000,0.000000,0.000000,0.000000,0.000000,0.000000,0.000000,0.000000,0.000000,0.000000,0.000000,0.000000,0.000000,0.000000,0.000000,0.000000,0.000000,0.000000,0.000000,0.000000,0.000000,0.000000,0.000000,0.000000,0.000000,0.000000]
0.412532,1.000000,[0.000000,-16503.773164,59976.403072,-187113.397075,501208.189047,-1150763.617645,2256428.233657,-3756263.268639,5262773.984764,-6129694.123807,5832397.373246,-4420823.687221,2570006.515431,-1077363.023436,290255.854303,-37092.904392,-3889.940499,16504.773164,-59975.403072,187114.397075,-501207.189047,1150764.617645,-2256427.233657,3756264.268640,-5262772.984806,6129695.124811,-5832396.390287,4420824.908368,-2570007.795260,1077383.180546,-290388.435381,37876.752441,0.000000,0.000000,0.000000,0.000000,0.000000,0.000000,0.000000,0.000000,0.000000,0.000000,0.000000,0.000000,0.000000,0.000000,0.000000,0.000000,0.000000,0.000000,0.000000,0.000000,0.000000,0.000000,0.000000,0.000000,0.000000,0.000000,0.000000,0.000000,0.000000,0.000000,0.000000,0.000000,0.000000,0.000000,0.000000,0.000000,0.000000,0.000000,0.000000,0.000000,0.000000,0.000000,0.000000,0.000000,0.000000,0.000000,0.000000,0.000000,0.000000,0.000000,0.000000,0.000000,0.000000,0.000000,0.000000,0.000000,0.000000,0.000000,0.000000,0.000000,0.000000,0.000000,0.000000,0.000000,0.000000,0.000000,0.000000,0.000000]
0.428399,1.000000,[0.000000,-54743.861282,183521.303145,-531274.190135,1327194.092393,-2854359.543296,5262773.984805,-8265781.895341,10959008.039049,-12110739.872333,10959007.903479,-7916238.788547,4393691.284865,-1761172.462306,453930.233651,-53694.386339,-14087.297330,54744.861282,-183520.303145,531275.190135,-1327193.092393,2854360.543296,-5262772.984806,8265782.895364,-10959007.039614,12110740.882359,-10959007.039614,7916241.260182,-4393703.283163,1761268.988509,-454521.029293,56815.128662,0.000000,0.000000,0.000000,0.000000,0.000000,0.000000,0.000000,0.000000,0.000000,0.000000,0.000000,0.000000,0.000000,0.000000,0.000000,0.000000,0.000000,0.000000,0.000000,0.000000,0.000000,0.000000,0.000000,0.000000,0.000000,0.000000,0.000000,0.000000,0.000000,0.000000,0.000000,0.000000,0.000000,0.000000,0.000000,0.000000,0.000000,0.000000,0.000000,0.000000,0.000000,0.000000,0.000000,0.000000,0.000000,0.000000,0.000000,0.000000,0.000000,0.000000,0.000000,0.000000,0.000000,0.000000,0.000000,0.000000,0.000000,0.000000,0.000000,0.000000,0.000000,0.000000,0.000000,0.000000,0.000000,0.000000,0.000000,0.000000]
0.444266,1.000000,[0.000000,-173876.443495,540919.049785,-1460508.331400,3417970.910237,-6912926.307346,12027051.924879,-17878176.862536,22493881.994740,-23645613.760240,20396631.249492,-14071203.825253,7471123.158451,-2868723.810284,707742.543646,-73497.930843,-48503.376636,173877.443495,-540918.049785,1460509.331400,-3417969.910237,6912927.307347,-12027050.924891,17878177.862853,-22493881.000601,23645614.843346,-20396631.189513,14071213.531855,-7471189.419000,2869163.997411,-710189.108270,85222.692992,0.000000,0.000000,0.000000,0.000000,0.000000,0.000000,0.000000,0.000000,0.000000,0.000000,0.000000,0.000000,0.000000,0.000000,0.000000,0.000000,0.000000,0.000000,0.000000,0.000000,0.000000,0.000000,0.000000,0.000000,0.000000,0.000000,0.000000,0.000000,0.000000,0.000000,0.000000,0.000000,0.000000,0.000000,0.000000,0.000000,0.000000,0.000000,0.000000,0.000000,0.000000,0.000000,0.000000,0.000000,0.000000,0.000000,0.000000,0.000000,0.000000,0.000000,0.000000,0.000000,0.000000,0.000000,0.000000,0.000000,0.000000,0.000000,0.000000,0.000000,0.000000,0.000000,0.000000,0.000000,0.000000,0.000000,0.000000,0.000000]
0.460132,1.000000,[0.000000,-531274.190135,1541632.740377,-3899747.952218,8583419.519029,-16382915.423459,26979666.318586,-38064206.291173,45563629.872230,-45666736.265106,37630548.786865,-24842367.317105,12641046.642818,-4656956.987249,1098362.780891,-85995.207946,-159693.786702,531275.190135,-1541631.740377,3899748.952218,-8583418.519030,16382916.423466,-26979665.318763,38064207.294580,-45563628.922575,45666737.859776,-37630553.550197,24842415.007283,-12641366.127205,4658840.550251,-1107895.008901,127834.039489,0.000000,0.000000,0.000000,0.000000,0.000000,0.000000,0.000000,0.000000,0.000000,0.000000,0.000000,0.000000,0.000000,0.000000,0.000000,0.000000,0.000000,0.000000,0.000000,0.000000,0.000000,0.000000,0.000000,0.000000,0.000000,0.000000,0.000000,0.000000,0.000000,0.000000,0.000000,0.000000,0.000000,0.000000,0.000000,0.000000,0.000000,0.000000,0.000000,0.000000,0.000000,0.000000,0.000000,0.000000,0.000000,0.000000,0.000000,0.000000,0.000000,0.000000,0.000000,0.000000,0.000000,0.000000,0.000000,0.000000,0.000000,0.000000,0.000000,0.000000,0.000000,0.000000,0.000000,0.000000,0.000000,0.000000,0.000000,0.000000]
0.475999,1.000000,[0.000000,-1567727.655392,4262323.086675,-10141331.687842,21066586.990274,-38064206.294481,59501602.623465,-79878124.372875,91178812.940898,-87315378.791091,68867006.838850,-43584074.297066,21290048.457852,-7534616.871320,1690541.775309,-49145.918569,-505178.275121,1567728.655392,-4262322.086675,10141332.687842,-21066585.990277,38064207.294580,-59501601.625434,79878125.403157,-91178812.313750,87315383.564762,-68867037.828936,43584305.574526,-21291469.465933,7542208.329827,-1725759.533096,191751.059233,0.000000,0.000000,0.000000,0.000000,0.000000,0.000000,0.000000,0.000000,0.000000,0.000000,0.000000,0.000000,0.000000,0.000000,0.000000,0.000000,0.000000,0.000000,0.000000,0.000000,0.000000,0.000000,0.000000,0.000000,0.000000,0.000000,0.000000,0.000000,0.000000,0.000000,0.000000,0.000000,0.000000,0.000000,0.000000,0.000000,0.000000,0.000000,0.000000,0.000000,0.000000,0.000000,0.000000,0.000000,0.000000,0.000000,0.000000,0.000000,0.000000,0.000000,0.000000,0.000000,0.000000,0.000000,0.000000,0.000000,0.000000,0.000000,0.000000,0.000000,0.000000,0.000000,0.000000,0.000000,0.000000,0.000000,0.000000,0.000000]
0.491866,1.000000,[0.000000,-4482753.026425,11464150.473933,-25745291.026899,50631983.632651,-86847110.753454,129191466.121635,-165406593.029762,180425908.806893,-165406571.606062,125092547.406808,-76021135.674525,35702381.122438,-12147196.194634,2560385.622248,178870.259707,-1541631.740377,4482754.026425,-11464149.473933,25745292.026901,-50631982.632706,86847111.754587,-129191465.139730,165406594.261611,-180425910.253006,165406594.261611,-125092709.530667,76022193.094756,-35708308.363813,12176192.261288,-2684514.829260,287626.588849,0.000000,0.000000,0.000000,0.000000,0.000000,0.000000,0.000000,0.000000,0.000000,0.000000,0.000000,0.000000,0.000000,0.000000,0.000000,0.000000,0.000000,0.000000,0.000000,0.000000,0.000000,0.000000,0.000000,0.000000,0.000000,0.000000,0.000000,0.000000,0.000000,0.000000,0.000000,0.000000,0.000000,0.000000,0.000000,0.000000,0.000000,0.000000,0.000000,0.000000,0.000000,0.000000,0.000000,0.000000,0.000000,0.000000,0.000000,0.000000,0.000000,0.000000,0.000000,0.000000,0.000000,0.000000,0.000000,0.000000,0.000000,0.000000,0.000000,0.000000,0.000000,0.000000,0.000000,0.000000,0.000000,0.000000,0.000000,0.000000]
0.507732,1.000000,[0.000000,-12456204.776603,30068871.224349,-63933928.356674,119371530.825704,-194866399.190999,276490495.697334,-338322843.948089,353342149.013370,-310656131.112497,225649388.947475,-131882894.073006,59627169.780973,-19500987.103075,3751143.303519,1039121.259750,-4553824.623778,12456205.776603,-30068870.224350,63933929.356705,-119371529.826352,194866400.201745,-276490494.840400,338322846.518919,-353342162.510314,310656246.157750,-225650160.843379,131887443.824040,-59650558.676363,19606545.806562,-4170585.538315,431439.883274,0.000000,0.000000,0.000000,0.000000,0.000000,0.000000,0.000000,0.000000,0.000000,0.000000,0.000000,0.000000,0.000000,0.000000,0.000000,0.000000,0.000000,0.000000,0.000000,0.000000,0.000000,0.000000,0.000000,0.000000,0.000000,0.000000,0.000000,0.000000,0.000000,0.000000,0.000000,0.000000,0.000000,0.000000,0.000000,0.000000,0.000000,0.000000,0.000000,0.000000,0.000000,0.000000,0.000000,0.000000,0.000000,0.000000,0.000000,0.000000,0.000000,0.000000,0.000000,0.000000,0.000000,0.000000,0.000000,0.000000,0.000000,0.000000,0.000000,0.000000,0.000000,0.000000,0.000000,0.000000,0.000000,0.000000,0.000000,0.000000]
0.523599,1.000000,[0.000000,-33718742.777079,77070271.014860,-155586657.947863,276490495.834055,-430544846.635166,583897165.520045,-684155340.428818,685341289.076304,-578808891.142484,404415530.457716,-227637925.999996,99191248.222998,-31127052.306373,5107154.325403,3835594.201514,-13058839.823969,33718743.777080,-77070270.014877,155586658.948233,-276490494.840400,430544847.722817,-583897165.520059,684155351.033536,-685341366.844347,578809449.658314,-404418963.177089,227656445.074242,-99279110.917826,31495111.479001,-6471598.249110,647159.824911,0.000000,0.000000,0.000000,0.000000,0.000000,0.000000,0.000000,0.000000,0.000000,0.000000,0.000000,0.000000,0.000000,0.000000,0.000000,0.000000,0.000000,0.000000,0.000000,0.000000,0.000000,0.000000,0.000000,0.000000,0.000000,0.000000,0.000000,0.000000,0.000000,0.000000,0.000000,0.000000,0.000000,0.000000,0.000000,0.000000,0.000000,0.000000,0.000000,0.000000,0.000000,0.000000,0.000000,0.000000,0.000000,0.000000,0.000000,0.000000,0.000000,0.000000,0.000000,0.000000,0.000000,0.000000,0.000000,0.000000,0.000000,0.000000,0.000000,0.000000,0.000000,0.000000,0.000000,0.000000,0.000000,0.000000,0.000000,0.000000]
0.539465,1.000000,[0.000000,-89113249.673049,193398735.496222,-371625234.838823,630008167.068665,-937765852.712771,1217923418.494477,-1368903655.181379,1317416379.185698,-1070421101.942583,720442258.686572,-391052513.111493,164350398.487683,-49244155.622260,5742934.387348,12282811.214255,-36447631.624493,89113250.673058,-193398734.496432,371625235.842549,-630008166.122008,937765854.344255,-1217923423.796856,1368903709.972477,-1317416775.095677,1070423656.076015,-720456667.302754,391124223.070275,-164666222.116239,50478466.343057,-10030977.286120,970739.737366,0.000000,0.000000,0.000000,0.000000,0.000000,0.000000,0.000000,0.000000,0.000000,0.000000,0.000000,0.000000,0.000000,0.000000,0.000000,0.000000,0.000000,0.000000,0.000000,0.000000,0.000000,0.000000,0.000000,0.000000,0.000000,0.000000,0.000000,0.000000,0.000000,0.000000,0.000000,0.000000,0.000000,0.000000,0.000000,0.000000,0.000000,0.000000,0.000000,0.000000,0.000000,0.000000,0.000000,0.000000,0.000000,0.000000,0.000000,0.000000,0.000000,0.000000,0.000000,0.000000,0.000000,0.000000,0.000000,0.000000,0.000000,0.000000,0.000000,0.000000,0.000000,0.000000,0.000000,0.000000,0.000000,0.000000,0.000000,0.000000]
0.555332,1.000000,[0.000000,-230369242.257685,475910720.663745,-872441935.792567,1413895176.959383,-2015610488.316396,2511336955.332405,-2712063672.364918,2511335119.749838,-1965852782.257161,1276189644.585604,-668753968.911082,271147675.542655,-76737700.627065,2472995.973895,36648032.633629,-99228072.773268,230369243.257804,-475910719.665922,872441936.824827,-1413895176.355139,2015610493.414810,-2511336990.681522,2712063952.506554,-2511336990.681523,1965863817.765400,-1276247112.489268,669019445.663532,-272238566.345887,80733188.157645,-15531835.797864,1456109.606050,0.000000,0.000000,0.000000,0.000000,0.000000,0.000000,0.000000,0.000000,0.000000,0.000000,0.000000,0.000000,0.000000,0.000000,0.000000,0.000000,0.000000,0.000000,0.000000,0.000000,0.000000,0.000000,0.000000,0.000000,0.000000,0.000000,0.000000,0.000000,0.000000,0.000000,0.000000,0.000000,0.000000,0.000000,0.000000,0.000000,0.000000,0.000000,0.000000,0.000000,0.000000,0.000000,0.000000,0.000000,0.000000,0.000000,0.000000,0.000000,0.000000,0.000000,0.000000,0.000000,0.000000,0.000000,0.000000,0.000000,0.000000,0.000000,0.000000,0.000000,0.000000,0.000000,0.000000,0.000000,0.000000,0.000000,0.000000,0.000000]
0.571199,1.000000,[0.000000,-583509223.718400,1150087048.891901,-2015610492.168542,3128648009.597273,-4279084210.140796,5123037269.181067,-5323763068.422296,4749929070.753337,-3586873995.678543,2248661451.333947,-1138704791.137950,445090363.627515,-116343048.927545,-14614522.355972,104586085.337077,-264026730.788805,583509224.719667,-1150087047.911297,2015610493.414810,-3128648011.240114,4279084235.462976,-5123037462.275560,5323764424.100592,-4749937394.904984,3586919282.892734,-2248880391.565669,1139648451.668242,-448724443.597653,128865700.135400,-24025808.499820,2184164.409075,0.000000,0.000000,0.000000,0.000000,0.000000,0.000000,0.000000,0.000000,0.000000,0.000000,0.000000,0.000000,0.000000,0.000000,0.000000,0.000000,0.000000,0.000000,0.000000,0.000000,0.000000,0.000000,0.000000,0.000000,0.000000,0.000000,0.000000,0.000000,0.000000,0.000000,0.000000,0.000000,0.000000,0.000000,0.000000,0.000000,0.000000,0.000000,0.000000,0.000000,0.000000,0.000000,0.000000,0.000000,0.000000,0.000000,0.000000,0.000000,0.000000,0.000000,0.000000,0.000000,0.000000,0.000000,0.000000,0.000000,0.000000,0.000000,0.000000,0.000000,0.000000,0.000000,0.000000,0.000000,0.000000,0.000000,0.000000,0.000000]
0.587065,1.000000,[0.000000,-1450307360.023551,2732935819.422122,-4587739743.051449,6832514119.466308,-8980144949.801727,10346437437.982748,-10360609138.010113,8918330603.969276,-6504641719.184788,3942344572.569896,-1930602368.520682,725807069.905044,-167207312.213331,-74214826.202496,288892493.400018,-687794708.543040,1450307361.035148,-2732935818.574350,4587739745.742272,-6832514134.591660,8980145084.332245,-10346438405.463636,10360615333.603378,-8918365733.803843,6504819120.121935,-3943144813.182624,1933834899.301190,-737519515.464180,205311454.453010,-37130794.954268,3276246.613612,0.000000,0.000000,0.000000,0.000000,0.000000,0.000000,0.000000,0.000000,0.000000,0.000000,0.000000,0.000000,0.000000,0.000000,0.000000,0.000000,0.000000,0.000000,0.000000,0.000000,0.000000,0.000000,0.000000,0.000000,0.000000,0.000000,0.000000,0.000000,0.000000,0.000000,0.000000,0.000000,0.000000,0.000000,0.000000,0.000000,0.000000,0.000000,0.000000,0.000000,0.000000,0.000000,0.000000,0.000000,0.000000,0.000000,0.000000,0.000000,0.000000,0.000000,0.000000,0.000000,0.000000,0.000000,0.000000,0.000000,0.000000,0.000000,0.000000,0.000000,0.000000,0.000000,0.000000,0.000000,0.000000,0.000000,0.000000,0.000000]
0.602932,1.000000,[0.000000,-3541928949.746387,6393273600.658907,-10297866674.310328,14738843654.100327,-18643436143.693966,20699960725.979179,-20000079008.999809,16629816765.546309,-11728134865.062130,6878818043.115185,-3258807087.733545,1172314260.964232,-213703555.218749,-255768486.003753,777236094.371547,-1756845743.332134,3541928950.839897,-6393273600.732662,10297866685.909237,-14738843744.053612,18643436829.230186,-20699965274.997147,20000105867.306988,-16629958160.766731,11728801086.774214,-6881634669.424531,3269512106.683876,-1208935000.422775,326532579.156648,-57334315.738207,4914369.920418,0.000000,0.000000,0.000000,0.000000,0.000000,0.000000,0.000000,0.000000,0.000000,0.000000,0.000000,0.000000,0.000000,0.000000,0.000000,0.000000,0.000000,0.000000,0.000000,0.000000,0.000000,0.000000,0.000000,0.000000,0.000000,0.000000,0.000000,0.000000,0.000000,0.000000,0.000000,0.000000,0.000000,0.000000,0.000000,0.000000,0.000000,0.000000,0.000000,0.000000,0.000000,0.000000,0.000000,0.000000,0.000000,0.000000,0.000000,0.000000,0.000000,0.000000,0.000000,0.000000,0.000000,0.000000,0.000000,0.000000,0.000000,0.000000,0.000000,0.000000,0.000000,0.000000,0.000000,0.000000,0.000000,0.000000,0.000000,0.000000]
0.618799,1.000000,[0.000000,-8509530224.949033,14738843738.143524,-22816221838.515656,31429983552.997475,-38315134578.530533,41049980593.468674,-38315026896.272873,30808792580.850525,-21031611319.150787,11947630608.539551,-5474367762.082434,1865323169.055722,-192671089.826247,-772270776.191403,2044277013.223387,-4406233090.418150,8509530226.626177,-14738843744.053612,22816221900.890663,-31429984030.695511,38315137881.343857,-41050000846.149216,38315137881.343842,-30809337784.537205,21034018964.873589,-11957208057.478733,5508735660.237201,-1976668790.212486,518466026.604076,-88458658.567520,7371554.880627,0.000000,0.000000,0.000000,0.000000,0.000000,0.000000,0.000000,0.000000,0.000000,0.000000,0.000000,0.000000,0.000000,0.000000,0.000000,0.000000,0.000000,0.000000,0.000000,0.000000,0.000000,0.000000,0.000000,0.000000,0.000000,0.000000,0.000000,0.000000,0.000000,0.000000,0.000000,0.000000,0.000000,0.000000,0.000000,0.000000,0.000000,0.000000,0.000000,0.000000,0.000000,0.000000,0.000000,0.000000,0.000000,0.000000,0.000000,0.000000,0.000000,0.000000,0.000000,0.000000,0.000000,0.000000,0.000000,0.000000,0.000000,0.000000,0.000000,0.000000,0.000000,0.000000,0.000000,0.000000,0.000000,0.000000,0.000000,0.000000]
0.634665,1.000000,[0.000000,-20133717206.495312,33516376526.473114,-49939324534.272217,66302542618.761482,-77997692164.530136,80732484338.339447,-72876936634.834564,56728994530.851181,-37521232282.995956,20658629793.850544,-9144213227.651512,2894320298.496707,97128753.356331,-2180544670.898798,5269532065.044155,-10864114748.940313,20133717211.966072,-33516376566.525749,49939324866.683746,-66302544986.715195,77997707245.090393,-80732570209.895752,72877375714.284363,-56731016159.242599,37529632476.049751,-20690179916.336700,9251437885.462044,-3224236198.620767,821928369.189874,-136373765.291593,11057332.320940,0.000000,0.000000,0.000000,0.000000,0.000000,0.000000,0.000000,0.000000,0.000000,0.000000,0.000000,0.000000,0.000000,0.000000,0.000000,0.000000,0.000000,0.000000,0.000000,0.000000,0.000000,0.000000,0.000000,0.000000,0.000000,0.000000,0.000000,0.000000,0.000000,0.000000,0.000000,0.000000,0.000000,0.000000,0.000000,0.000000,0.000000,0.000000,0.000000,0.000000,0.000000,0.000000,0.000000,0.000000,0.000000,0.000000,0.000000,0.000000,0.000000,0.000000,0.000000,0.000000,0.000000,0.000000,0.000000,0.000000,0.000000,0.000000,0.000000,0.000000,0.000000,0.000000,0.000000,0.000000,0.000000,0.000000,0.000000,0.000000]
0.650532,1.000000,[0.000000,-46958764072.979523,75244227056.845779,-108060258110.789062,138452660010.407288,-157362780415.964905,157537194824.926453,-137679902217.677429,103854107937.774750,-66611163321.419205,35560051304.601570,-15163479990.725622,4292916071.066895,1235965465.483895,-5905583038.870275,13336355472.036388,-26363030729.393509,46958764101.211983,-75244227283.130493,108060259793.383209,-138452671102.617981,157362845972.583466,-157537543171.985809,137681571651.047852,-103861340476.888779,66639538672.242981,-35660988817.236069,15489274927.503448,-5247318482.526088,1301079436.430608,-210089314.097860,16585998.481410,0.000000,0.000000,0.000000,0.000000,0.000000,0.000000,0.000000,0.000000,0.000000,0.000000,0.000000,0.000000,0.000000,0.000000,0.000000,0.000000,0.000000,0.000000,0.000000,0.000000,0.000000,0.000000,0.000000,0.000000,0.000000,0.000000,0.000000,0.000000,0.000000,0.000000,0.000000,0.000000,0.000000,0.000000,0.000000,0.000000,0.000000,0.000000,0.000000,0.000000,0.000000,0.000000,0.000000,0.000000,0.000000,0.000000,0.000000,0.000000,0.000000,0.000000,0.000000,0.000000,0.000000,0.000000,0.000000,0.000000,0.000000,0.000000,0.000000,0.000000,0.000000,0.000000,0.000000,0.000000,0.000000,0.000000,0.000000,0.000000]
0.666398,1.000000,[0.000000,-108060259637.892181,166896469640.663208,-231316717171.387238,286360380223.593384,-314812768036.410583,305145743346.228394,-258446907295.403503,189086743567.371735,-117696770634.429596,60921816952.265167,-24891678021.621880,5821391373.858395,4806739717.660980,-15526552294.323605,33186048572.751339,-63023928144.696259,108060259793.383209,-166896470821.387329,231316725241.383789,-286360429640.218689,314813040544.868103,-305147100583.502686,258453027715.016174,-189111780051.454651,117789802416.982513,-61236120689.605827,25857571632.518219,-8521517442.004436,2056663811.694843,-323426970.387495,24878997.722115,0.000000,0.000000,0.000000,0.000000,0.000000,0.000000,0.000000,0.000000,0.000000,0.000000,0.000000,0.000000,0.000000,0.000000,0.000000,0.000000,0.000000,0.000000,0.000000,0.000000,0.000000,0.000000,0.000000,0.000000,0.000000,0.000000,0.000000,0.000000,0.000000,0.000000,0.000000,0.000000,0.000000,0.000000,0.000000,0.000000,0.000000,0.000000,0.000000,0.000000,0.000000,0.000000,0.000000,0.000000,0.000000,0.000000,0.000000,0.000000,0.000000,0.000000,0.000000,0.000000,0.000000,0.000000,0.000000,0.000000,0.000000,0.000000,0.000000,0.000000,0.000000,0.000000,0.000000,0.000000,0.000000,0.000000,0.000000,0.000000]
0.682265,1.000000,[0.000000,-245538624277.169891,366003063046.688416,-490155265868.877563,586946954353.595337,-624792023727.729980,586942068667.044312,-482213732726.791138,342478500668.272400,-207006064427.776978,103828564439.208694,-40248212719.362015,6328717201.957102,14973385723.653273,-39882852727.861076,81291036931.475143,-148566022113.735992,245538625100.768463,-366003068852.772888,490155302682.185059,-586947164732.762085,624793111109.053467,-586947164732.762085,482235431598.251587,-342562571285.673218,207302763970.276672,-104782966850.667847,43047116169.779541,-13810608068.854074,3246709202.736012,-497579954.442301,37318496.583173,0.000000,0.000000,0.000000,0.000000,0.000000,0.000000,0.000000,0.000000,0.000000,0.000000,0.000000,0.000000,0.000000,0.000000,0.000000,0.000000,0.000000,0.000000,0.000000,0.000000,0.000000,0.000000,0.000000,0.000000,0.000000,0.000000,0.000000,0.000000,0.000000,0.000000,0.000000,0.000000,0.000000,0.000000,0.000000,0.000000,0.000000,0.000000,0.000000,0.000000,0.000000,0.000000,0.000000,0.000000,0.000000,0.000000,0.000000,0.000000,0.000000,0.000000,0.000000,0.000000,0.000000,0.000000,0.000000,0.000000,0.000000,0.000000,0.000000,0.000000,0.000000,0.000000,0.000000,0.000000,0.000000,0.000000,0.000000,0.000000]
0.698132,1.000000,[0.000000,-551309467939.098999,794082227504.471436,-1028706375980.114014,1192816443394.257812,-1230659069925.117188,1121519969363.961914,-894559849424.322876,617220783216.297119,-362423378861.269775,175866953018.494049,-63536677680.021576,2006382941.109016,42401504949.410446,-100469797557.529175,196219566454.080688,-345618345720.988220,551309472077.539185,-794082254620.251953,1028706536389.658691,-1192817302653.669922,1230663249029.961182,-1121538462898.269043,894634433040.213989,-617495238913.648193,363345629380.748901,-178698008360.891541,71475978289.096344,-22339266704.649117,5118853781.325168,-765029179.955037,55977744.874759,0.000000,0.000000,0.000000,0.000000,0.000000,0.000000,0.000000,0.000000,0.000000,0.000000,0.000000,0.000000,0.000000,0.000000,0.000000,0.000000,0.000000,0.000000,0.000000,0.000000,0.000000,0.000000,0.000000,0.000000,0.000000,0.000000,0.000000,0.000000,0.000000,0.000000,0.000000,0.000000,0.000000,0.000000,0.000000,0.000000,0.000000,0.000000,0.000000,0.000000,0.000000,0.000000,0.000000,0.000000,0.000000,0.000000,0.000000,0.000000,0.000000,0.000000,0.000000,0.000000,0.000000,0.000000,0.000000,0.000000,0.000000,0.000000,0.000000,0.000000,0.000000,0.000000,0.000000,0.000000,0.000000,0.000000,0.000000,0.000000]
0.713998,1.000000,[0.000000,-1224005315660.884277,1705476529246.764160,-2139467785667.300049,2404554200053.945312,-2406748589569.656738,2129559878758.104248,-1650450165744.632812,1107042864255.080566,-631568544801.151611,295568768367.751831,-96308207990.586868,-18191178063.041698,113837156202.880264,-248814479563.334106,467138522541.615112,-794082254620.251953,1224005335426.434570,-1705476650125.207275,2139468455911.322998,-2404557578495.485352,2406764104994.076172,-2129624910867.510498,1650699269017.145020,-1107915673060.846680,634367448251.569092,-303785001685.885498,118383600785.969070,-36068326947.636261,8060795261.965270,-1175532642.369935,83966617.312138,0.000000,0.000000,0.000000,0.000000,0.000000,0.000000,0.000000,0.000000,0.000000,0.000000,0.000000,0.000000,0.000000,0.000000,0.000000,0.000000,0.000000,0.000000,0.000000,0.000000,0.000000,0.000000,0.000000,0.000000,0.000000,0.000000,0.000000,0.000000,0.000000,0.000000,0.000000,0.000000,0.000000,0.000000,0.000000,0.000000,0.000000,0.000000,0.000000,0.000000,0.000000,0.000000,0.000000,0.000000,0.000000,0.000000,0.000000,0.000000,0.000000,0.000000,0.000000,0.000000,0.000000,0.000000,0.000000,0.000000,0.000000,0.000000,0.000000,0.000000,0.000000,0.000000,0.000000,0.000000,0.000000,0.000000,0.000000,0.000000]
0.729865,1.000000,[0.000000,-2688746238114.708496,3627948686703.796387,-4411478778527.922852,4810205594865.746094,-4674902823733.537109,4019564901009.472656,-3029196680744.489258,1976348568783.196777,-1095137201385.603271,491507256546.921143,-135366722954.359451,-84205345196.002686,295162974085.987427,-606790980615.808716,1097748911122.548706,-1803126049643.595215,2688746328202.255371,-3627949203143.472656,4411481473114.727539,-4810218420240.265625,4674958612924.869141,-4019787000809.837891,3030006740056.140625,-1979057233717.054688,1103443673220.296387,-514869302921.812744,195609564652.771729,-58132888052.437027,12678959214.132874,-1805282272.210972,125949925.968207,0.000000,0.000000,0.000000,0.000000,0.000000,0.000000,0.000000,0.000000,0.000000,0.000000,0.000000,0.000000,0.000000,0.000000,0.000000,0.000000,0.000000,0.000000,0.000000,0.000000,0.000000,0.000000,0.000000,0.000000,0.000000,0.000000,0.000000,0.000000,0.000000,0.000000,0.000000,0.000000,0.000000,0.000000,0.000000,0.000000,0.000000,0.000000,0.000000,0.000000,0.000000,0.000000,0.000000,0.000000,0.000000,0.000000,0.000000,0.000000,0.000000,0.000000,0.000000,0.000000,0.000000,0.000000,0.000000,0.000000,0.000000,0.000000,0.000000,0.000000,0.000000,0.000000,0.000000,0.000000,0.000000,0.000000,0.000000,0.000000]
0.745732,1.000000,[0.000000,-5847093700523.960938,7647662419319.656250,-9022320965224.757812,9552759804165.386719,-9022136686105.042969,7543945691886.453125,-5531969305508.332031,3512091453867.596680,-1888459430351.865479,804944246297.561523,-160947411833.537842,-273889504836.997742,746139951436.885498,-1459060926484.987305,2548186391505.620605,-4049062238566.520508,5847094093875.119141,-7647664541272.572266,9022331419792.222656,-9552806936822.832031,9022331419792.222656,-7544683871242.827148,5534538726942.738281,-3520307687185.730469,1912600161291.351074,-870108736709.104980,322480791005.376099,-93538811685.721985,19921079957.304794,-2770898371.300561,188924888.952311,0.000000,0.000000,0.000000,0.000000,0.000000,0.000000,0.000000,0.000000,0.000000,0.000000,0.000000,0.000000,0.000000,0.000000,0.000000,0.000000,0.000000,0.000000,0.000000,0.000000,0.000000,0.000000,0.000000,0.000000,0.000000,0.000000,0.000000,0.000000,0.000000,0.000000,0.000000,0.000000,0.000000,0.000000,0.000000,0.000000,0.000000,0.000000,0.000000,0.000000,0.000000,0.000000,0.000000,0.000000,0.000000,0.000000,0.000000,0.000000,0.000000,0.000000,0.000000,0.000000,0.000000,0.000000,0.000000,0.000000,0.000000,0.000000,0.000000,0.000000,0.000000,0.000000,0.000000,0.000000,0.000000,0.000000,0.000000,0.000000]
0.761598,1.000000,[0.000000,-12594471760445.769531,15982654111591.863281,-18309861349919.828125,18840208049300.601562,-17305177875100.791016,14081903190583.845703,-10053999685196.296875,6212366895977.328125,-3235161268676.579102,1287890075363.111328,-104476365331.807892,-783904232973.939453,1848740390397.822021,-3462684585480.291016,5846810706541.691406,-8997140404787.339844,12594473411448.964844,-15982662521804.968750,18309900598099.750000,-18840376115130.359375,17305839065309.748047,-14084295170335.609375,10061961934006.972656,-6236761611424.271484,3303954610291.579102,-1466403500566.345459,530490592350.925171,-150268757507.235382,31267069121.607471,-4250810001.426998,283387333.428466,0.000000,0.000000,0.000000,0.000000,0.000000,0.000000,0.000000,0.000000,0.000000,0.000000,0.000000,0.000000,0.000000,0.000000,0.000000,0.000000,0.000000,0.000000,0.000000,0.000000,0.000000,0.000000,0.000000,0.000000,0.000000,0.000000,0.000000,0.000000,0.000000,0.000000,0.000000,0.000000,0.000000,0.000000,0.000000,0.000000,0.000000,0.000000,0.000000,0.000000,0.000000,0.000000,0.000000,0.000000,0.000000,0.000000,0.000000,0.000000,0.000000,0.000000,0.000000,0.000000,0.000000,0.000000,0.000000,0.000000,0.000000,0.000000,0.000000,0.000000,0.000000,0.000000,0.000000,0.000000,0.000000,0.000000,0.000000,0.000000]
0.777465,1.000000,[0.000000,-26883034696464.585938,33128911842347.710938,-36884896049530.046875,36912901011501.296875,-32998718407943.109375,26149854628473.914062,-18187182975783.109375,10936130978304.281250,-5496686940696.423828,1984073295710.570801,235237568489.257904,-2100226544659.820312,4504452878336.878906,-8117432231491.282227,13268786262206.207031,-19792947312905.492188,26883041378075.929688,-33128944081757.328125,36885038954714.804688,-36913483705350.414062,33000906183132.429688,-26157423722506.898438,18211323706722.593750,-11007119722282.197266,5689133665720.541016,-2464850547024.980469,870870267280.005371,-241036670821.656799,49026008683.124710,-6517908668.854730,425081000.142700,0.000000,0.000000,0.000000,0.000000,0.000000,0.000000,0.000000,0.000000,0.000000,0.000000,0.000000,0.000000,0.000000,0.000000,0.000000,0.000000,0.000000,0.000000,0.000000,0.000000,0.000000,0.000000,0.000000,0.000000,0.000000,0.000000,0.000000,0.000000,0.000000,0.000000,0.000000,0.000000,0.000000,0.000000,0.000000,0.000000,0.000000,0.000000,0.000000,0.000000,0.000000,0.000000,0.000000,0.000000,0.000000,0.000000,0.000000,0.000000,0.000000,0.000000,0.000000,0.000000,0.000000,0.000000,0.000000,0.000000,0.000000,0.000000,0.000000,0.000000,0.000000,0.000000,0.000000,0.000000,0.000000,0.000000,0.000000,0.000000]
0.793331,1.000000,[0.000000,-56889007965870.734375,68135815788286.593750,-73783794580045.718750,71868710721223.500000,-62573004926151.625000,48318373430602.421875,-32748839952826.804688,19152539937804.632812,-9237067058899.921875,2858491159321.227539,1402969625063.796875,-5402566256158.169922,10815395433250.958984,-18810541478340.027344,29799653049762.054688,-43130941658396.203125,56889034107992.562500,-68135935599993.390625,73784300284747.406250,-71870678649591.843750,62580071135952.093750,-48341797437121.640625,32820545421224.988281,-19355246416283.566406,9766125772093.300781,-4132710954177.473633,1426823736330.836426,-386068010574.047546,76797967359.114426,-9989403503.353443,637621500.214050,0.000000,0.000000,0.000000,0.000000,0.000000,0.000000,0.000000,0.000000,0.000000,0.000000,0.000000,0.000000,0.000000,0.000000,0.000000,0.000000,0.000000,0.000000,0.000000,0.000000,0.000000,0.000000,0.000000,0.000000,0.000000,0.000000,0.000000,0.000000,0.000000,0.000000,0.000000,0.000000,0.000000,0.000000,0.000000,0.000000,0.000000,0.000000,0.000000,0.000000,0.000000,0.000000,0.000000,0.000000,0.000000,0.000000,0.000000,0.000000,0.000000,0.000000,0.000000,0.000000,0.000000,0.000000,0.000000,0.000000,0.000000,0.000000,0.000000,0.000000,0.000000,0.000000,0.000000,0.000000,0.000000,0.000000,0.000000,0.000000]
0.809198,1.000000,[0.000000,-119401419842949.406250,139095620972452.750000,-146610047230680.312500,139089568544911.062500,-118018694104528.656250,88851980122317.031250,-58699529898142.523438,33347343436156.910156,-15284846168010.496094,3586251926449.942871,4805737565674.780273,-13511547100862.734375,25628363889046.453125,-43115638742391.062500,66264950403841.179688,-93140929541590.593750,119401518961985.531250,-139096053542363.796875,146611789751917.031250,-139096053542363.812500,118041005422488.968750,-88922968866294.953125,58908441339979.265625,-33915932510472.000000,16715544135228.687500,-6912478299431.628906,2333269609783.278320,-617500999540.628540,120191652790.348358,-15302916005.137190,956432250.321074,0.000000,0.000000,0.000000,0.000000,0.000000,0.000000,0.000000,0.000000,0.000000,0.000000,0.000000,0.000000,0.000000,0.000000,0.000000,0.000000,0.000000,0.000000,0.000000,0.000000,0.000000,0.000000,0.000000,0.000000,0.000000,0.000000,0.000000,0.000000,0.000000,0.000000,0.000000,0.000000,0.000000,0.000000,0.000000,0.000000,0.000000,0.000000,0.000000,0.000000,0.000000,0.000000,0.000000,0.000000,0.000000,0.000000,0.000000,0.000000,0.000000,0.000000,0.000000,0.000000,0.000000,0.000000,0.000000,0.000000,0.000000,0.000000,0.000000,0.000000,0.000000,0.000000,0.000000,0.000000,0.000000,0.000000,0.000000,0.000000]
0.825065,1.000000,[0.000000,-248649940250650.500000,281948455074019.250000,-289459855118476.000000,267643699869630.937500,-221454031217951.500000,162627735132546.812500,-104722966565292.250000,57663438238240.609375,-24720395215240.714844,2976509106837.524414,13964379898943.539062,-33081502595817.328125,60000365204765.210938,-97805933315507.187500,145967890376557.062500,-199412153793378.656250,248650305214160.187500,-281949975189504.187500,289465711399057.500000,-267664583024790.187500,221522992566880.937500,-162838673969432.062500,105320628265204.906250,-59231670833322.343750,28529555352558.843750,-11535352254039.082031,3808654914445.231445,-986347325706.116943,187938937188.091125,-23432590132.866322,1434648375.481611,0.000000,0.000000,0.000000,0.000000,0.000000,0.000000,0.000000,0.000000,0.000000,0.000000,0.000000,0.000000,0.000000,0.000000,0.000000,0.000000,0.000000,0.000000,0.000000,0.000000,0.000000,0.000000,0.000000,0.000000,0.000000,0.000000,0.000000,0.000000,0.000000,0.000000,0.000000,0.000000,0.000000,0.000000,0.000000,0.000000,0.000000,0.000000,0.000000,0.000000,0.000000,0.000000,0.000000,0.000000,0.000000,0.000000,0.000000,0.000000,0.000000,0.000000,0.000000,0.000000,0.000000,0.000000,0.000000,0.000000,0.000000,0.000000,0.000000,0.000000,0.000000,0.000000,0.000000,0.000000,0.000000,0.000000,0.000000,0.000000]
0.840931,1.000000,[0.000000,-513949137912985.375000,567652610170266.875000,-568011632612529.500000,512192565413422.125000,-413494914393200.625000,296303085981466.375000,-185916168967058.687500,98855354964981.281250,-38568847376279.835938,-2517426289215.483398,37487321146323.968750,-79622436496108.593750,138903514464901.406250,-219692845161539.312500,318657912461524.937500,-423443383297148.125000,513950445415992.375000,-567657818483785.000000,568030858610981.375000,-512258370820625.750000,413703825835037.437500,-296918325086750.562500,187596777814468.531250,-103112283926262.937500,48562009155857.804688,-19207355838281.238281,6206156034520.906250,-1573490457153.220947,293624700848.569824,-35866209387.040291,2151972563.222417,0.000000,0.000000,0.000000,0.000000,0.000000,0.000000,0.000000,0.000000,0.000000,0.000000,0.000000,0.000000,0.000000,0.000000,0.000000,0.000000,0.000000,0.000000,0.000000,0.000000,0.000000,0.000000,0.000000,0.000000,0.000000,0.000000,0.000000,0.000000,0.000000,0.000000,0.000000,0.000000,0.000000,0.000000,0.000000,0.000000,0.000000,0.000000,0.000000,0.000000,0.000000,0.000000,0.000000,0.000000,0.000000,0.000000,0.000000,0.000000,0.000000,0.000000,0.000000,0.000000,0.000000,0.000000,0.000000,0.000000,0.000000,0.000000,0.000000,0.000000,0.000000,0.000000,0.000000,0.000000,0.000000,0.000000,0.000000,0.000000]
0.856798,1.000000,[0.000000,-1054750011954611.500000,1135484731561665.000000,-1108113731625505.250000,975036305316733.500000,-768393914580534.125000,537412713455728.875000,-328301930933078.687500,167567456135611.843750,-56594557919812.015625,-22519800006985.210938,96042199967540.250000,-188885411976613.593750,318201694278121.750000,-488868223973071.437500,689708560340861.500000,-892140297653718.375000,1054754577365881.000000,-1135502157031168.250000,1108175473326785.000000,-975239469148457.375000,769014901295931.500000,-539175876537360.125000,332951308684834.250000,-178949430467323.312500,82446691652927.328125,-31914111774682.312500,10095979280357.968750,-2507048036154.116211,458370155966.374878,-54875300362.171646,3227958844.833626,0.000000,0.000000,0.000000,0.000000,0.000000,0.000000,0.000000,0.000000,0.000000,0.000000,0.000000,0.000000,0.000000,0.000000,0.000000,0.000000,0.000000,0.000000,0.000000,0.000000,0.000000,0.000000,0.000000,0.000000,0.000000,0.000000,0.000000,0.000000,0.000000,0.000000,0.000000,0.000000,0.000000,0.000000,0.000000,0.000000,0.000000,0.000000,0.000000,0.000000,0.000000,0.000000,0.000000,0.000000,0.000000,0.000000,0.000000,0.000000,0.000000,0.000000,0.000000,0.000000,0.000000,0.000000,0.000000,0.000000,0.000000,0.000000,0.000000,0.000000,0.000000,0.000000,0.000000,0.000000,0.000000,0.000000,0.000000,0.000000]
0.872665,1.000000,[0.000000,-2149867383712749.750000,2257283963155250.000000,-2149688750096624.500000,1846751415265367.250000,-1421297228598665.500000,970270035650132.625000,-576236624467424.000000,279648463163323.781250,-73631936876225.421875,-81800799994247.937500,238506005939617.187500,-442428965103981.250000,721736653403718.375000,-1078156616130038.000000,1480632989338151.500000,-1865587735163518.000000,2149882944564405.500000,-2257340972210145.000000,2149882944564406.250000,-1847366654370652.000000,1423110290212577.250000,-975239469148457.250000,588901678260913.000000,-309647491527448.625000,139627093366732.156250,-52919157302202.453125,16397492938614.011719,-3989757132214.361816,714992884130.648193,-83926929965.674286,4841938267.250439,0.000000,0.000000,0.000000,0.000000,0.000000,0.000000,0.000000,0.000000,0.000000,0.000000,0.000000,0.000000,0.000000,0.000000,0.000000,0.000000,0.000000,0.000000,0.000000,0.000000,0.000000,0.000000,0.000000,0.000000,0.000000,0.000000,0.000000,0.000000,0.000000,0.000000,0.000000,0.000000,0.000000,0.000000,0.000000,0.000000,0.000000,0.000000,0.000000,0.000000,0.000000,0.000000,0.000000,0.000000,0.000000,0.000000,0.000000,0.000000,0.000000,0.000000,0.000000,0.000000,0.000000,0.000000,0.000000,0.000000,0.000000,0.000000,0.000000,0.000000,0.000000,0.000000,0.000000,0.000000,0.000000,0.000000,0.000000,0.000000]
0.888531,1.000000,[0.000000,-4353443057146750.000000,4460770319781187.000000,-4147908832777620.500000,3480775737197384.000000,-2617080860723064.500000,1743523365708911.000000,-1004179168282797.875000,456288663183098.375000,-69547505317214.164062,-241954202961180.500000,578973491461416.500000,-1024511774357831.000000,1621683288170596.500000,-2357551418864133.000000,3153743351588986.000000,-3873323075027480.000000,4353494902951681.000000,-4460952930597420.500000,4148507744031935.000000,-3482605126662266.500000,2622285169893094.500000,-1757310042853142.500000,1038176263155093.750000,-534284783974539.000000,235900218701199.468750,-87577482422610.687500,26591117974028.199219,-6342132140386.867188,1114452791178.809570,-128311364082.136658,7262907400.875658,0.000000,0.000000,0.000000,0.000000,0.000000,0.000000,0.000000,0.000000,0.000000,0.000000,0.000000,0.000000,0.000000,0.000000,0.000000,0.000000,0.000000,0.000000,0.000000,0.000000,0.000000,0.000000,0.000000,0.000000,0.000000,0.000000,0.000000,0.000000,0.000000,0.000000,0.000000,0.000000,0.000000,0.000000,0.000000,0.000000,0.000000,0.000000,0.000000,0.000000,0.000000,0.000000,0.000000,0.000000,0.000000,0.000000,0.000000,0.000000,0.000000,0.000000,0.000000,0.000000,0.000000,0.000000,0.000000,0.000000,0.000000,0.000000,0.000000,0.000000,0.000000,0.000000,0.000000,0.000000,0.000000,0.000000,0.000000,0.000000]
0.904398,1.000000,[0.000000,-8760549745610718.000000,8765109896060591.000000,-7962251117765122.000000,6529704036157608.000000,-4797382973939052.000000,3117374632704765.500000,-1734413084015746.000000,719206747433254.625000,16655843504769.007812,-652418050172479.000000,1380716124371040.250000,-2347609305622045.000000,3611300641687961.000000,-5113198804090692.000000,6667276564897219.000000,-7986732064017060.000000,8760718819726232.000000,-8765683267912098.000000,7964064179379036.000000,-6535050274939947.000000,4812082776266213.000000,-3155053195857260.500000,1824406786719910.000000,-919377285312408.250000,397639069263104.500000,-144661782620930.125000,43057743031235.734375,-10070424606169.705078,1735834868809.282715,-196098499823.642822,10894361101.313488,0.000000,0.000000,0.000000,0.000000,0.000000,0.000000,0.000000,0.000000,0.000000,0.000000,0.000000,0.000000,0.000000,0.000000,0.000000,0.000000,0.000000,0.000000,0.000000,0.000000,0.000000,0.000000,0.000000,0.000000,0.000000,0.000000,0.000000,0.000000,0.000000,0.000000,0.000000,0.000000,0.000000,0.000000,0.000000,0.000000,0.000000,0.000000,0.000000,0.000000,0.000000,0.000000,0.000000,0.000000,0.000000,0.000000,0.000000,0.000000,0.000000,0.000000,0.000000,0.000000,0.000000,0.000000,0.000000,0.000000,0.000000,0.000000,0.000000,0.000000,0.000000,0.000000,0.000000,0.000000,0.000000,0.000000,0.000000,0.000000]
0.920265,1.000000,[0.000000,-17523379566446372.000000,17128790402973448.000000,-15208228694726488.000000,12193247541205938.000000,-8754761777260961.000000,5543268491065022.000000,-2961222999740246.000000,1070482199397497.500000,351192790343393.000000,-1668985137444238.500000,3244878839367583.000000,-5327064279277048.000000,7973550364577288.000000,-11003436488584648.000000,13994280879354360.000000,-16360457505888706.000000,17523919863545396.000000,-17130556991557664.000000,15213621406538528.000000,-12208616800543028.000000,8795650762327950.000000,-5644783187145846.000000,3196298822736069.000000,-1577885462600164.500000,668789495205121.750000,-238521545447013.062500,69621826849938.453125,-15973554343659.199219,2701801553125.745605,-299594930286.120972,16341541651.970232,0.000000,0.000000,0.000000,0.000000,0.000000,0.000000,0.000000,0.000000,0.000000,0.000000,0.000000,0.000000,0.000000,0.000000,0.000000,0.000000,0.000000,0.000000,0.000000,0.000000,0.000000,0.000000,0.000000,0.000000,0.000000,0.000000,0.000000,0.000000,0.000000,0.000000,0.000000,0.000000,0.000000,0.000000,0.000000,0.000000,0.000000,0.000000,0.000000,0.000000,0.000000,0.000000,0.000000,0.000000,0.000000,0.000000,0.000000,0.000000,0.000000,0.000000,0.000000,0.000000,0.000000,0.000000,0.000000,0.000000,0.000000,0.000000,0.000000,0.000000,0.000000,0.000000,0.000000,0.000000,0.000000,0.000000,0.000000,0.000000]
0.936131,1.000000,[0.000000,-34849464551156280.000000,33297299951823416.000000,-28908966812692700.000000,22667252200439388.000000,-15903776911423952.000000,9795514236467656.000000,-4977075599309118.000000,1430126903924549.750000,1361281754237208.750000,-4125917125850149.500000,7530850398689898.000000,-11977371601204216.000000,17462043791158256.000000,-23502295172554152.000000,29171650071975892.000000,-33302646190605760.000000,34851158291096928.000000,-33302646190605760.000000,28924740510079304.000000,-22710750581978516.000000,16015867737064848.000000,-10065324192086804.000000,5583390965404186.000000,-2701222941502807.500000,1122445015531189.125000,-392593231595488.812500,112419517446737.281250,-25311232292051.671875,4202499794831.678711,-457563166255.166565,24512312477.955349,0.000000,0.000000,0.000000,0.000000,0.000000,0.000000,0.000000,0.000000,0.000000,0.000000,0.000000,0.000000,0.000000,0.000000,0.000000,0.000000,0.000000,0.000000,0.000000,0.000000,0.000000,0.000000,0.000000,0.000000,0.000000,0.000000,0.000000,0.000000,0.000000,0.000000,0.000000,0.000000,0.000000,0.000000,0.000000,0.000000,0.000000,0.000000,0.000000,0.000000,0.000000,0.000000,0.000000,0.000000,0.000000,0.000000,0.000000,0.000000,0.000000,0.000000,0.000000,0.000000,0.000000,0.000000,0.000000,0.000000,0.000000,0.000000,0.000000,0.000000,0.000000,0.000000,0.000000,0.000000,0.000000,0.000000,0.000000,0.000000]
0.951998,1.000000,[0.000000,-68922846802646128.000000,64400433334081472.000000,-54697076319258744.000000,41952766756371056.000000,-28753422485369756.000000,17181809154356044.000000,-8180676850925952.000000,1464549478768220.250000,4104881194280888.000000,-9954300888120174.000000,17284961398636954.000000,-26697079297385452.000000,37944213273014464.000000,-49839267794819176.000000,60408798203266720.000000,-67379548431457104.000000,68928060531948272.000000,-64416339540948288.000000,54742486056108216.000000,-42074059741500192.000000,29056463701640672.000000,-17889681770832300.000000,9725697918857684.000000,-4613056920019806.000000,1879964139094528.000000,-645099606116601.875000,181284892316131.750000,-40068098335493.343750,6532531275375.101562,-698600905621.727539,36768468716.933022,0.000000,0.000000,0.000000,0.000000,0.000000,0.000000,0.000000,0.000000,0.000000,0.000000,0.000000,0.000000,0.000000,0.000000,0.000000,0.000000,0.000000,0.000000,0.000000,0.000000,0.000000,0.000000,0.000000,0.000000,0.000000,0.000000,0.000000,0.000000,0.000000,0.000000,0.000000,0.000000,0.000000,0.000000,0.000000,0.000000,0.000000,0.000000,0.000000,0.000000,0.000000,0.000000,0.000000,0.000000,0.000000,0.000000,0.000000,0.000000,0.000000,0.000000,0.000000,0.000000,0.000000,0.000000,0.000000,0.000000,0.000000,0.000000,0.000000,0.000000,0.000000,0.000000,0.000000,0.000000,0.000000,0.000000,0.000000,0.000000]
0.967864,1.000000,[0.000000,-135584486871009920.000000,123949188160751584.000000,-103021997857073632.000000,77305861377241472.000000,-51721038305232656.000000,29863052156997040.000000,-13003290015773038.000000,144383621011886.250000,11134472235481420.000000,-23573932031498736.000000,39275981746648160.000000,-59017725582585408.000000,81835953806931280.000000,-104963300793862112.000000,124302971520628640.000000,-135533352913159792.000000,135600260568396544.000000,-123995752339476544.000000,103150758954912416.000000,-77639321463070624.000000,52529536437877160.000000,-31697371615677292.000000,16895075338296428.000000,-7859567449576973.000000,3142496011700093.000000,-1058291855332968.750000,291961387641944.312500,-63368413140927.562500,10148097365873.515625,-1066285592791.057861,55152703075.399536,0.000000,0.000000,0.000000,0.000000,0.000000,0.000000,0.000000,0.000000,0.000000,0.000000,0.000000,0.000000,0.000000,0.000000,0.000000,0.000000,0.000000,0.000000,0.000000,0.000000,0.000000,0.000000,0.000000,0.000000,0.000000,0.000000,0.000000,0.000000,0.000000,0.000000,0.000000,0.000000,0.000000,0.000000,0.000000,0.000000,0.000000,0.000000,0.000000,0.000000,0.000000,0.000000,0.000000,0.000000,0.000000,0.000000,0.000000,0.000000,0.000000,0.000000,0.000000,0.000000,0.000000,0.000000,0.000000,0.000000,0.000000,0.000000,0.000000,0.000000,0.000000,0.000000,0.000000,0.000000,0.000000,0.000000,0.000000,0.000000]
0.983731,1.000000,[0.000000,-265351324386890688.000000,237434781169664192.000000,-193185927474231168.000000,141819311218478528.000000,-92513083536347504.000000,51296223243382080.000000,-19577126834165500.000000,-5350660686222881.000000,28488674368971496.000000,-54998888920572184.000000,88422835411264944.000000,-129444565277343744.000000,175235581107328000.000000,-219596436951107488.000000,254221133737522848.000000,-271100159653937984.000000,265398267022333088.000000,-237569007986671040.000000,193545799163903936.000000,-142723750413544512.000000,94642990464654384.000000,-55993595092664152.000000,29272396732233128.000000,-13360599180215506.000000,5242889945216624.000000,-1733418476820425.250000,469626288033380.250000,-100126668394328.093750,15755288845205.802734,-1627004740724.286621,82729054613.099304,0.000000,0.000000,0.000000,0.000000,0.000000,0.000000,0.000000,0.000000,0.000000,0.000000,0.000000,0.000000,0.000000,0.000000,0.000000,0.000000,0.000000,0.000000,0.000000,0.000000,0.000000,0.000000,0.000000,0.000000,0.000000,0.000000,0.000000,0.000000,0.000000,0.000000,0.000000,0.000000,0.000000,0.000000,0.000000,0.000000,0.000000,0.000000,0.000000,0.000000,0.000000,0.000000,0.000000,0.000000,0.000000,0.000000,0.000000,0.000000,0.000000,0.000000,0.000000,0.000000,0.000000,0.000000,0.000000,0.000000,0.000000,0.000000,0.000000,0.000000,0.000000,0.000000,0.000000,0.000000,0.000000,0.000000,0.000000,0.000000]
0.999598,1.000000,[0.000000,-516744377165168128.000000,452745135491611904.000000,-360688546820585984.000000,258985508595891552.000000,-164417736926212288.000000,86732898282155872.000000,-26690359908136808.000000,-22270328213820068.000000,70232456013743336.000000,-126709751086490752.000000,197356535755569280.000000,-281784638469679616.000000,372651590136545728.000000,-456505222295422656.000000,516881780433253248.000000,-539349372992073536.000000,516881904526835200.000000,-453126411561958528.000000,361680573952628160.000000,-261407120852643968.000000,169961283243313664.000000,-98626591005112800.000000,50588894688457440.000000,-22662343742931568.000000,8731044156235148.000000,-2834940859247328.000000,754502766247234.500000,-158067647014095.031250,24446435638170.847656,-2481871638392.979492,124093581919.648956,0.000000,0.000000,0.000000,0.000000,0.000000,0.000000,0.000000,0.000000,0.000000,0.000000,0.000000,0.000000,0.000000,0.000000,0.000000,0.000000,0.000000,0.000000,0.000000,0.000000,0.000000,0.000000,0.000000,0.000000,0.000000,0.000000,0.000000,0.000000,0.000000,0.000000,0.000000,0.000000,0.000000,0.000000,0.000000,0.000000,0.000000,0.000000,0.000000,0.000000,0.000000,0.000000,0.000000,0.000000,0.000000,0.000000,0.000000,0.000000,0.000000,0.000000,0.000000,0.000000,0.000000,0.000000,0.000000,0.000000,0.000000,0.000000,0.000000,0.000000,0.000000,0.000000,0.000000,0.000000,0.000000,0.000000,0.000000,0.000000]
1.015464,1.000000,[0.000000,-1001489133493558144.000000,859461976647710848.000000,-670525574528824832.000000,470687131356943488.000000,-289993054530396352.000000,143444527377302208.000000,-28900375755295176.000000,-68521720327601776.000000,168703559563860384.000000,-288742894507520768.000000,436927122868193728.000000,-609002752772792320.000000,787229996352529920.000000,-943198723659760640.000000,1044997357145916672.000000,-1067465011751527936.000000,1001886062571232000.000000,-860529904319251840.000000,673224421355264256.000000,-477091322900622784.000000,304255220367526912.000000,-173234333851897920.000000,87214513904151936.000000,-38359037692514928.000000,14514036663976386.000000,-4629662671994609.000000,1210787972877899.250000,-249324688340227.968750,37910589276452.765625,-3784854248549.293945,186140372879.473450,0.000000,0.000000,0.000000,0.000000,0.000000,0.000000,0.000000,0.000000,0.000000,0.000000,0.000000,0.000000,0.000000,0.000000,0.000000,0.000000,0.000000,0.000000,0.000000,0.000000,0.000000,0.000000,0.000000,0.000000,0.000000,0.000000,0.000000,0.000000,0.000000,0.000000,0.000000,0.000000,0.000000,0.000000,0.000000,0.000000,0.000000,0.000000,0.000000,0.000000,0.000000,0.000000,0.000000,0.000000,0.000000,0.000000,0.000000,0.000000,0.000000,0.000000,0.000000,0.000000,0.000000,0.000000,0.000000,0.000000,0.000000,0.000000,0.000000,0.000000,0.000000,0.000000,0.000000,0.000000,0.000000,0.000000,0.000000,0.000000]
1.031331,1.000000,[0.000000,-1931964688564192768.000000,1624455752235978752.000000,-1241131927471708928.000000,851027224300613376.000000,-506711845484245632.000000,229616978943600896.000000,-9089703469141876.000000,-187134360273332864.000000,397426786599550976.000000,-651577903195378048.000000,959892060688686848.000000,-1307119127335453440.000000,1652444356358675200.000000,-1937296764062599168.000000,2101228541594638848.000000,-2102140548912907776.000000,1933094046016473856.000000,-1627407067156509696.000000,1248382293483207680.000000,-867764594534697728.000000,542999997477239296.000000,-303458757729922816.000000,150001289702485376.000000,-64795574870760584.000000,24085886331961884.000000,-7549887994430863.000000,1940844303486963.000000,-392942327148568.375000,58758311038953.796875,-5770351559263.677734,279210559319.210205,0.000000,0.000000,0.000000,0.000000,0.000000,0.000000,0.000000,0.000000,0.000000,0.000000,0.000000,0.000000,0.000000,0.000000,0.000000,0.000000,0.000000,0.000000,0.000000,0.000000,0.000000,0.000000,0.000000,0.000000,0.000000,0.000000,0.000000,0.000000,0.000000,0.000000,0.000000,0.000000,0.000000,0.000000,0.000000,0.000000,0.000000,0.000000,0.000000,0.000000,0.000000,0.000000,0.000000,0.000000,0.000000,0.000000,0.000000,0.000000,0.000000,0.000000,0.000000,0.000000,0.000000,0.000000,0.000000,0.000000,0.000000,0.000000,0.000000,0.000000,0.000000,0.000000,0.000000,0.000000,0.000000,0.000000,0.000000,0.000000]
1.047198,1.000000,[0.000000,-3710174908964278272.000000,3057249592089822720.000000,-2287211503357870080.000000,1529896759193042944.000000,-874876257698168832.000000,348970320149972288.000000,79932624932953616.000000,-479414933709774784.000000,921929131497015552.000000,-1457312885137410560.000000,2093397654700756992.000000,-2786900869182517760.000000,3447314916569312256.000000,-3956559416891217920.000000,4202913086848412160.000000,-4119757846377598464.000000,3713344602602966016.000000,-3065301747476368384.000000,2306455737492160512.000000,-1573146890540666368.000000,966229375080820352.000000,-530188781446126912.000000,257399721989108352.000000,-109236305472121824.000000,39903773495158256.000000,-12295254143389776.000000,3107737618804729.000000,-618792646242329.500000,91022642338062.531250,-8795132618555.121094,418815838978.815308,0.000000,0.000000,0.000000,0.000000,0.000000,0.000000,0.000000,0.000000,0.000000,0.000000,0.000000,0.000000,0.000000,0.000000,0.000000,0.000000,0.000000,0.000000,0.000000,0.000000,0.000000,0.000000,0.000000,0.000000,0.000000,0.000000,0.000000,0.000000,0.000000,0.000000,0.000000,0.000000,0.000000,0.000000,0.000000,0.000000,0.000000,0.000000,0.000000,0.000000,0.000000,0.000000,0.000000,0.000000,0.000000,0.000000,0.000000,0.000000,0.000000,0.000000,0.000000,0.000000,0.000000,0.000000,0.000000,0.000000,0.000000,0.000000,0.000000,0.000000,0.000000,0.000000,0.000000,0.000000,0.000000,0.000000,0.000000,0.000000]
1.063064,1.000000,[0.000000,-7093887159491329024.000000,5729480139813668864.000000,-4195765634633326592.000000,2732283267638648832.000000,-1486799546622239232.000000,483489167758481664.000000,359606404254317824.000000,-1180086966313169920.000000,2111550139814228736.000000,-3232668155056494592.000000,4533546916642394112.000000,-5904008762058432512.000000,7149252083299577856.000000,-8036295668761032704.000000,8364248553461417984.000000,-8036309070867879936.000000,7102667777642633216.000000,-5751180489960632320.000000,4246257051508574208.000000,-2842835023351409664.000000,1714438453344293888.000000,-923983033163744512.000000,440717735719723456.000000,-183806344955761856.000000,66003287314432272.000000,-19996750024487028.000000,4971002751328258.000000,-973700290532525.500000,140931529816371.375000,-13402106847322.089844,628223758468.222900,0.000000,0.000000,0.000000,0.000000,0.000000,0.000000,0.000000,0.000000,0.000000,0.000000,0.000000,0.000000,0.000000,0.000000,0.000000,0.000000,0.000000,0.000000,0.000000,0.000000,0.000000,0.000000,0.000000,0.000000,0.000000,0.000000,0.000000,0.000000,0.000000,0.000000,0.000000,0.000000,0.000000,0.000000,0.000000,0.000000,0.000000,0.000000,0.000000,0.000000,0.000000,0.000000,0.000000,0.000000,0.000000,0.000000,0.000000,0.000000,0.000000,0.000000,0.000000,0.000000,0.000000,0.000000,0.000000,0.000000,0.000000,0.000000,0.000000,0.000000,0.000000,0.000000,0.000000,0.000000,0.000000,0.000000,0.000000,0.000000]
1.078931,1.000000,[0.000000,-13505570809143828480.000000,10692103027037167616.000000,-7659790085769314304.000000,4841824674769092608.000000,-2471943903812599808.000000,545430549510563584.000000,1129453089538061696.000000,-2825905519376869376.000000,4783659287249590272.000000,-7115775690905938944.000000,9752324755992807424.000000,-12430639184737437696.000000,14742025959329882112.000000,-16236567779872258048.000000,16564527365626066944.000000,-15605797495123136512.000000,13529591911444267008.000000,-10749899260695236608.000000,7790803088938565632.000000,-5121471761699261440.000000,3033649196598312960.000000,-1606333417605478400.000000,752979776057466112.000000,-308711161090858880.000000,109003305983891920.000000,-32480626412394672.000000,7943354272258650.000000,-1531016200706974.000000,218098348148218.125000,-20417272150217.246094,942335637702.334351,0.000000,0.000000,0.000000,0.000000,0.000000,0.000000,0.000000,0.000000,0.000000,0.000000,0.000000,0.000000,0.000000,0.000000,0.000000,0.000000,0.000000,0.000000,0.000000,0.000000,0.000000,0.000000,0.000000,0.000000,0.000000,0.000000,0.000000,0.000000,0.000000,0.000000,0.000000,0.000000,0.000000,0.000000,0.000000,0.000000,0.000000,0.000000,0.000000,0.000000,0.000000,0.000000,0.000000,0.000000,0.000000,0.000000,0.000000,0.000000,0.000000,0.000000,0.000000,0.000000,0.000000,0.000000,0.000000,0.000000,0.000000,0.000000,0.000000,0.000000,0.000000,0.000000,0.000000,0.000000,0.000000,0.000000,0.000000,0.000000]
1.094797,1.000000,[0.000000,-25604407727234326528.000000,19868049583440408576.000000,-13910597466038517760.000000,8498708964059938816.000000,-3980631130474181632.000000,253419279496814528.000000,3107132393995527168.000000,-6630687922690099200.000000,10733376776327354368.000000,-15549825914355310592.000000,20843806726357929984.000000,-26016971756771098624.000000,30231322828930953216.000000,-32637115352621420544.000000,32649689796000669696.000000,-30173492198406840320.000000,25669337497514016768.000000,-20020250435512139776.000000,14246940514257479680.000000,-9199032240848048128.000000,5353640503700208640.000000,-2785990014436950528.000000,1283825244631628544.000000,-517568394628234240.000000,179745272182035200.000000,-52692616754721328.000000,12680539508741462.000000,-2405573475134570.000000,337356158297435.812500,-31097076044177.039062,1413503456553.501465,0.000000,0.000000,0.000000,0.000000,0.000000,0.000000,0.000000,0.000000,0.000000,0.000000,0.000000,0.000000,0.000000,0.000000,0.000000,0.000000,0.000000,0.000000,0.000000,0.000000,0.000000,0.000000,0.000000,0.000000,0.000000,0.000000,0.000000,0.000000,0.000000,0.000000,0.000000,0.000000,0.000000,0.000000,0.000000,0.000000,0.000000,0.000000,0.000000,0.000000,0.000000,0.000000,0.000000,0.000000,0.000000,0.000000,0.000000,0.000000,0.000000,0.000000,0.000000,0.000000,0.000000,0.000000,0.000000,0.000000,0.000000,0.000000,0.000000,0.000000,0.000000,0.000000,0.000000,0.000000,0.000000,0.000000,0.000000,0.000000]
1.110664,1.000000,[0.000000,-48340636382571692032.000000,36757373108179869696.000000,-25115250681087746048.000000,14738379011326998528.000000,-6097656335459680256.000000,-1173437277752541696.000000,7976042552338340864.000000,-15312720272198825984.000000,23874978121668689920.000000,-33746642234711932928.000000,44274195967922438144.000000,-54141119049622126592.000000,61665541919707136000.000000,-65280517926932463616.000000,64061280793204424704.000000,-58094907046367264768.000000,48514131464027095040.000000,-37153845910396944384.000000,25969926891810242560.000000,-16475368613122177024.000000,9423455762768789504.000000,-4820897643971239936.000000,2184522064261559808.000000,-866225228033368960.000000,295964216650413440.000000,-85379194886452720.000000,20223596000679480.000000,-3777038291850573.000000,521582775468242.250000,-47352365794542.312500,2120255184830.252197,0.000000,0.000000,0.000000,0.000000,0.000000,0.000000,0.000000,0.000000,0.000000,0.000000,0.000000,0.000000,0.000000,0.000000,0.000000,0.000000,0.000000,0.000000,0.000000,0.000000,0.000000,0.000000,0.000000,0.000000,0.000000,0.000000,0.000000,0.000000,0.000000,0.000000,0.000000,0.000000,0.000000,0.000000,0.000000,0.000000,0.000000,0.000000,0.000000,0.000000,0.000000,0.000000,0.000000,0.000000,0.000000,0.000000,0.000000,0.000000,0.000000,0.000000,0.000000,0.000000,0.000000,0.000000,0.000000,0.000000,0.000000,0.000000,0.000000,0.000000,0.000000,0.000000,0.000000,0.000000,0.000000,0.000000,0.000000,0.000000]
1.126531,1.000000,[0.000000,-90889641127947468800.000000,67693685002813677568.000000,-45042065527295115264.000000,25156396684720340992.000000,-8559765864313249792.000000,-5748177192797982720.000000,19620423964606922752.000000,-34906569469132587008.000000,52685788299859001344.000000,-72757061336029118464.000000,93481853476694720512.000000,-112044449534286757888.000000,125138571843026944000.000000,-129951417287000915968.000000,125139374712990269440.000000,-111399426301564452864.000000,91348120151239114752.000000,-68715732311500537856.000000,47192574644276453376.000000,-29424780801067663360.000000,16545632466138804224.000000,-8323607498087640064.000000,3709895710409024512.000000,-1447319950375260160.000000,486635922418846528.000000,-138180590330018816.000000,32223913146944504.000000,-5926348825509980.000000,806050346099634.500000,-72088676284228.593750,3180382777245.378418,0.000000,0.000000,0.000000,0.000000,0.000000,0.000000,0.000000,0.000000,0.000000,0.000000,0.000000,0.000000,0.000000,0.000000,0.000000,0.000000,0.000000,0.000000,0.000000,0.000000,0.000000,0.000000,0.000000,0.000000,0.000000,0.000000,0.000000,0.000000,0.000000,0.000000,0.000000,0.000000,0.000000,0.000000,0.000000,0.000000,0.000000,0.000000,0.000000,0.000000,0.000000,0.000000,0.000000,0.000000,0.000000,0.000000,0.000000,0.000000,0.000000,0.000000,0.000000,0.000000,0.000000,0.000000,0.000000,0.000000,0.000000,0.000000,0.000000,0.000000,0.000000,0.000000,0.000000,0.000000,0.000000,0.000000,0.000000,0.000000]
1.142397,1.000000,[0.000000,-170181304193328021504.000000,124061560267868078080.000000,-80141296633302843392.000000,42014477959237140480.000000,-9965560200070883328.000000,-18432477771500435456.000000,46883920681476677632.000000,-78702748353628372992.000000,115407213117803069440.000000,-155876518742391062528.000000,196245004982185459712.000000,-230635960222943608832.000000,252683566408040873984.000000,-257496813286996508672.000000,243408775220267646976.000000,-212773199527966244864.000000,171380046382608941056.000000,-126669885789389029376.000000,85501252366948499456.000000,-52409987434670899200.000000,28980252448252026880.000000,-14340359102335971328.000000,6288503540801167360.000000,-2414297886772313600.000000,799044178793279232.000000,-223382842068500480.000000,51299044133171744.000000,-9292548411314788.000000,1245119857291566.000000,-109723205814965.578125,4770574165868.067383,0.000000,0.000000,0.000000,0.000000,0.000000,0.000000,0.000000,0.000000,0.000000,0.000000,0.000000,0.000000,0.000000,0.000000,0.000000,0.000000,0.000000,0.000000,0.000000,0.000000,0.000000,0.000000,0.000000,0.000000,0.000000,0.000000,0.000000,0.000000,0.000000,0.000000,0.000000,0.000000,0.000000,0.000000,0.000000,0.000000,0.000000,0.000000,0.000000,0.000000,0.000000,0.000000,0.000000,0.000000,0.000000,0.000000,0.000000,0.000000,0.000000,0.000000,0.000000,0.000000,0.000000,0.000000,0.000000,0.000000,0.000000,0.000000,0.000000,0.000000,0.000000,0.000000,0.000000,0.000000,0.000000,0.000000,0.000000,0.000000]
1.158264,1.000000,[0.000000,-317302736423926104064.000000,226162988718453555200.000000,-141219183929572835328.000000,68004497038891155456.000000,-5732101414356107264.000000,-51090676997988990976.000000,109677255199029198848.000000,-175757729089344110592.000000,251049079047900135424.000000,-331937280604679307264.000000,409685487584749944832.000000,-472295723538435866624.000000,507773756255559614464.000000,-507949607540628586496.000000,471499762594384576512.000000,-404849822483253821440.000000,320405012468607942656.000000,-232755454867557777408.000000,154456872267758206976.000000,-93105107376132358144.000000,50640558223546023936.000000,-24654790423904542720.000000,10639904254587908096.000000,-4020968919555109888.000000,1310257689224168960.000000,-360723785169336576.000000,81594840405415008.000000,-14561382545617964.000000,1922541388844831.750000,-166970095805382.406250,7155861248802.101562,0.000000,0.000000,0.000000,0.000000,0.000000,0.000000,0.000000,0.000000,0.000000,0.000000,0.000000,0.000000,0.000000,0.000000,0.000000,0.000000,0.000000,0.000000,0.000000,0.000000,0.000000,0.000000,0.000000,0.000000,0.000000,0.000000,0.000000,0.000000,0.000000,0.000000,0.000000,0.000000,0.000000,0.000000,0.000000,0.000000,0.000000,0.000000,0.000000,0.000000,0.000000,0.000000,0.000000,0.000000,0.000000,0.000000,0.000000,0.000000,0.000000,0.000000,0.000000,0.000000,0.000000,0.000000,0.000000,0.000000,0.000000,0.000000,0.000000,0.000000,0.000000,0.000000,0.000000,0.000000,0.000000,0.000000,0.000000,0.000000]
1.174131,1.000000,[0.000000,-589035598995115933696.000000,409854075042466758656.000000,-245831024413804855296.000000,104872796265514795008.000000,16947186377460334592.000000,-131474643096498094080.000000,252394747343215853568.000000,-389161133157966217216.000000,542542258874189873152.000000,-702748664699393933312.000000,850676093146342883328.000000,-962330463435433705472.000000,1015635438153653682176.000000,-997674292608135069696.000000,909674555133203841024.000000,-767477239959184736256.000000,596985246136690802688.000000,-426361618435215785984.000000,278237862089703489536.000000,-164977940175971549184.000000,88288232547271311360.000000,-42302137763150766080.000000,17970340841659416576.000000,-6686582223944749056.000000,2145748426420921856.000000,-581883097956712448.000000,129672951880931488.000000,-22803344512849360.000000,2967297131169939.000000,-254033074332474.656250,10733791873203.152344,0.000000,0.000000,0.000000,0.000000,0.000000,0.000000,0.000000,0.000000,0.000000,0.000000,0.000000,0.000000,0.000000,0.000000,0.000000,0.000000,0.000000,0.000000,0.000000,0.000000,0.000000,0.000000,0.000000,0.000000,0.000000,0.000000,0.000000,0.000000,0.000000,0.000000,0.000000,0.000000,0.000000,0.000000,0.000000,0.000000,0.000000,0.000000,0.000000,0.000000,0.000000,0.000000,0.000000,0.000000,0.000000,0.000000,0.000000,0.000000,0.000000,0.000000,0.000000,0.000000,0.000000,0.000000,0.000000,0.000000,0.000000,0.000000,0.000000,0.000000,0.000000,0.000000,0.000000,0.000000,0.000000,0.000000,0.000000,0.000000]
1.189997,1.000000,[0.000000,-1088480436013907312640.000000,737696624770602500096.000000,-421182934753464680448.000000,148835601209542017024.000000,91158101114439548928.000000,-323409338316355076096.000000,573172687593806888960.000000,-855012829174044295168.000000,1165187720660981776384.000000,-1479461043622262341632.000000,1757179371437231177728.000000,-1951313414229977464832.000000,2022290303534548123648.000000,-1951348716478804525056.000000,1748250452679397998592.000000,-1449708483007122505728.000000,1108658678422644064256.000000,-778661358697675489280.000000,499845763222541041664.000000,-291611026537592979456.000000,153583417702482345984.000000,-72438377065555853312.000000,30298802374461497344.000000,-11102747549127585792.000000,3509564188609738752.000000,-937661122875534336.000000,205911100077821920.000000,-35688665334859008.000000,4577962233921146.000000,-386416507435313.562500,16100687809804.728516,0.000000,0.000000,0.000000,0.000000,0.000000,0.000000,0.000000,0.000000,0.000000,0.000000,0.000000,0.000000,0.000000,0.000000,0.000000,0.000000,0.000000,0.000000,0.000000,0.000000,0.000000,0.000000,0.000000,0.000000,0.000000,0.000000,0.000000,0.000000,0.000000,0.000000,0.000000,0.000000,0.000000,0.000000,0.000000,0.000000,0.000000,0.000000,0.000000,0.000000,0.000000,0.000000,0.000000,0.000000,0.000000,0.000000,0.000000,0.000000,0.000000,0.000000,0.000000,0.000000,0.000000,0.000000,0.000000,0.000000,0.000000,0.000000,0.000000,0.000000,0.000000,0.000000,0.000000,0.000000,0.000000,0.000000,0.000000,0.000000]
1.205864,1.000000,[0.000000,-2001568966406162087936.000000,1317136404532636155904.000000,-706192202734967980032.000000,177674351257093242880.000000,298441820829836836864.000000,-771700351271436025856.000000,1287265445977732415488.000000,-1865113104091557396480.000000,2487512102802603638784.000000,-3097781251152008970240.000000,3611425764270835499008.000000,-3938115273112239996928.000000,4009109813541224316928.000000,-3801148301057905917952.000000,3347229920522658119680.000000,-2728892063722006118400.000000,2052318696982803644416.000000,-1417914919657783689216.000000,895574158102608084992.000000,-514208248657630658560.000000,266594315086501445632.000000,-123806966785564524544.000000,50999577336256036864.000000,-18408903417996247040.000000,5733176844352374784.000000,-1509447234352212480.000000,326710982784162368.000000,-55821979119249088.000000,7060151604599376.000000,-587675105057872.750000,24151031714707.093750,0.000000,0.000000,0.000000,0.000000,0.000000,0.000000,0.000000,0.000000,0.000000,0.000000,0.000000,0.000000,0.000000,0.000000,0.000000,0.000000,0.000000,0.000000,0.000000,0.000000,0.000000,0.000000,0.000000,0.000000,0.000000,0.000000,0.000000,0.000000,0.000000,0.000000,0.000000,0.000000,0.000000,0.000000,0.000000,0.000000,0.000000,0.000000,0.000000,0.000000,0.000000,0.000000,0.000000,0.000000,0.000000,0.000000,0.000000,0.000000,0.000000,0.000000,0.000000,0.000000,0.000000,0.000000,0.000000,0.000000,0.000000,0.000000,0.000000,0.000000,0.000000,0.000000,0.000000,0.000000,0.000000,0.000000,0.000000,0.000000]
1.221730,1.000000,[0.000000,-3660921651875561340928.000000,2328800708166438354944.000000,-1148125479730998673408.000000,117290616470721445888.000000,833512906880473366528.000000,-1801183249896020377600.000000,2863454721012377059328.000000,-4041425707538638176256.000000,5280158779779909156864.000000,-6452384758863431204864.000000,7386196282962373246976.000000,-7911727816438972416000.000000,7914238870840789696512.000000,-7375337411848188198912.000000,6385290912644991025152.000000,-5119497444074410999808.000000,3787435505303097442304.000000,-2574659458537979641856.000000,1600465361482727555072.000000,-904609530529696710656.000000,461794956022534438912.000000,-211210238846474780672.000000,85703817713382178816.000000,-30479943549170556928.000000,9354488883704668160.000000,-2427526342920399872.000000,517977463735868096.000000,-87263044481173312.000000,10884064959428000.000000,-893588173444162.750000,36226547572060.640625,0.000000,0.000000,0.000000,0.000000,0.000000,0.000000,0.000000,0.000000,0.000000,0.000000,0.000000,0.000000,0.000000,0.000000,0.000000,0.000000,0.000000,0.000000,0.000000,0.000000,0.000000,0.000000,0.000000,0.000000,0.000000,0.000000,0.000000,0.000000,0.000000,0.000000,0.000000,0.000000,0.000000,0.000000,0.000000,0.000000,0.000000,0.000000,0.000000,0.000000,0.000000,0.000000,0.000000,0.000000,0.000000,0.000000,0.000000,0.000000,0.000000,0.000000,0.000000,0.000000,0.000000,0.000000,0.000000,0.000000,0.000000,0.000000,0.000000,0.000000,0.000000,0.000000,0.000000,0.000000,0.000000,0.000000,0.000000,0.000000]
1.237597,1.000000,[0.000000,-6655782831896561451008.000000,4067263802115156869120.000000,-1780833527831858774016.000000,-240820528734154522624.000000,2150860985268720369664.000000,-4133502235350219096064.000000,6315894935287884677120.000000,-8702217951197911842816.000000,11146430549101578813440.000000,-13371675279776335003648.000000,15035158332663046078464.000000,-15824711160078853472256.000000,15559027012185278644224.000000,-14255651574094778859520.000000,12137685091004692037632.000000,-9572963918763165483008.000000,6968482987223635984384.000000,-4662221868548332978176.000000,2853002807488939556864.000000,-1587811773805812252672.000000,798297553457039015936.000000,-359667267126403268608.000000,143795698344658550784.000000,-50397159765608169472.000000,15245496497017202688.000000,-3900278246248534016.000000,820597717844388864.000000,-136336599201473968.000000,16772891525864080.000000,-1358495533952274.500000,54339821358090.960938,0.000000,0.000000,0.000000,0.000000,0.000000,0.000000,0.000000,0.000000,0.000000,0.000000,0.000000,0.000000,0.000000,0.000000,0.000000,0.000000,0.000000,0.000000,0.000000,0.000000,0.000000,0.000000,0.000000,0.000000,0.000000,0.000000,0.000000,0.000000,0.000000,0.000000,0.000000,0.000000,0.000000,0.000000,0.000000,0.000000,0.000000,0.000000,0.000000,0.000000,0.000000,0.000000,0.000000,0.000000,0.000000,0.000000,0.000000,0.000000,0.000000,0.000000,0.000000,0.000000,0.000000,0.000000,0.000000,0.000000,0.000000,0.000000,0.000000,0.000000,0.000000,0.000000,0.000000,0.000000,0.000000,0.000000,0.000000,0.000000]
1.253464,1.000000,[0.000000,-12017306148902419824640.000000,6991312467088665214976.000000,-2550840027380710899712.000000,-1436661285735592099840.000000,5293042595578190495744.000000,-9358200820669270196224.000000,13824951378530782937088.000000,-18626542201347657170944.000000,23405483463540534673408.000000,-27575092085996027641856.000000,30465093079033995853824.000000,-31516580246210918481920.000000,30466366305325306347520.000000,-27452319906644514308096.000000,22993009595888621846528.000000,-17843687371756567265280.000000,12783835415109619941376.000000,-8419834206566969507840.000000,5073410098136315068416.000000,-2780866437437238280192.000000,1377279963748760027136.000000,-611398749861934137344.000000,240892127399791886336.000000,-83218487896920850432.000000,24818383868650070016.000000,-6260716228294995968.000000,1299064876367320320.000000,-212891344565142976.000000,25838585055772256.000000,-2064913211607457.250000,81509732037136.437500,0.000000,0.000000,0.000000,0.000000,0.000000,0.000000,0.000000,0.000000,0.000000,0.000000,0.000000,0.000000,0.000000,0.000000,0.000000,0.000000,0.000000,0.000000,0.000000,0.000000,0.000000,0.000000,0.000000,0.000000,0.000000,0.000000,0.000000,0.000000,0.000000,0.000000,0.000000,0.000000,0.000000,0.000000,0.000000,0.000000,0.000000,0.000000,0.000000,0.000000,0.000000,0.000000,0.000000,0.000000,0.000000,0.000000,0.000000,0.000000,0.000000,0.000000,0.000000,0.000000,0.000000,0.000000,0.000000,0.000000,0.000000,0.000000,0.000000,0.000000,0.000000,0.000000,0.000000,0.000000,0.000000,0.000000,0.000000,0.000000]
1.269330,1.000000,[0.000000,-21521615456897962344448.000000,11762388714323353534464.000000,-3107929398203270561792.000000,-4801513226392483921920.000000,12618664303701920841728.000000,-20949776920269297811456.000000,30050698168470004039680.000000,-39642555033791754141696.000000,48895771238308820025344.000000,-56595184668511037292544.000000,61455929741656459313152.000000,-62508053521979030896640.000000,59425709411310216675328.000000,-52674984657911080288256.000000,43411358079711220596736.000000,-33157448765189660868608.000000,23385670225947915190272.000000,-15166456358918613368832.000000,9000548365923091742720.000000,-4859939638030237696000.000000,2371619320554106912768.000000,-1037544188492797181952.000000,402947435048148271104.000000,-137236923779706306560.000000,40357933917122600960.000000,-10040606780626153472.000000,2055042986833551872.000000,-332256309375600576.000000,39790334189462112.000000,-3138124683429754.000000,122264598055704.656250,0.000000,0.000000,0.000000,0.000000,0.000000,0.000000,0.000000,0.000000,0.000000,0.000000,0.000000,0.000000,0.000000,0.000000,0.000000,0.000000,0.000000,0.000000,0.000000,0.000000,0.000000,0.000000,0.000000,0.000000,0.000000,0.000000,0.000000,0.000000,0.000000,0.000000,0.000000,0.000000,0.000000,0.000000,0.000000,0.000000,0.000000,0.000000,0.000000,0.000000,0.000000,0.000000,0.000000,0.000000,0.000000,0.000000,0.000000,0.000000,0.000000,0.000000,0.000000,0.000000,0.000000,0.000000,0.000000,0.000000,0.000000,0.000000,0.000000,0.000000,0.000000,0.000000,0.000000,0.000000,0.000000,0.000000,0.000000,0.000000]
1.285197,1.000000,[0.000000,-38163617542508621332480.000000,19197547770586666631168.000000,-2261137484108663881728.000000,-13511601991439685255168.000000,29402884915687529119744.000000,-46450014464638950834176.000000,64897324769600885227520.000000,-83911718169842041225216.000000,101641249191718757072896.000000,-115620741873594793984000.000000,123437921373474204418048.000000,-123474934988623654682624.000000,115476056445920865157120.000000,-100718156026722230730752.000000,81695761502161650843648.000000,-61429008260758455189504.000000,42661733518381181566976.000000,-27249958721339464351744.000000,15930792367899755413504.000000,-8475719117322410000384.000000,4076201075077559091200.000000,-1757790000263269974016.000000,673039614462075600896.000000,-226034352628120748032.000000,65557204265996976128.000000,-16088431664356005888.000000,3248692634938128384.000000,-518279631158131904.000000,61254563625908048.000000,-4768319324172483.000000,183396897083557.000000,0.000000,0.000000,0.000000,0.000000,0.000000,0.000000,0.000000,0.000000,0.000000,0.000000,0.000000,0.000000,0.000000,0.000000,0.000000,0.000000,0.000000,0.000000,0.000000,0.000000,0.000000,0.000000,0.000000,0.000000,0.000000,0.000000,0.000000,0.000000,0.000000,0.000000,0.000000,0.000000,0.000000,0.000000,0.000000,0.000000,0.000000,0.000000,0.000000,0.000000,0.000000,0.000000,0.000000,0.000000,0.000000,0.000000,0.000000,0.000000,0.000000,0.000000,0.000000,0.000000,0.000000,0.000000,0.000000,0.000000,0.000000,0.000000,0.000000,0.000000,0.000000,0.000000,0.000000,0.000000,0.000000,0.000000,0.000000,0.000000]
1.301064,1.000000,[0.000000,-66844200199056265314304.000000,29926890397934332936192.000000,3364094769556846804992.000000,-34968845445003292442624.000000,67329334605850773291008.000000,-102123684081758877253632.000000,139301846239322348453888.000000,-176688201850622457151488.000000,210272244724375515824128.000000,-235150073497129276407808.000000,246894349554523133968384.000000,-242950430705895897825280.000000,223573162682242404712448.000000,-191925114791164146352128.000000,153258146383621687083008.000000,-113474379150328273567744.000000,77617579638241500332032.000000,-48840334265959070040064.000000,28134048110510837071872.000000,-14751679213522393235456.000000,6993196612747972837376.000000,-2973204807625942761472.000000,1122576598007173742592.000000,-371830131075179610112.000000,106380022231173464064.000000,-25756993814003073024.000000,5132178767986257920.000000,-808046728550151936.000000,94266005100948320.000000,-7244177434800503.000000,275095345625335.500000,0.000000,0.000000,0.000000,0.000000,0.000000,0.000000,0.000000,0.000000,0.000000,0.000000,0.000000,0.000000,0.000000,0.000000,0.000000,0.000000,0.000000,0.000000,0.000000,0.000000,0.000000,0.000000,0.000000,0.000000,0.000000,0.000000,0.000000,0.000000,0.000000,0.000000,0.000000,0.000000,0.000000,0.000000,0.000000,0.000000,0.000000,0.000000,0.000000,0.000000,0.000000,0.000000,0.000000,0.000000,0.000000,0.000000,0.000000,0.000000,0.000000,0.000000,0.000000,0.000000,0.000000,0.000000,0.000000,0.000000,0.000000,0.000000,0.000000,0.000000,0.000000,0.000000,0.000000,0.000000,0.000000,0.000000,0.000000,0.000000]
1.316930,1.000000,[0.000000,-115229745497551560245248.000000,43208288212123075477504.000000,22530564876836915904512.000000,-86117935470430327406592.000000,152055843949655602757632.000000,-222836449242299481718784.000000,297296870284294726090752.000000,-370168425138121410084864.000000,432983403835127878385664.000000,-476172285022955498373120.000000,491816739684732599533568.000000,-476212227399965065871360.000000,431322301418945730576384.000000,-364516745378557096624128.000000,286624409150596659019776.000000,-209020358544613160517632.000000,140846536590341785518080.000000,-87327525454194029887488.000000,49576911772527445934080.000000,-25624117126657577320448.000000,11976397322934930112512.000000,-5021095510442500947968.000000,1869779962548350615552.000000,-610935207728356130816.000000,172448530253761740800.000000,-41201580104997740544.000000,8102291516254462976.000000,-1259203095375702016.000000,145021096368822720.000000,-11003813825013422.000000,412643018438003.250000,0.000000,0.000000,0.000000,0.000000,0.000000,0.000000,0.000000,0.000000,0.000000,0.000000,0.000000,0.000000,0.000000,0.000000,0.000000,0.000000,0.000000,0.000000,0.000000,0.000000,0.000000,0.000000,0.000000,0.000000,0.000000,0.000000,0.000000,0.000000,0.000000,0.000000,0.000000,0.000000,0.000000,0.000000,0.000000,0.000000,0.000000,0.000000,0.000000,0.000000,0.000000,0.000000,0.000000,0.000000,0.000000,0.000000,0.000000,0.000000,0.000000,0.000000,0.000000,0.000000,0.000000,0.000000,0.000000,0.000000,0.000000,0.000000,0.000000,0.000000,0.000000,0.000000,0.000000,0.000000,0.000000,0.000000,0.000000,0.000000]
1.332797,1.000000,[0.000000,-194448762352388861329408.000000,53547149879766155264000.000000,76854815050470545948672.000000,-205204825180473292488704.000000,339501990545633111441408.000000,-482903109005596552069120.000000,631029517995502693515264.000000,-771744339624746054320128.000000,887561248264169499656192.000000,-960166797376799614435328.000000,975831223227081465790464.000000,-929979491809420430540800.000000,829241824817697077067776.000000,-690087322643134041554944.000000,534446792998201535234048.000000,-383953806112090633535488.000000,254933567612609676443648.000000,-155779744067554784575488.000000,87177426222119957561344.000000,-44424374351453833134080.000000,20475143739623644069888.000000,-8466533246937927254016.000000,3110137547686703792128.000000,-1002627076719415132160.000000,279273585433141477376.000000,-65853515915623841792.000000,12783038822069547008.000000,-1961315191247964416.000000,223033551465740800.000000,-16712042246739136.000000,618964527657004.875000,0.000000,0.000000,0.000000,0.000000,0.000000,0.000000,0.000000,0.000000,0.000000,0.000000,0.000000,0.000000,0.000000,0.000000,0.000000,0.000000,0.000000,0.000000,0.000000,0.000000,0.000000,0.000000,0.000000,0.000000,0.000000,0.000000,0.000000,0.000000,0.000000,0.000000,0.000000,0.000000,0.000000,0.000000,0.000000,0.000000,0.000000,0.000000,0.000000,0.000000,0.000000,0.000000,0.000000,0.000000,0.000000,0.000000,0.000000,0.000000,0.000000,0.000000,0.000000,0.000000,0.000000,0.000000,0.000000,0.000000,0.000000,0.000000,0.000000,0.000000,0.000000,0.000000,0.000000,0.000000,0.000000,0.000000,0.000000,0.000000]
1.348664,1.000000,[0.000000,-318446718468466382209024.000000,41893317294413964115968.000000,217884635165942448390144.000000,-477558233043526460899328.000000,750704540321248010305536.000000,-1039869422506146174861312.000000,1332416446805627201650688.000000,-1601397133569203831308288.000000,1811425271084653922484224.000000,-1928165807678740288765952.000000,1928736580745332413956096.000000,-1809590150122979184345088.000000,1588906398548112770596864.000000,-1302354380463801964167168.000000,993647092553347619618816.000000,-703397492974440754970624.000000,460290223452691906953216.000000,-277258329212392155643904.000000,152978326508906852909056.000000,-76874133396992567541760.000000,34945982232904427634688.000000,-14254868644250242777088.000000,5166519859889762729984.000000,-1643577407795693617152.000000,451837136107524128768.000000,-105171793284470538240.000000,20155215828728303616.000000,-3053489562604816896.000000,342906348321980800.000000,-25377545633937208.000000,928446791485507.250000,0.000000,0.000000,0.000000,0.000000,0.000000,0.000000,0.000000,0.000000,0.000000,0.000000,0.000000,0.000000,0.000000,0.000000,0.000000,0.000000,0.000000,0.000000,0.000000,0.000000,0.000000,0.000000,0.000000,0.000000,0.000000,0.000000,0.000000,0.000000,0.000000,0.000000,0.000000,0.000000,0.000000,0.000000,0.000000,0.000000,0.000000,0.000000,0.000000,0.000000,0.000000,0.000000,0.000000,0.000000,0.000000,0.000000,0.000000,0.000000,0.000000,0.000000,0.000000,0.000000,0.000000,0.000000,0.000000,0.000000,0.000000,0.000000,0.000000,0.000000,0.000000,0.000000,0.000000,0.000000,0.000000,0.000000,0.000000,0.000000]
1.364530,1.000000,[0.000000,-498616736349906580537344.000000,-46102341641350286409728.000000,565606069270676903034880.000000,-1091689619725913696501760.000000,1645991521734945169997824.000000,-2226012357162032796008448.000000,2799323236993042852347904.000000,-3307808335896132842422272.000000,3681220810466351028109312.000000,-3856617001890776774344704.000000,3797899946179487944671232.000000,-3508838424458525296033792.000000,3034536788054069869543424.000000,-2450355116972376823169024.000000,1842169385317241672695808.000000,-1285241351188006918160384.000000,829064499785234038915072.000000,-492376657073041693474816.000000,267904556461856571523072.000000,-132784191211941069324288.000000,59546407671481768083456.000000,-23965562896320246579200.000000,8571568493732490641408.000000,-2691284679747302326272.000000,730341600803521429504.000000,-167835297841069948928.000000,31759568524394864640.000000,-4751687518068215808.000000,527048295299939840.000000,-38530541846648568.000000,1392670187228261.000000,0.000000,0.000000,0.000000,0.000000,0.000000,0.000000,0.000000,0.000000,0.000000,0.000000,0.000000,0.000000,0.000000,0.000000,0.000000,0.000000,0.000000,0.000000,0.000000,0.000000,0.000000,0.000000,0.000000,0.000000,0.000000,0.000000,0.000000,0.000000,0.000000,0.000000,0.000000,0.000000,0.000000,0.000000,0.000000,0.000000,0.000000,0.000000,0.000000,0.000000,0.000000,0.000000,0.000000,0.000000,0.000000,0.000000,0.000000,0.000000,0.000000,0.000000,0.000000,0.000000,0.000000,0.000000,0.000000,0.000000,0.000000,0.000000,0.000000,0.000000,0.000000,0.000000,0.000000,0.000000,0.000000,0.000000,0.000000,0.000000]
1.380397,1.000000,[0.000000,-724873933704184719212544.000000,-351956547097363906297856.000000,1394253913768972135694336.000000,-2460530190456342928424960.000000,3581993461183434153000960.000000,-4738680154239570351751168.000000,5852889023437630699732992.000000,-6802322909077374509252608.000000,7450139716644915197771776.000000,-7683875475925909133852672.000000,7451269131498494028152832.000000,-6780526030714822878822400.000000,5776982740567292679028736.000000,-4596617368117186071101440.000000,3405874753569865968123904.000000,-2342394276674627396698112.000000,1489785078214372039327744.000000,-872517263840490909859840.000000,468248930298755400335360.000000,-228949490653652479639552.000000,101302392955382775414784.000000,-40234128591346613616640.000000,14202995080472387649536.000000,-4402097820022713876480.000000,1179430050125817053184.000000,-267632731023802368000.000000,50015196545626406912.000000,-7391055424752293888.000000,809837713873234048.000000,-58492147863586984.000000,2089005280842391.500000,0.000000,0.000000,0.000000,0.000000,0.000000,0.000000,0.000000,0.000000,0.000000,0.000000,0.000000,0.000000,0.000000,0.000000,0.000000,0.000000,0.000000,0.000000,0.000000,0.000000,0.000000,0.000000,0.000000,0.000000,0.000000,0.000000,0.000000,0.000000,0.000000,0.000000,0.000000,0.000000,0.000000,0.000000,0.000000,0.000000,0.000000,0.000000,0.000000,0.000000,0.000000,0.000000,0.000000,0.000000,0.000000,0.000000,0.000000,0.000000,0.000000,0.000000,0.000000,0.000000,0.000000,0.000000,0.000000,0.000000,0.000000,0.000000,0.000000,0.000000,0.000000,0.000000,0.000000,0.000000,0.000000,0.000000,0.000000,0.000000]
1.396263,1.000000,[0.000000,-911332627007595058561024.000000,-1225061777530531860185088.000000,3321645965881629399318528.000000,-5481792016276231469137920.000000,7742330268894936136941568.000000,-10034464743078170609057792.000000,12180494989695133304225792.000000,-13928554221938520436506624.000000,15017147312930327900454912.000000,-15251447779638110177984512.000000,14567166712605153555382272.000000,-13059280416355879584006144.000000,10963782794909531785658368.000000,-8597863428960711285407744.000000,6280009268692112918970368.000000,-4258483954119127383146496.000000,2670936249241803648139264.000000,-1542900360910114132066304.000000,816848140774959373877248.000000,-394075432458170140721152.000000,172070653728747448958976.000000,-67452690427256116346880.000000,23505541530719937888256.000000,-7192861755096979996672.000000,1902961440700626894848.000000,-426456694808516755456.000000,78718322530815754240.000000,-11491501994065057792.000000,1244002644741644544.000000,-88782724435801664.000000,3133507921263587.000000,0.000000,0.000000,0.000000,0.000000,0.000000,0.000000,0.000000,0.000000,0.000000,0.000000,0.000000,0.000000,0.000000,0.000000,0.000000,0.000000,0.000000,0.000000,0.000000,0.000000,0.000000,0.000000,0.000000,0.000000,0.000000,0.000000,0.000000,0.000000,0.000000,0.000000,0.000000,0.000000,0.000000,0.000000,0.000000,0.000000,0.000000,0.000000,0.000000,0.000000,0.000000,0.000000,0.000000,0.000000,0.000000,0.000000,0.000000,0.000000,0.000000,0.000000,0.000000,0.000000,0.000000,0.000000,0.000000,0.000000,0.000000,0.000000,0.000000,0.000000,0.000000,0.000000,0.000000,0.000000,0.000000,0.000000,0.000000,0.000000]
1.412130,1.000000,[0.000000,-754468051746126657748992.000000,-3498415649236612758372352.000000,7723364956960559833546752.000000,-12093853158861815809048576.000000,16630727774881488436199424.000000,-21141944609464822565699584.000000,25235019595511958027108352.000000,-28401404989372944604987392.000000,30151444859214549087158272.000000,-30160755025759742044667904.000000,28380390277085670125076480.000000,-25070812021988585268838400.000000,20744605906844651173707776.000000,-16036799777787123924467712.000000,11549255880097734143770624.000000,-7723194055799592361918464.000000,4777854554317762269806592.000000,-2722774611752651153473536.000000,1422309927391524064067584.000000,-677148475551628969115648.000000,291832325806749227417600.000000,-112931806406244151853056.000000,38854743173628398927872.000000,-11740773352995783966720.000000,3067670508455198720000.000000,-679044203478183051264.000000,123823234793256157184.000000,-17859254313468407808.000000,1910395329330367488.000000,-134740840614334288.000000,4700261881895380.000000,0.000000,0.000000,0.000000,0.000000,0.000000,0.000000,0.000000,0.000000,0.000000,0.000000,0.000000,0.000000,0.000000,0.000000,0.000000,0.000000,0.000000,0.000000,0.000000,0.000000,0.000000,0.000000,0.000000,0.000000,0.000000,0.000000,0.000000,0.000000,0.000000,0.000000,0.000000,0.000000,0.000000,0.000000,0.000000,0.000000,0.000000,0.000000,0.000000,0.000000,0.000000,0.000000,0.000000,0.000000,0.000000,0.000000,0.000000,0.000000,0.000000,0.000000,0.000000,0.000000,0.000000,0.000000,0.000000,0.000000,0.000000,0.000000,0.000000,0.000000,0.000000,0.000000,0.000000,0.000000,0.000000,0.000000,0.000000,0.000000]
1.427997,1.000000,[0.000000,617505746999116258344960.000000,-9109305952335199054331904.000000,17631974014871748191715328.000000,-26456143625733470079156224.000000,35517063967054643937148928.000000,-44330426711953212862103552.000000,52053231887954407195672576.000000,-57677829913666693598543872.000000,60307544801701690358104064.000000,-59431327677182448129540096.000000,55105991426622799969517568.000000,-47978520986405205637595136.000000,39135308749160539796537344.000000,-29829827606729556179812352.000000,21185480848046395249131520.000000,-13973718360858269677780992.000000,8528169137352969518317568.000000,-4795316881324739030679552.000000,2472039128863100580659200.000000,-1161638876230818151268352.000000,494214391913245917052928.000000,-188825081196180423049216.000000,64152501436940489326592.000000,-19144995283721275834368.000000,4941027864421889736704.000000,-1080477922613902704640.000000,194664479346618433536.000000,-27744079134867795968.000000,2932963414302718464.000000,-204461391862449120.000000,7050392822843070.000000,0.000000,0.000000,0.000000,0.000000,0.000000,0.000000,0.000000,0.000000,0.000000,0.000000,0.000000,0.000000,0.000000,0.000000,0.000000,0.000000,0.000000,0.000000,0.000000,0.000000,0.000000,0.000000,0.000000,0.000000,0.000000,0.000000,0.000000,0.000000,0.000000,0.000000,0.000000,0.000000,0.000000,0.000000,0.000000,0.000000,0.000000,0.000000,0.000000,0.000000,0.000000,0.000000,0.000000,0.000000,0.000000,0.000000,0.000000,0.000000,0.000000,0.000000,0.000000,0.000000,0.000000,0.000000,0.000000,0.000000,0.000000,0.000000,0.000000,0.000000,0.000000,0.000000,0.000000,0.000000,0.000000,0.000000,0.000000,0.000000]
1.443863,1.000000,[0.000000,5480911596666273512030208.000000,-22479945935938673214226432.000000,39676032835174359474634752.000000,-57442747422127524939825152.000000,75440809306558578779226112.000000,-92522256011907035775893504.000000,106918762788764966182715392.000000,-116670517271350885576867840.000000,120176981041143755306958848.000000,-116699987229085059294167040.000000,106648247633136802773073920.000000,-91535435854188069764726784.000000,73617876927105587784712192.000000,-55337481834117536189251584.000000,38765080452498725565104128.000000,-25224662109963891423313920.000000,15189912146691824329687040.000000,-8428994886418658567913472.000000,4288878131410059812405248.000000,-1989565510302850151874560.000000,835734128467959103881216.000000,-315313872512740908597248.000000,105801249797271380295680.000000,-31188006857792857047040.000000,7951780757939786088448.000000,-1718049123594163191808.000000,305868758587361525760.000000,-43082600409453051904.000000,4501675817385302016.000000,-310217284205095232.000000,10575589234264604.000000,0.000000,0.000000,0.000000,0.000000,0.000000,0.000000,0.000000,0.000000,0.000000,0.000000,0.000000,0.000000,0.000000,0.000000,0.000000,0.000000,0.000000,0.000000,0.000000,0.000000,0.000000,0.000000,0.000000,0.000000,0.000000,0.000000,0.000000,0.000000,0.000000,0.000000,0.000000,0.000000,0.000000,0.000000,0.000000,0.000000,0.000000,0.000000,0.000000,0.000000,0.000000,0.000000,0.000000,0.000000,0.000000,0.000000,0.000000,0.000000,0.000000,0.000000,0.000000,0.000000,0.000000,0.000000,0.000000,0.000000,0.000000,0.000000,0.000000,0.000000,0.000000,0.000000,0.000000,0.000000,0.000000,0.000000,0.000000,0.000000]
1.459730,1.000000,[0.000000,19461340362968746338287616.000000,-53557935321495189558657024.000000,88235422963825293091930112.000000,-123884525786470568209416192.000000,159422341965791386056785920.000000,-192242765412243053935067136.000000,218713402818822900652441600.000000,-235094266427598188838912000.000000,238615465176258136837718016.000000,-228374104660195973147918336.000000,205740089376799239041974272.000000,-174112092244834898539446272.000000,138095556307717149771694080.000000,-102388762977425671361396736.000000,70759951733730034059313152.000000,-45431949238291749299814400.000000,26999365663247065778487296.000000,-14787931395333018026508288.000000,7428099952266515197198336.000000,-3402215329688254779752448.000000,1411258128958309177229312.000000,-525871433667747036266496.000000,174295878124803498967040.000000,-50757900665659183857664.000000,12786695698706761515008.000000,-2730008064684925648896.000000,480344438085768839168.000000,-66874738522872233984.000000,6907622368180500480.000000,-470613720924775168.000000,15863383851396906.000000,0.000000,0.000000,0.000000,0.000000,0.000000,0.000000,0.000000,0.000000,0.000000,0.000000,0.000000,0.000000,0.000000,0.000000,0.000000,0.000000,0.000000,0.000000,0.000000,0.000000,0.000000,0.000000,0.000000,0.000000,0.000000,0.000000,0.000000,0.000000,0.000000,0.000000,0.000000,0.000000,0.000000,0.000000,0.000000,0.000000,0.000000,0.000000,0.000000,0.000000,0.000000,0.000000,0.000000,0.000000,0.000000,0.000000,0.000000,0.000000,0.000000,0.000000,0.000000,0.000000,0.000000,0.000000,0.000000,0.000000,0.000000,0.000000,0.000000,0.000000,0.000000,0.000000,0.000000,0.000000,0.000000,0.000000,0.000000,0.000000]
1.475597,1.000000,[0.000000,55970978205200718581727232.000000,-124454614464155439473885184.000000,194295397338973240922472448.000000,-265537959662601528162648064.000000,335254895654808657592320000.000000,-397720849527776014048952320.000000,445617237442033462577987584.000000,-471949132229526386036965376.000000,472110250094485191830536192.000000,-445431201678693613602603008.000000,395666180187616273472946176.000000,-330215916521110914105081856.000000,258337715950288543158370304.000000,-188963120333003532661686272.000000,128855902219740925738876928.000000,-81647606689061154691481600.000000,47893014192537107680985088.000000,-25895947069132784638361600.000000,12843257593243900990980096.000000,-5808952059011537295114240.000000,2379822910271337283977216.000000,-875955089564022219997184.000000,286822767520034831990784.000000,-82530198847842150252544.000000,20545047580402606145536.000000,-4335184316070272958464.000000,753954026390089367552.000000,-103765918968398610432.000000,10596740412733138944.000000,-713852273312861184.000000,23795075777095360.000000,0.000000,0.000000,0.000000,0.000000,0.000000,0.000000,0.000000,0.000000,0.000000,0.000000,0.000000,0.000000,0.000000,0.000000,0.000000,0.000000,0.000000,0.000000,0.000000,0.000000,0.000000,0.000000,0.000000,0.000000,0.000000,0.000000,0.000000,0.000000,0.000000,0.000000,0.000000,0.000000,0.000000,0.000000,0.000000,0.000000,0.000000,0.000000,0.000000,0.000000,0.000000,0.000000,0.000000,0.000000,0.000000,0.000000,0.000000,0.000000,0.000000,0.000000,0.000000,0.000000,0.000000,0.000000,0.000000,0.000000,0.000000,0.000000,0.000000,0.000000,0.000000,0.000000,0.000000,0.000000,0.000000,0.000000,0.000000,0.000000]
1.491463,1.000000,[0.000000,146183774539878797609533440.000000,-283829620365719779672064000.000000,424212075839760591105294336.000000,-565934387321306621040132096.000000,701742768246101027772694528.000000,-819389893012680855441637376.000000,904400422277813386885464064.000000,-943978823391532174970716160.000000,930880975981074525827629056.000000,-865979892611848557140377600.000000,758607228541979901621698560.000000,-624492732756810677096546304.000000,481988134091934581068398592.000000,-347872631609375761861967872.000000,234107656674141957364121600.000000,-146417917129860277287780352.000000,84787494823372060283109376.000000,-45265549400321125305548800.000000,22169362419371621207769088.000000,-9903339543652974182006784.000000,4007711910189017304399872.000000,-1457344018106050779545600.000000,471499250703973289558016.000000,-134067822061964528451584.000000,32985163528639046746112.000000,-6879753487300453990400.000000,1182813999069333291008.000000,-160947248658964480000.000000,16252036755756138496.000000,-1082675947857839488.000000,35692613665643040.000000,0.000000,0.000000,0.000000,0.000000,0.000000,0.000000,0.000000,0.000000,0.000000,0.000000,0.000000,0.000000,0.000000,0.000000,0.000000,0.000000,0.000000,0.000000,0.000000,0.000000,0.000000,0.000000,0.000000,0.000000,0.000000,0.000000,0.000000,0.000000,0.000000,0.000000,0.000000,0.000000,0.000000,0.000000,0.000000,0.000000,0.000000,0.000000,0.000000,0.000000,0.000000,0.000000,0.000000,0.000000,0.000000,0.000000,0.000000,0.000000,0.000000,0.000000,0.000000,0.000000,0.000000,0.000000,0.000000,0.000000,0.000000,0.000000,0.000000,0.000000,0.000000,0.000000,0.000000,0.000000,0.000000,0.000000,0.000000,0.000000]
1.507330,1.000000,[0.000000,361190471992678077660397568.000000,-637850468468459896341266432.000000,919285307420294197178007552.000000,-1199772965105010514166022144.000000,1462309098875491969379860480.000000,-1681285050657927976605188096.000000,1828590045112486167813554176.000000,-1881408723077835525369888768.000000,1829311410277536136031109120.000000,-1678273453188762786521415680.000000,1450157209191374984822390784.000000,-1177733166181183340538757120.000000,896918516942589752533581824.000000,-638862775751134552755535872.000000,424370443576143057510203392.000000,-262020623106476446073225216.000000,149814016935218653077438464.000000,-78983005310167509299625984.000000,38205713400883917828915200.000000,-16858865270573970462081024.000000,6740239874336550943719424.000000,-2421765652511062478553088.000000,774282787086942181785600.000000,-217594314857266292981760.000000,52917622036608791347200.000000,-10911037230485346451456.000000,1854694622933482209280.000000,-249546891366324797440.000000,24919393107563126784.000000,-1641860228619580672.000000,53538920498464560.000000,0.000000,0.000000,0.000000,0.000000,0.000000,0.000000,0.000000,0.000000,0.000000,0.000000,0.000000,0.000000,0.000000,0.000000,0.000000,0.000000,0.000000,0.000000,0.000000,0.000000,0.000000,0.000000,0.000000,0.000000,0.000000,0.000000,0.000000,0.000000,0.000000,0.000000,0.000000,0.000000,0.000000,0.000000,0.000000,0.000000,0.000000,0.000000,0.000000,0.000000,0.000000,0.000000,0.000000,0.000000,0.000000,0.000000,0.000000,0.000000,0.000000,0.000000,0.000000,0.000000,0.000000,0.000000,0.000000,0.000000,0.000000,0.000000,0.000000,0.000000,0.000000,0.000000,0.000000,0.000000,0.000000,0.000000,0.000000,0.000000]
1.523196,1.000000,[0.000000,860710942223247167740444672.000000,-1416418356412836874381426688.000000,1978814443682946690288975872.000000,-2530813997095261687219486720.000000,3034106173642202079811338240.000000,-3436222598543134911375605760.000000,3683589429207647151844229120.000000,-3736768789755521493509341184.000000,3583103842010685734746324992.000000,-3242488784378831534754365440.000000,2764102396877653941344534528.000000,-2215059007743069680916496384.000000,1664809163289451905178140672.000000,-1170479385414773357888405504.000000,767565976917452740582440960.000000,-467937943127324004238491648.000000,264212528057911742855905280.000000,-137577364665693233601314816.000000,65738002736612863048155136.000000,-28658417843029231164981248.000000,11321242637760358191726592.000000,-4019789872310064607395840.000000,1270221338059046452723712.000000,-352850283304203851923456.000000,84831951670155868635136.000000,-17293903157194760650752.000000,2906815380083385565184.000000,-386780033603268771840.000000,38200019775654477824.000000,-2489559803178603520.000000,80308380747696832.000000,0.000000,0.000000,0.000000,0.000000,0.000000,0.000000,0.000000,0.000000,0.000000,0.000000,0.000000,0.000000,0.000000,0.000000,0.000000,0.000000,0.000000,0.000000,0.000000,0.000000,0.000000,0.000000,0.000000,0.000000,0.000000,0.000000,0.000000,0.000000,0.000000,0.000000,0.000000,0.000000,0.000000,0.000000,0.000000,0.000000,0.000000,0.000000,0.000000,0.000000,0.000000,0.000000,0.000000,0.000000,0.000000,0.000000,0.000000,0.000000,0.000000,0.000000,0.000000,0.000000,0.000000,0.000000,0.000000,0.000000,0.000000,0.000000,0.000000,0.000000,0.000000,0.000000,0.000000,0.000000,0.000000,0.000000,0.000000,0.000000]
1.539063,1.000000,[0.000000,1999275591541289188801380352.000000,-3114034756460729069033488384.000000,4233628664072050879043207168.000000,-5313274082463992746101178368.000000,6269270559734870575404810240.000000,-6996128612418526492741337088.000000,7393768538689231474521014272.000000,-7396705105638625107637174272.000000,6995900155205444369496670208.000000,-6245784375007074272803815424.000000,5253683099188016027352956928.000000,-4154993093259330611402768384.000000,3082453437641564330552983552.000000,-2139502066580886475843305472.000000,1385317936939841112992907264.000000,-834013178719941946505166848.000000,465107474419714265444253696.000000,-239235048366846299105918976.000000,112936213026433914449690624.000000,-48648248083424027990818816.000000,18991758892795570128158720.000000,-6664795477494620003237888.000000,2081757148740671672156160.000000,-571691400791383695425536.000000,135894879083831182229504.000000,-27394262425833836642304.000000,4553613086926712602624.000000,-599270060292730388480.000000,58544809565071015936.000000,-3774493895141753856.000000,120462571121545248.000000,0.000000,0.000000,0.000000,0.000000,0.000000,0.000000,0.000000,0.000000,0.000000,0.000000,0.000000,0.000000,0.000000,0.000000,0.000000,0.000000,0.000000,0.000000,0.000000,0.000000,0.000000,0.000000,0.000000,0.000000,0.000000,0.000000,0.000000,0.000000,0.000000,0.000000,0.000000,0.000000,0.000000,0.000000,0.000000,0.000000,0.000000,0.000000,0.000000,0.000000,0.000000,0.000000,0.000000,0.000000,0.000000,0.000000,0.000000,0.000000,0.000000,0.000000,0.000000,0.000000,0.000000,0.000000,0.000000,0.000000,0.000000,0.000000,0.000000,0.000000,0.000000,0.000000,0.000000,0.000000,0.000000,0.000000,0.000000,0.000000]
1.554930,1.000000,[0.000000,4555930765542298592596721664.000000,-6787866466727118768193929216.000000,9007080037340071866981679104.000000,-11104546403563424956609986560.000000,12901970145811568559722070016.000000,-14191077187972405476372512768.000000,14789005360853160315355922432.000000,-14593007736060659296448282624.000000,13616742420311703690646913024.000000,-11995518112104619422882201600.000000,9958021195411688522097098752.000000,-7773716358709778907014365184.000000,5693431189752790283506941952.000000,-3901912068341250270261411840.000000,2494983494769732367864037376.000000,-1483573505289770121199353856.000000,817278735812994513359601664.000000,-415320679063486423063592960.000000,193728443581362881374978048.000000,-82468251571533816312889344.000000,31820036077940663583244288.000000,-11038071790612265304064000.000000,3408481423506699423055872.000000,-925484540728991176196096.000000,217539449838663679082496.000000,-43368200182214109954048.000000,7130054660536433377280.000000,-928177495221631057920.000000,89704461295177400320.000000,-5721972128273403904.000000,180693856682317888.000000,0.000000,0.000000,0.000000,0.000000,0.000000,0.000000,0.000000,0.000000,0.000000,0.000000,0.000000,0.000000,0.000000,0.000000,0.000000,0.000000,0.000000,0.000000,0.000000,0.000000,0.000000,0.000000,0.000000,0.000000,0.000000,0.000000,0.000000,0.000000,0.000000,0.000000,0.000000,0.000000,0.000000,0.000000,0.000000,0.000000,0.000000,0.000000,0.000000,0.000000,0.000000,0.000000,0.000000,0.000000,0.000000,0.000000,0.000000,0.000000,0.000000,0.000000,0.000000,0.000000,0.000000,0.000000,0.000000,0.000000,0.000000,0.000000,0.000000,0.000000,0.000000,0.000000,0.000000,0.000000,0.000000,0.000000,0.000000,0.000000]
1.570796,1.000000,[0.000000,10227829381677006448358326272.000000,-14685339718760712436514291712.000000,19062893257791820278777511936.000000,-23107804678250919515752759296.000000,26448493812703557776792616960.000000,-28681118462385189471748358144.000000,29480011909310071220769652736.000000,-28697882814246839690484252672.000000,26422872686519865247411470336.000000,-22972287765862770096836968448.000000,18823889972472422236652830720.000000,-14507290132941062402763390976.000000,10491102818799810010635304960.000000,-7100359849896741039568322560.000000,4484261994799483474956779520.000000,-2633999625841152438478831616.000000,1433578443251235050290675712.000000,-719845240385911040923140096.000000,331826791157811213039042560.000000,-139612395396271060555923456.000000,53249090012217125879414784.000000,-18261348397671748472930304.000000,5575464405624545125335040.000000,-1496996536012818469617664.000000,347993274849102581989376.000000,-68617327603589385814016.000000,11159170738415464349696.000000,-1437118473480035368960.000000,137417678006902800384.000000,-8673305120751264768.000000,271040785023476832.000000,0.000000,0.000000,0.000000,0.000000,0.000000,0.000000,0.000000,0.000000,0.000000,0.000000,0.000000,0.000000,0.000000,0.000000,0.000000,0.000000,0.000000,0.000000,0.000000,0.000000,0.000000,0.000000,0.000000,0.000000,0.000000,0.000000,0.000000,0.000000,0.000000,0.000000,0.000000,0.000000,0.000000,0.000000,0.000000,0.000000,0.000000,0.000000,0.000000,0.000000,0.000000,0.000000,0.000000,0.000000,0.000000,0.000000,0.000000,0.000000,0.000000,0.000000,0.000000,0.000000,0.000000,0.000000,0.000000,0.000000,0.000000,0.000000,0.000000,0.000000,0.000000,0.000000,0.000000,0.000000,0.000000,0.000000,0.000000,0.000000]
1.586663,1.000000,[0.000000,22684413931895864791283007488.000000,-31559456207036980993183449088.000000,40148242225813185777996136448.000000,-47885953923728162560071958528.000000,54013299950247933600086360064.000000,-57761683648232813220937596928.000000,58568959271088526676396605440.000000,-56258260564630189960408858624.000000,51120452912711185118558945280.000000,-43870376635030368462605123584.000000,35489480025179162357337686016.000000,-27006486608811496410439483392.000000,19286834153148084436225490944.000000,-12892670772244851922441338880.000000,8043392805119800881918771200.000000,-4667788660387346045424631808.000000,2510290285069807958458630144.000000,-1245681256157772030465277952.000000,567546384434852384196263936.000000,-236043138100515132298756096.000000,89004309217161563055587328.000000,-30179754799319894198321152.000000,9111694876443226385940480.000000,-2419491441443778961866752.000000,556298576075448540725248.000000,-108505576774591808798720.000000,17457315344363215126528.000000,-2224386549223504478208.000000,210463169570729820160.000000,-13145478073638635520.000000,406561177535215232.000000,0.000000,0.000000,0.000000,0.000000,0.000000,0.000000,0.000000,0.000000,0.000000,0.000000,0.000000,0.000000,0.000000,0.000000,0.000000,0.000000,0.000000,0.000000,0.000000,0.000000,0.000000,0.000000,0.000000,0.000000,0.000000,0.000000,0.000000,0.000000,0.000000,0.000000,0.000000,0.000000,0.000000,0.000000,0.000000,0.000000,0.000000,0.000000,0.000000,0.000000,0.000000,0.000000,0.000000,0.000000,0.000000,0.000000,0.000000,0.000000,0.000000,0.000000,0.000000,0.000000,0.000000,0.000000,0.000000,0.000000,0.000000,0.000000,0.000000,0.000000,0.000000,0.000000,0.000000,0.000000,0.000000,0.000000,0.000000,0.000000]
1.602530,1.000000,[0.000000,49806349001362287683516235776.000000,-67413305423462068776819752960.000000,84165340300583868743123206144.000000,-98835580860716219436244140032.000000,109900791749488315806691360768.000000,-115927005107893491965697720320.000000,115982569188947889392845848576.000000,-109947617303300864305753227264.000000,98615867686581966307187490816.000000,-83550304965135133872576528384.000000,66737463342174491741226270720.000000,-50153146989791291231818481664.000000,35376586615844550416535650304.000000,-23360702560927177225109766144.000000,14398983537873374620468379648.000000,-8256828133115922772488355840.000000,4388276055683598227798491136.000000,-2152295076454084100357095424.000000,969341145702536211163250688.000000,-398566861759353497155796992.000000,148596341225402283092606976.000000,-49825479637201449121742848.000000,14877288035386730402021376.000000,-3907386450203392780271616.000000,888700652500468749041664.000000,-171487022834069341732864.000000,27298166291156575453184.000000,-3441811408620621922304.000000,322267493392914055168.000000,-19921497699225559040.000000,609841766302822912.000000,0.000000,0.000000,0.000000,0.000000,0.000000,0.000000,0.000000,0.000000,0.000000,0.000000,0.000000,0.000000,0.000000,0.000000,0.000000,0.000000,0.000000,0.000000,0.000000,0.000000,0.000000,0.000000,0.000000,0.000000,0.000000,0.000000,0.000000,0.000000,0.000000,0.000000,0.000000,0.000000,0.000000,0.000000,0.000000,0.000000,0.000000,0.000000,0.000000,0.000000,0.000000,0.000000,0.000000,0.000000,0.000000,0.000000,0.000000,0.000000,0.000000,0.000000,0.000000,0.000000,0.000000,0.000000,0.000000,0.000000,0.000000,0.000000,0.000000,0.000000,0.000000,0.000000,0.000000,0.000000,0.000000,0.000000,0.000000,0.000000]
1.618396,1.000000,[0.000000,108416176213774452719544696832.000000,-143202628285485046332884254720.000000,175665800881233895240620834816.000000,-203203767165818504649897934848.000000,222814690178179237285071945728.000000,-231881792256314191441062526976.000000,228947662435072239853866319872.000000,-214229359798242288408316608512.000000,189698954012440490008790433792.000000,-158694189118789937883384905728.000000,125182768508157383227748646912.000000,-92918013792609216454042058752.000000,64745231204230418635404869632.000000,-42240545610327457545945350144.000000,25726889373368024416458375168.000000,-14579380227515684372143407104.000000,7658561621752438842120470528.000000,-3713113187532394393556221952.000000,1653295149433481134042251264.000000,-672148463251731438819606528.000000,247807251656704157789716480.000000,-82176863473495543178592256.000000,24269625278181794677522432.000000,-6305430001555322873839616.000000,1418794490167737760874496.000000,-270879617396682315005952.000000,42668155141045176238080.000000,-5323850859627390435328.000000,493361988938983866368.000000,-30187167431989747712.000000,914762649454234368.000000,0.000000,0.000000,0.000000,0.000000,0.000000,0.000000,0.000000,0.000000,0.000000,0.000000,0.000000,0.000000,0.000000,0.000000,0.000000,0.000000,0.000000,0.000000,0.000000,0.000000,0.000000,0.000000,0.000000,0.000000,0.000000,0.000000,0.000000,0.000000,0.000000,0.000000,0.000000,0.000000,0.000000,0.000000,0.000000,0.000000,0.000000,0.000000,0.000000,0.000000,0.000000,0.000000,0.000000,0.000000,0.000000,0.000000,0.000000,0.000000,0.000000,0.000000,0.000000,0.000000,0.000000,0.000000,0.000000,0.000000,0.000000,0.000000,0.000000,0.000000,0.000000,0.000000,0.000000,0.000000,0.000000,0.000000,0.000000,0.000000]
1.634263,1.000000,[0.000000,234225578463404202245759172608.000000,-302636842868844517119636799488.000000,365100584904760130370252308480.000000,-416212995837817375617382875136.000000,450162931395425951648139182080.000000,-462296519602007371904154861568.000000,450536173551729539169329872896.000000,-416193516703583677616870129664.000000,363895525578055686362692059136.000000,-300632667932263607235044704256.000000,234233159658540709456923066368.000000,-171749636291029025202672500736.000000,118238119611509356726079979520.000000,-76224263102175196328123957248.000000,45880024173809876611736010752.000000,-25698351152149745979275345920.000000,13344399026394856559470444544.000000,-6396317356015332844550225920.000000,2816016955776087557912133632.000000,-1132126320705949168404791296.000000,412799309221804025453740032.000000,-135400107849334203516715008.000000,39557152918050357748170752.000000,-10167542247416852788543488.000000,2263631543949947698151424.000000,-427653503665546102571008.000000,66664158141381462720512.000000,-8232457283910577946624.000000,755136567124470661120.000000,-45738132472711741440.000000,1372143974181351424.000000,0.000000,0.000000,0.000000,0.000000,0.000000,0.000000,0.000000,0.000000,0.000000,0.000000,0.000000,0.000000,0.000000,0.000000,0.000000,0.000000,0.000000,0.000000,0.000000,0.000000,0.000000,0.000000,0.000000,0.000000,0.000000,0.000000,0.000000,0.000000,0.000000,0.000000,0.000000,0.000000,0.000000,0.000000,0.000000,0.000000,0.000000,0.000000,0.000000,0.000000,0.000000,0.000000,0.000000,0.000000,0.000000,0.000000,0.000000,0.000000,0.000000,0.000000,0.000000,0.000000,0.000000,0.000000,0.000000,0.000000,0.000000,0.000000,0.000000,0.000000,0.000000,0.000000,0.000000,0.000000,0.000000,0.000000,0.000000,0.000000]
1.650129,1.000000,[0.000000,502656789129528544336271114240.000000,-636505556755646805680209264640.000000,755757375276048918548441989120.000000,-849400959454438968881399726080.000000,906392656894142718977402470400.000000,-918712866178875757072153051136.000000,883901018679386077193685696512.000000,-806238037844403429975395401728.000000,696159622333215385938118574080.000000,-568065581727665747988842545152.000000,437224557633325576786720849920.000000,-316743514242298207370955718656.000000,215469310968351659641461014528.000000,-137276406740167732798053941248.000000,81669211836789685708218433536.000000,-45219726241422045049624985600.000000,23214757217599950161969152000.000000,-11002484511911043045781405696.000000,4790088594017106058509549568.000000,-1904589135669825937132748800.000000,686899017757373225838313472.000000,-222878738233026492739092480.000000,64419500500783967311495168.000000,-16383129143100253031890944.000000,3609274067757694397186048.000000,-674812334569009927159808.000000,104112465854027482005504.000000,-12726254209428103364608.000000,1155573916923061862400.000000,-69293270696158289920.000000,2058215961272027136.000000,0.000000,0.000000,0.000000,0.000000,0.000000,0.000000,0.000000,0.000000,0.000000,0.000000,0.000000,0.000000,0.000000,0.000000,0.000000,0.000000,0.000000,0.000000,0.000000,0.000000,0.000000,0.000000,0.000000,0.000000,0.000000,0.000000,0.000000,0.000000,0.000000,0.000000,0.000000,0.000000,0.000000,0.000000,0.000000,0.000000,0.000000,0.000000,0.000000,0.000000,0.000000,0.000000,0.000000,0.000000,0.000000,0.000000,0.000000,0.000000,0.000000,0.000000,0.000000,0.000000,0.000000,0.000000,0.000000,0.000000,0.000000,0.000000,0.000000,0.000000,0.000000,0.000000,0.000000,0.000000,0.000000,0.000000,0.000000,0.000000]
1.665996,1.000000,[0.000000,1072237962072116219344511303680.000000,-1332637022771494738163279069184.000000,1558336542641293073369595379712.000000,-1727297767628729953548289179648.000000,1818945418430651957002180231168.000000,-1820019808608006674205072424960.000000,1728970546941280830778226245632.000000,-1557436867933212697194664034304.000000,1328272224363655812164110778368.000000,-1070710651408161445560996331520.000000,814208593571137556826489356288.000000,-582849926847623123284978040832.000000,391842169822611364657311514624.000000,-246749216028646433255097106432.000000,145113680875895542291047120896.000000,-79436967970933051451515076608.000000,40323378082355444566821175296.000000,-18898771064875117048171069440.000000,8137427458860571781452791808.000000,-3200333212383425518618279936.000000,1141787895752573102306885632.000000,-366527857599931765714059264.000000,104820815322726074261962752.000000,-26379330748529225135816704.000000,5751317268921047096229888.000000,-1064274734780528648519680.000000,162531825885755276787712.000000,-19667168272603685060608.000000,1768007510732671811584.000000,-104969014024873443328.000000,3087323941908040704.000000,0.000000,0.000000,0.000000,0.000000,0.000000,0.000000,0.000000,0.000000,0.000000,0.000000,0.000000,0.000000,0.000000,0.000000,0.000000,0.000000,0.000000,0.000000,0.000000,0.000000,0.000000,0.000000,0.000000,0.000000,0.000000,0.000000,0.000000,0.000000,0.000000,0.000000,0.000000,0.000000,0.000000,0.000000,0.000000,0.000000,0.000000,0.000000,0.000000,0.000000,0.000000,0.000000,0.000000,0.000000,0.000000,0.000000,0.000000,0.000000,0.000000,0.000000,0.000000,0.000000,0.000000,0.000000,0.000000,0.000000,0.000000,0.000000,0.000000,0.000000,0.000000,0.000000,0.000000,0.000000,0.000000,0.000000,0.000000,0.000000]
1.681863,1.000000,[0.000000,2274675454493921698098406490112.000000,-2778123805477888362454739582976.000000,3201153697776304586828537659392.000000,-3500419360658420908823523885056.000000,3638428031949981131868318203904.000000,-3594514986382650848909186826240.000000,3372174254378527876239648096256.000000,-3000291414081646670399074729984.000000,2527763662249564441026664333312.000000,-2013170273897810946754739175424.000000,1512737853780517896882223054848.000000,-1070195975182740332071750729728.000000,711137862748240158060399558656.000000,-442680664480917456212541308928.000000,257389005299309856754514264064.000000,-139317140997577299460683202560.000000,69934452655970725374317297664.000000,-32416870326742960913227186176.000000,13806307794482570431488327680.000000,-5371393766451424416764002304.000000,1895945772428825536317358080.000000,-602202194061260720061808640.000000,170420888358353745435688960.000000,-42444654757254359104356352.000000,9159113270771835237040128.000000,-1677678015113670728613888.000000,253631322964934778683392.000000,-30384756164271863234560.000000,2704495773111444570112.000000,-158997183008264192000.000000,4630985912862060544.000000,0.000000,0.000000,0.000000,0.000000,0.000000,0.000000,0.000000,0.000000,0.000000,0.000000,0.000000,0.000000,0.000000,0.000000,0.000000,0.000000,0.000000,0.000000,0.000000,0.000000,0.000000,0.000000,0.000000,0.000000,0.000000,0.000000,0.000000,0.000000,0.000000,0.000000,0.000000,0.000000,0.000000,0.000000,0.000000,0.000000,0.000000,0.000000,0.000000,0.000000,0.000000,0.000000,0.000000,0.000000,0.000000,0.000000,0.000000,0.000000,0.000000,0.000000,0.000000,0.000000,0.000000,0.000000,0.000000,0.000000,0.000000,0.000000,0.000000,0.000000,0.000000,0.000000,0.000000,0.000000,0.000000,0.000000,0.000000,0.000000]
1.697729,1.000000,[0.000000,4801075084479827009849956237312.000000,-5767762557104985118571354914816.000000,6551940226993668179079498563584.000000,-7069843056962621929169444929536.000000,7254899541116296559307117297664.000000,-7077859606763239648533650866176.000000,6558407088608615149559009509376.000000,-5764318952247252085374455906304.000000,4798230630323252275654854443008.000000,-3776124337736975650048197001216.000000,2804204768262146870621721591808.000000,-1960862894148230717875314229248.000000,1288047126362818894828125814784.000000,-792715499371031077511697006592.000000,455742078447753408473833930752.000000,-243942937824351307480136941568.000000,121110114147327577314182561792.000000,-55528459387355728784608198656.000000,23395158574949565656591237120.000000,-9005063535891550080499449856.000000,3145019755673868870665371648.000000,-988513735271067918450819072.000000,276853659916157789115777024.000000,-68246538771267461643763712.000000,14577508913714588488302592.000000,-2643332684152973750697984.000000,395639362529538124808192.000000,-46929382132963516350464.000000,4136242251171298803712.000000,-240811267468827295744.000000,6946478869293090816.000000,0.000000,0.000000,0.000000,0.000000,0.000000,0.000000,0.000000,0.000000,0.000000,0.000000,0.000000,0.000000,0.000000,0.000000,0.000000,0.000000,0.000000,0.000000,0.000000,0.000000,0.000000,0.000000,0.000000,0.000000,0.000000,0.000000,0.000000,0.000000,0.000000,0.000000,0.000000,0.000000,0.000000,0.000000,0.000000,0.000000,0.000000,0.000000,0.000000,0.000000,0.000000,0.000000,0.000000,0.000000,0.000000,0.000000,0.000000,0.000000,0.000000,0.000000,0.000000,0.000000,0.000000,0.000000,0.000000,0.000000,0.000000,0.000000,0.000000,0.000000,0.000000,0.000000,0.000000,0.000000,0.000000,0.000000,0.000000,0.000000]
1.713596,1.000000,[0.000000,10085493905272232511110658392064.000000,-11927613949154313456246641917952.000000,13362831868971813233203970310144.000000,-14232214356002081173407726043136.000000,14421279115056064663227501379584.000000,-13895992954449167610529934475264.000000,12719770109036549329975695638528.000000,-11045593743532504265889111080960.000000,9085408114353366801456333586432.000000,-7066288890736536628908179587072.000000,5186738599467335664870239502336.000000,-3585317904403755242752057540608.000000,2328428439229743880998037225472.000000,-1416944288280423250135718297600.000000,805584586583805696082075189248.000000,-426469463810190785061668782080.000000,209429400914669225965531430912.000000,-94990268368508376005207916544.000000,39595269630370125724159836160.000000,-15080105181674259006326046720.000000,5211786501146337127784513536.000000,-1621197432864680840953593856.000000,449403759259870423085481984.000000,-109658562613758483488571392.000000,23187929712648369070931968.000000,-4162818707494229621342208.000000,616923734860788895055872.000000,-72462194325030929694720.000000,6324769010491362115584.000000,-364690140637887463424.000000,10419718303939637248.000000,0.000000,0.000000,0.000000,0.000000,0.000000,0.000000,0.000000,0.000000,0.000000,0.000000,0.000000,0.000000,0.000000,0.000000,0.000000,0.000000,0.000000,0.000000,0.000000,0.000000,0.000000,0.000000,0.000000,0.000000,0.000000,0.000000,0.000000,0.000000,0.000000,0.000000,0.000000,0.000000,0.000000,0.000000,0.000000,0.000000,0.000000,0.000000,0.000000,0.000000,0.000000,0.000000,0.000000,0.000000,0.000000,0.000000,0.000000,0.000000,0.000000,0.000000,0.000000,0.000000,0.000000,0.000000,0.000000,0.000000,0.000000,0.000000,0.000000,0.000000,0.000000,0.000000,0.000000,0.000000,0.000000,0.000000,0.000000,0.000000]
1.729463,1.000000,[0.000000,21092047832485505494789308547072.000000,-24572836858217376800971948032000.000000,27160354981458758184710004801536.000000,-28558961091531154091725339754496.000000,28579915149808683051906032992256.000000,-27203874486192028332582563217408.000000,24602452035321077253808005840896.000000,-21111094672475438673661926572032.000000,17161256616898318516638590173184.000000,-13192802635838473338747342553088.000000,9572766851402880555731434602496.000000,-6542191076220505367577058344960.000000,4201114802984827446564914987008.000000,-2528208725712537582507126685696.000000,1421611611780804077391435530240.000000,-744418896172620860944013066240.000000,361639235556258062135273193472.000000,-162283037367947626869891792896.000000,66932957036392315890379522048.000000,-25226051023084556523625512960.000000,8628278468151846799348334592.000000,-2656498028926956507332870144.000000,728934920196684842012770304.000000,-176081808776961909768323072.000000,36863303922719670296117248.000000,-6552689928671738745323520.000000,961616699453698715156480.000000,-111855675992792079794176.000000,9669498586055986642944.000000,-552245070108800974848.000000,15629577455909455872.000000,0.000000,0.000000,0.000000,0.000000,0.000000,0.000000,0.000000,0.000000,0.000000,0.000000,0.000000,0.000000,0.000000,0.000000,0.000000,0.000000,0.000000,0.000000,0.000000,0.000000,0.000000,0.000000,0.000000,0.000000,0.000000,0.000000,0.000000,0.000000,0.000000,0.000000,0.000000,0.000000,0.000000,0.000000,0.000000,0.000000,0.000000,0.000000,0.000000,0.000000,0.000000,0.000000,0.000000,0.000000,0.000000,0.000000,0.000000,0.000000,0.000000,0.000000,0.000000,0.000000,0.000000,0.000000,0.000000,0.000000,0.000000,0.000000,0.000000,0.000000,0.000000,0.000000,0.000000,0.000000,0.000000,0.000000,0.000000,0.000000]
1.745329,1.000000,[0.000000,43924490177836951146269564207104.000000,-50439432778055446545612738134016.000000,55020013017953714322927677079552.000000,-57128399212201068159941398757376.000000,56471809967809043247749958467584.000000,-53107037746948578873978034061312.000000,47459225389219341972942413103104.000000,-40247270317162316142912278102016.000000,32338286243266712192531742851072.000000,-24575587379459148034186917445632.000000,17630245815214573517385681076224.000000,-11913844015823171211698091589632.000000,7565776567333509961100935823360.000000,-4503118894459208693931384504320.000000,2504626865757516546559159828480.000000,-1297447962037060252114912018432.000000,623600372018360924230041731072.000000,-276891034570117620240260005888.000000,113012461066130747699335528448.000000,-42153215768702754886577553408.000000,14270666716691248452688936960.000000,-4349214503488777113286213632.000000,1181443284683508149183840256.000000,-282554365126802704095510528.000000,58571300848415374816837632.000000,-10309843242734456670257152.000000,1498352887176944171352064.000000,-172618263282216113012736.000000,14780370414138380255232.000000,-836182393891156131840.000000,23444366183864184832.000000,0.000000,0.000000,0.000000,0.000000,0.000000,0.000000,0.000000,0.000000,0.000000,0.000000,0.000000,0.000000,0.000000,0.000000,0.000000,0.000000,0.000000,0.000000,0.000000,0.000000,0.000000,0.000000,0.000000,0.000000,0.000000,0.000000,0.000000,0.000000,0.000000,0.000000,0.000000,0.000000,0.000000,0.000000,0.000000,0.000000,0.000000,0.000000,0.000000,0.000000,0.000000,0.000000,0.000000,0.000000,0.000000,0.000000,0.000000,0.000000,0.000000,0.000000,0.000000,0.000000,0.000000,0.000000,0.000000,0.000000,0.000000,0.000000,0.000000,0.000000,0.000000,0.000000,0.000000,0.000000,0.000000,0.000000,0.000000,0.000000]
1.761196,1.000000,[0.000000,91106451655783140985011460636672.000000,-103169155676060026979882945740800.000000,111094219133031096557162960257024.000000,-113928503802206114856587822628864.000000,111261233825187858812213582102528.000000,-103390169315032543801037885014016.000000,91312473242410175534469386076160.000000,-76540048597376834814233915949056.000000,60795223054629642305891072999424.000000,-45678503976796003180473682493440.000000,32402290730733445881927567409152.000000,-21653654307401511235147651874816.000000,13600224298229869288617095987200.000000,-8006991774567571454914145026048.000000,4405664279654804664421219041280.000000,-2257972129064770981024877248512.000000,1073846075312600161280820510720.000000,-471842782388241804210057773056.000000,190595299483547498992292069376.000000,-70365157011399752158164287488.000000,23580607326781259311531163648.000000,-7114543397574920569154961408.000000,1913442109588663575823515648.000000,-453117198114411743551684608.000000,93011872893990286265417728.000000,-16213941307690157493714944.000000,2333838462406524430974976.000000,-266317580130393348112384.000000,22588646818153146351616.000000,-1265995773928666300416.000000,35166549275796275200.000000,0.000000,0.000000,0.000000,0.000000,0.000000,0.000000,0.000000,0.000000,0.000000,0.000000,0.000000,0.000000,0.000000,0.000000,0.000000,0.000000,0.000000,0.000000,0.000000,0.000000,0.000000,0.000000,0.000000,0.000000,0.000000,0.000000,0.000000,0.000000,0.000000,0.000000,0.000000,0.000000,0.000000,0.000000,0.000000,0.000000,0.000000,0.000000,0.000000,0.000000,0.000000,0.000000,0.000000,0.000000,0.000000,0.000000,0.000000,0.000000,0.000000,0.000000,0.000000,0.000000,0.000000,0.000000,0.000000,0.000000,0.000000,0.000000,0.000000,0.000000,0.000000,0.000000,0.000000,0.000000,0.000000,0.000000,0.000000,0.000000]
