t,c,u
0.000000,1.000000,[0.000000,0.000000,0.000000,0.000000,0.000000,0.000000,0.000000,0.000000,0.000000,0.000000,0.000000,0.000000,0.000000,0.000000,0.000000,0.000000,1.000000,1.000000,1.000000,1.000000,1.000000,1.000000,1.000000,1.000000,1.000000,1.000000,1.000000,1.000000,1.000000,1.000000,1.000000,1.000000,0.000000,0.000000,0.000000,0.000000,0.000000,0.000000,0.000000,0.000000,0.000000,0.000000,0.000000,0.000000,0.000000,0.000000,0.000000,0.000000,0.000000,0.000000,0.000000,0.000000,0.000000,0.000000,0.000000,0.000000,0.000000,0.000000,0.000000,0.000000,0.000000,0.000000,0.000000,0.000000,0.000000,0.000000,0.000000,0.000000,0.000000,0.000000,0.000000,0.000000,0.000000,0.000000,0.000000,0.000000,0.000000,0.000000,0.000000,0.000000,0.000000,0.000000,0.000000,0.000000,0.000000,0.000000,0.000000,0.000000,0.000000,0.000000,0.000000,0.000000,0.000000,0.000000,0.000000,0.000000,0.000000,0.000000,0.000000]
0.015867,1.000000,[0.000000,0.000000,0.000000,0.000000,0.000000,0.000000,0.000000,0.000000,0.000000,0.000000,0.000000,0.000000,0.000000,0.000000,0.000000,-0.125000,0.625000,1.000000,1.000000,1.000000,1.000000,1.000000,1.000000,1.000000,1.000000,1.000000,1.000000,1.000000,1.000000,1.000000,1.000000,1.125000,0.375000,0.000000,0.000000,0.000000,0.000000,0.000000,0.000000,0.000000,0.000000,0.000000,0.000000,0.000000,0.000000,0.000000,0.000000,0.000000,0.000000,0.000000,0.000000,0.000000,0.000000,0.000000,0.000000,0.000000,0.000000,0.000000,0.000000,0.000000,0.000000,0.000000,0.000000,0.000000,0.000000,0.000000,0.000000,0.000000,0.000000,0.000000,0.000000,0.000000,0.000000,0.000000,0.000000,0.000000,0.000000,0.000000,0.000000,0.000000,0.000000,0.000000,0.000000,0.000000,0.000000,0.000000,0.000000,0.000000,0.000000,0.000000,0.000000,0.000000,0.000000,0.000000,0.000000,0.000000,0.000000,0.000000,0.000000]
0.031733,1.000000,[0.000000,0.000000,0.000000,0.000000,0.000000,0.000000,0.000000,0.000000,0.000000,0.000000,0.000000,0.000000,0.000000,0.000000,0.062500,-0.312500,0.437500,0.812500,1.000000,1.000000,1.000000,1.000000,1.000000,1.000000,1.000000,1.000000,1.000000,1.000000,1.000000,1.000000,0.937500,1.312500,0.562500,0.187500,0.000000,0.000000,0.000000,0.000000,0.000000,0.000000,0.000000,0.000000,0.000000,0.000000,0.000000,0.000000,0.000000,0.000000,0.000000,0.000000,0.000000,0.000000,0.000000,0.000000,0.000000,0.000000,0.000000,0.000000,0.000000,0.000000,0.000000,0.000000,0.000000,0.000000,0.000000,0.000000,0.000000,0.000000,0.000000,0.000000,0.000000,0.000000,0.000000,0.000000,0.000000,0.000000,0.000000,0.000000,0.000000,0.000000,0.000000,0.000000,0.000000,0.000000,0.000000,0.000000,0.000000,0.000000,0.000000,0.000000,0.000000,0.000000,0.000000,0.000000,0.000000,0.000000,0.000000,0.000000,0.000000]
0.047600,1.000000,[0.000000,0.000000,0.000000,0.000000,0.000000,0.000000,0.000000,0.000000,0.000000,0.000000,0.000000,0.000000,0.000000,-0.031250,0.156250,-0.312500,0.062500,0.718750,0.906250,1.000000,1.000000,1.000000,1.000000,1.000000,1.000000,1.000000,1.000000,1.000000,1.000000,1.031250,0.843750,1.312500,0.937500,0.281250,0.093750,0.000000,0.000000,0.000000,0.000000,0.000000,0.000000,0.000000,0.000000,0.000000,0.000000,0.000000,0.000000,0.000000,0.000000,0.000000,0.000000,0.000000,0.000000,0.000000,0.000000,0.000000,0.000000,0.000000,0.000000,0.000000,0.000000,0.000000,0.000000,0.000000,0.000000,0.000000,0.000000,0.000000,0.000000,0.000000,0.000000,0.000000,0.000000,0.000000,0.000000,0.000000,0.000000,0.000000,0.000000,0.000000,0.000000,0.000000,0.000000,0.000000,0.000000,0.000000,0.000000,0.000000,0.000000,0.000000,0.000000,0.000000,0.000000,0.000000,0.000000,0.000000,0.000000,0.000000,0.000000]
0.063467,1.000000,[0.000000,0.000000,0.000000,0.000000,0.000000,0.000000,0.000000,0.000000,0.000000,0.000000,0.000000,0.000000,0.015625,-0.078125,0.203125,-0.265625,-0.078125,0.390625,0.859375,0.953125,1.000000,1.000000,1.000000,1.000000,1.000000,1.000000,1.000000,1.000000,0.984375,1.078125,0.796875,1.265625,1.078125,0.609375,0.140625,0.046875,0.000000,0.000000,0.000000,0.000000,0.000000,0.000000,0.000000,0.000000,0.000000,0.000000,0.000000,0.000000,0.000000,0.000000,0.000000,0.000000,0.000000,0.000000,0.000000,0.000000,0.000000,0.000000,0.000000,0.000000,0.000000,0.000000,0.000000,0.000000,0.000000,0.000000,0.000000,0.000000,0.000000,0.000000,0.000000,0.000000,0.000000,0.000000,0.000000,0.000000,0.000000,0.000000,0.000000,0.000000,0.000000,0.000000,0.000000,0.000000,0.000000,0.000000,0.000000,0.000000,0.000000,0.000000,0.000000,0.000000,0.000000,0.000000,0.000000,0.000000,0.000000,0.000000,0.000000]
0.079333,1.000000,[0.000000,0.000000,0.000000,0.000000,0.000000,0.000000,0.000000,0.000000,0.000000,0.000000,0.000000,-0.007812,0.039062,-0.125000,0.250000,-0.171875,-0.265625,0.250000,0.625000,0.929688,0.976562,1.000000,1.000000,1.000000,1.000000,1.000000,1.000000,1.007812,0.960938,1.125000,0.750000,1.171875,1.265625,0.750000,0.375000,0.070312,0.023438,0.000000,0.000000,0.000000,0.000000,0.000000,0.000000,0.000000,0.000000,0.000000,0.000000,0.000000,0.000000,0.000000,0.000000,0.000000,0.000000,0.000000,0.000000,0.000000,0.000000,0.000000,0.000000,0.000000,0.000000,0.000000,0.000000,0.000000,0.000000,0.000000,0.000000,0.000000,0.000000,0.000000,0.000000,0.000000,0.000000,0.000000,0.000000,0.000000,0.000000,0.000000,0.000000,0.000000,0.000000,0.000000,0.000000,0.000000,0.000000,0.000000,0.000000,0.000000,0.000000,0.000000,0.000000,0.000000,0.000000,0.000000,0.000000,0.000000,0.000000,0.000000,0.000000]
0.095200,1.000000,[0.000000,0.000000,0.000000,0.000000,0.000000,0.000000,0.000000,0.000000,0.000000,0.000000,0.003906,-0.019531,0.074219,-0.183594,0.226562,-0.007812,-0.289062,-0.054688,0.519531,0.777344,0.964844,0.988281,1.000000,1.000000,1.000000,1.000000,0.996094,1.019531,0.925781,1.183594,0.773438,1.007812,1.289062,1.054688,0.480469,0.222656,0.035156,0.011719,0.000000,0.000000,0.000000,0.000000,0.000000,0.000000,0.000000,0.000000,0.000000,0.000000,0.000000,0.000000,0.000000,0.000000,0.000000,0.000000,0.000000,0.000000,0.000000,0.000000,0.000000,0.000000,0.000000,0.000000,0.000000,0.000000,0.000000,0.000000,0.000000,0.000000,0.000000,0.000000,0.000000,0.000000,0.000000,0.000000,0.000000,0.000000,0.000000,0.000000,0.000000,0.000000,0.000000,0.000000,0.000000,0.000000,0.000000,0.000000,0.000000,0.000000,0.000000,0.000000,0.000000,0.000000,0.000000,0.000000,0.000000,0.000000,0.000000,0.000000,0.000000]
0.111066,1.000000,[0.000000,0.000000,0.000000,0.000000,0.000000,0.000000,0.000000,0.000000,0.000000,-0.001953,0.009766,-0.042969,0.121094,-0.201172,0.162109,0.085938,-0.242188,-0.154297,0.208984,0.707031,0.871094,0.982422,0.994141,1.000000,1.000000,1.001953,0.990234,1.042969,0.878906,1.201172,0.837891,0.914062,1.242188,1.154297,0.791016,0.292969,0.128906,0.017578,0.005859,0.000000,0.000000,0.000000,0.000000,0.000000,0.000000,0.000000,0.000000,0.000000,0.000000,0.000000,0.000000,0.000000,0.000000,0.000000,0.000000,0.000000,0.000000,0.000000,0.000000,0.000000,0.000000,0.000000,0.000000,0.000000,0.000000,0.000000,0.000000,0.000000,0.000000,0.000000,0.000000,0.000000,0.000000,0.000000,0.000000,0.000000,0.000000,0.000000,0.000000,0.000000,0.000000,0.000000,0.000000,0.000000,0.000000,0.000000,0.000000,0.000000,0.000000,0.000000,0.000000,0.000000,0.000000,0.000000,0.000000,0.000000,0.000000,0.000000,0.000000]
0.126933,1.000000,[0.000000,0.000000,0.000000,0.000000,0.000000,0.000000,0.000000,0.000000,0.000977,-0.004883,0.024414,-0.075195,0.153320,-0.204102,0.083008,0.194336,-0.168945,-0.280273,0.088867,0.446289,0.827148,0.926758,0.991211,0.997070,0.999023,1.004883,0.975586,1.075195,0.846680,1.204102,0.916992,0.805664,1.168945,1.280273,0.911133,0.553711,0.172852,0.073242,0.008789,0.002930,0.000000,0.000000,0.000000,0.000000,0.000000,0.000000,0.000000,0.000000,0.000000,0.000000,0.000000,0.000000,0.000000,0.000000,0.000000,0.000000,0.000000,0.000000,0.000000,0.000000,0.000000,0.000000,0.000000,0.000000,0.000000,0.000000,0.000000,0.000000,0.000000,0.000000,0.000000,0.000000,0.000000,0.000000,0.000000,0.000000,0.000000,0.000000,0.000000,0.000000,0.000000,0.000000,0.000000,0.000000,0.000000,0.000000,0.000000,0.000000,0.000000,0.000000,0.000000,0.000000,0.000000,0.000000,0.000000,0.000000,0.000000,0.000000,0.000000]
0.142800,1.000000,[0.000000,0.000000,0.000000,0.000000,0.000000,0.000000,0.000000,-0.000488,0.002441,-0.013672,0.044922,-0.107422,0.185547,-0.166016,-0.037109,0.211914,-0.004883,-0.283203,-0.154297,0.337891,0.630859,0.900391,0.958984,0.996094,0.996094,1.013672,0.955078,1.107422,0.814453,1.166016,1.037109,0.788086,1.004883,1.283203,1.154297,0.662109,0.369141,0.099609,0.041016,0.004395,0.001465,0.000000,0.000000,0.000000,0.000000,0.000000,0.000000,0.000000,0.000000,0.000000,0.000000,0.000000,0.000000,0.000000,0.000000,0.000000,0.000000,0.000000,0.000000,0.000000,0.000000,0.000000,0.000000,0.000000,0.000000,0.000000,0.000000,0.000000,0.000000,0.000000,0.000000,0.000000,0.000000,0.000000,0.000000,0.000000,0.000000,0.000000,0.000000,0.000000,0.000000,0.000000,0.000000,0.000000,0.000000,0.000000,0.000000,0.000000,0.000000,0.000000,0.000000,0.000000,0.000000,0.000000,0.000000,0.000000,0.000000,0.000000,0.000000]
0.158666,1.000000,[0.000000,0.000000,0.000000,0.000000,0.000000,0.000000,0.000244,-0.001221,0.007568,-0.026123,0.071289,-0.145508,0.182617,-0.092773,-0.105957,0.178223,0.078613,-0.205566,-0.221680,0.053711,0.545898,0.762695,0.943359,0.978516,0.990234,1.025391,0.928711,1.145508,0.817383,1.092773,1.105957,0.821777,0.921387,1.205566,1.221680,0.946289,0.454102,0.237305,0.056396,0.022705,0.002197,0.000732,0.000000,0.000000,0.000000,0.000000,0.000000,0.000000,0.000000,0.000000,0.000000,0.000000,0.000000,0.000000,0.000000,0.000000,0.000000,0.000000,0.000000,0.000000,0.000000,0.000000,0.000000,0.000000,0.000000,0.000000,0.000000,0.000000,0.000000,0.000000,0.000000,0.000000,0.000000,0.000000,0.000000,0.000000,0.000000,0.000000,0.000000,0.000000,0.000000,0.000000,0.000000,0.000000,0.000000,0.000000,0.000000,0.000000,0.000000,0.000000,0.000000,0.000000,0.000000,0.000000,0.000000,0.000000,0.000000,0.000000,0.000000]
0.174533,1.000000,[0.000000,0.000000,0.000000,0.000000,0.000000,-0.000122,0.000610,-0.004150,0.014893,-0.045532,0.104614,-0.163086,0.159180,-0.021729,-0.172607,0.119629,0.187012,-0.133057,-0.283936,-0.045898,0.276367,0.701660,0.851074,0.972656,0.972656,1.044434,0.895020,1.163086,0.840820,1.021729,1.172607,0.880371,0.812988,1.133057,1.283936,1.045898,0.723633,0.298462,0.148315,0.031494,0.012451,0.001099,0.000366,0.000000,0.000000,0.000000,0.000000,0.000000,0.000000,0.000000,0.000000,0.000000,0.000000,0.000000,0.000000,0.000000,0.000000,0.000000,0.000000,0.000000,0.000000,0.000000,0.000000,0.000000,0.000000,0.000000,0.000000,0.000000,0.000000,0.000000,0.000000,0.000000,0.000000,0.000000,0.000000,0.000000,0.000000,0.000000,0.000000,0.000000,0.000000,0.000000,0.000000,0.000000,0.000000,0.000000,0.000000,0.000000,0.000000,0.000000,0.000000,0.000000,0.000000,0.000000,0.000000,0.000000,0.000000,0.000000,0.000000]
0.190400,1.000000,[0.000000,0.000000,0.000000,0.000000,0.000061,-0.000305,0.002258,-0.008362,0.028259,-0.070984,0.130066,-0.172791,0.111938,0.073120,-0.176636,-0.001587,0.204956,0.029907,-0.265259,-0.226440,0.172119,0.475342,0.807861,0.917725,0.954346,1.064209,0.869385,1.172607,0.888062,0.926880,1.176636,1.001587,0.795044,0.970093,1.265259,1.226440,0.827820,0.524963,0.189880,0.090637,0.017395,0.006775,0.000549,0.000183,0.000000,0.000000,0.000000,0.000000,0.000000,0.000000,0.000000,0.000000,0.000000,0.000000,0.000000,0.000000,0.000000,0.000000,0.000000,0.000000,0.000000,0.000000,0.000000,0.000000,0.000000,0.000000,0.000000,0.000000,0.000000,0.000000,0.000000,0.000000,0.000000,0.000000,0.000000,0.000000,0.000000,0.000000,0.000000,0.000000,0.000000,0.000000,0.000000,0.000000,0.000000,0.000000,0.000000,0.000000,0.000000,0.000000,0.000000,0.000000,0.000000,0.000000,0.000000,0.000000,0.000000,0.000000,0.000000]
0.206266,1.000000,[0.000000,0.000000,0.000000,-0.000031,0.000153,-0.001221,0.004639,-0.017151,0.046204,-0.096436,0.155518,-0.154022,0.036224,0.122559,-0.135254,-0.071167,0.171265,0.102051,-0.155762,-0.264587,-0.074524,0.383789,0.629883,0.899414,0.899414,1.086914,0.840820,1.153748,0.963684,0.877441,1.135254,1.071167,0.828735,0.897949,1.155762,1.264618,1.074371,0.617432,0.365479,0.117737,0.054382,0.009521,0.003662,0.000275,0.000092,0.000000,0.000000,0.000000,0.000000,0.000000,0.000000,0.000000,0.000000,0.000000,0.000000,0.000000,0.000000,0.000000,0.000000,0.000000,0.000000,0.000000,0.000000,0.000000,0.000000,0.000000,0.000000,0.000000,0.000000,0.000000,0.000000,0.000000,0.000000,0.000000,0.000000,0.000000,0.000000,0.000000,0.000000,0.000000,0.000000,0.000000,0.000000,0.000000,0.000000,0.000000,0.000000,0.000000,0.000000,0.000000,0.000000,0.000000,0.000000,0.000000,0.000000,0.000000,0.000000,0.000000,0.000000]
0.222133,1.000000,[0.000000,0.000000,0.000015,-0.000076,0.000656,-0.002548,0.010223,-0.029144,0.067902,-0.125641,0.158859,-0.113144,-0.026352,0.158859,-0.079773,-0.154846,0.118347,0.193420,-0.081940,-0.267059,-0.152069,0.123138,0.550049,0.782959,0.860596,1.093506,0.835968,1.111176,1.026215,0.841095,1.079773,1.154846,0.881653,0.806580,1.081924,1.267136,1.151413,0.879410,0.439728,0.246185,0.071503,0.032135,0.005173,0.001968,0.000137,0.000046,0.000000,0.000000,0.000000,0.000000,0.000000,0.000000,0.000000,0.000000,0.000000,0.000000,0.000000,0.000000,0.000000,0.000000,0.000000,0.000000,0.000000,0.000000,0.000000,0.000000,0.000000,0.000000,0.000000,0.000000,0.000000,0.000000,0.000000,0.000000,0.000000,0.000000,0.000000,0.000000,0.000000,0.000000,0.000000,0.000000,0.000000,0.000000,0.000000,0.000000,0.000000,0.000000,0.000000,0.000000,0.000000,0.000000,0.000000,0.000000,0.000000,0.000000,0.000000,0.000000,0.000000]
0.237999,1.000000,[0.000000,-0.000008,0.000038,-0.000351,0.001389,-0.006004,0.017937,-0.045990,0.094452,-0.141914,0.149269,-0.061417,-0.099777,0.149269,0.021599,-0.170227,-0.002869,0.202194,0.074478,-0.229523,-0.269623,0.032730,0.299973,0.744141,0.744141,1.099228,0.831985,1.058624,1.098724,0.850662,0.978378,1.170227,1.002869,0.797813,0.925484,1.229874,1.268234,0.973274,0.682091,0.301849,0.161407,0.042686,0.018745,0.002792,0.001053,0.000069,0.000023,0.000000,0.000000,0.000000,0.000000,0.000000,0.000000,0.000000,0.000000,0.000000,0.000000,0.000000,0.000000,0.000000,0.000000,0.000000,0.000000,0.000000,0.000000,0.000000,0.000000,0.000000,0.000000,0.000000,0.000000,0.000000,0.000000,0.000000,0.000000,0.000000,0.000000,0.000000,0.000000,0.000000,0.000000,0.000000,0.000000,0.000000,0.000000,0.000000,0.000000,0.000000,0.000000,0.000000,0.000000,0.000000,0.000000,0.000000,0.000000,0.000000,0.000000,0.000000,0.000000]
0.253866,1.000000,[0.000000,-0.000019,0.000187,-0.000751,0.003483,-0.010822,0.030216,-0.067402,0.115864,-0.153049,0.118610,0.011379,-0.131695,0.098171,0.079975,-0.142612,-0.067863,0.154747,0.133919,-0.095009,-0.283195,-0.161659,0.194344,0.560875,0.683052,1.049583,0.856270,0.977806,1.130196,0.901268,0.919991,1.142601,1.067860,0.845272,0.865894,1.095760,1.279713,1.172482,0.775440,0.506527,0.201084,0.103466,0.025120,0.010815,0.001499,0.000561,0.000034,0.000011,0.000000,0.000000,0.000000,0.000000,0.000000,0.000000,0.000000,0.000000,0.000000,0.000000,0.000000,0.000000,0.000000,0.000000,0.000000,0.000000,0.000000,0.000000,0.000000,0.000000,0.000000,0.000000,0.000000,0.000000,0.000000,0.000000,0.000000,0.000000,0.000000,0.000000,0.000000,0.000000,0.000000,0.000000,0.000000,0.000000,0.000000,0.000000,0.000000,0.000000,0.000000,0.000000,0.000000,0.000000,0.000000,0.000000,0.000000,0.000000,0.000000,0.000000,0.000000]
0.269733,1.000000,[0.000000,-0.000101,0.000404,-0.001999,0.006424,-0.019371,0.046227,-0.088814,0.137276,-0.143288,0.067055,0.063736,-0.143173,0.043434,0.141991,-0.096308,-0.151548,0.101303,0.199356,-0.020966,-0.236298,-0.206039,-0.061295,0.499786,0.499786,1.012619,0.867874,0.921661,1.136993,0.955765,0.857712,1.096292,1.151533,0.898796,0.800240,1.022964,1.229874,1.225410,1.015068,0.589027,0.362938,0.130669,0.065071,0.014603,0.006180,0.000801,0.000298,0.000017,0.000006,0.000000,0.000000,0.000000,0.000000,0.000000,0.000000,0.000000,0.000000,0.000000,0.000000,0.000000,0.000000,0.000000,0.000000,0.000000,0.000000,0.000000,0.000000,0.000000,0.000000,0.000000,0.000000,0.000000,0.000000,0.000000,0.000000,0.000000,0.000000,0.000000,0.000000,0.000000,0.000000,0.000000,0.000000,0.000000,0.000000,0.000000,0.000000,0.000000,0.000000,0.000000,0.000000,0.000000,0.000000,0.000000,0.000000,0.000000,0.000000,0.000000,0.000000]
0.285599,1.000000,[0.000000,-0.000221,0.001136,-0.003761,0.012169,-0.030724,0.064938,-0.112926,0.143101,-0.117939,0.015099,0.116493,-0.121544,-0.044411,0.149846,0.004157,-0.166669,-0.020705,0.195053,0.122818,-0.190659,-0.249161,-0.158569,0.280334,0.426636,0.865540,0.901749,0.843246,1.113144,1.040909,0.849727,0.995690,1.166608,1.020919,0.803810,0.880943,1.178490,1.279884,1.093632,0.832592,0.430264,0.252399,0.083153,0.040260,0.008400,0.003502,0.000426,0.000157,0.000009,0.000003,0.000000,0.000000,0.000000,0.000000,0.000000,0.000000,0.000000,0.000000,0.000000,0.000000,0.000000,0.000000,0.000000,0.000000,0.000000,0.000000,0.000000,0.000000,0.000000,0.000000,0.000000,0.000000,0.000000,0.000000,0.000000,0.000000,0.000000,0.000000,0.000000,0.000000,0.000000,0.000000,0.000000,0.000000,0.000000,0.000000,0.000000,0.000000,0.000000,0.000000,0.000000,0.000000,0.000000,0.000000,0.000000,0.000000,0.000000,0.000000,0.000000]
0.301466,1.000000,[0.000000,-0.000669,0.002174,-0.007515,0.019905,-0.045755,0.087328,-0.127895,0.139782,-0.079287,-0.050161,0.132057,-0.062721,-0.092261,0.117707,0.061950,-0.139117,-0.079558,0.127594,0.171890,-0.050308,-0.222084,-0.326042,0.207184,0.207184,0.775063,0.879021,0.815964,1.038162,1.087473,0.880321,0.937852,1.138919,1.080195,0.870227,0.835625,1.030403,1.267839,1.238714,0.920712,0.653034,0.304224,0.171141,0.051979,0.024559,0.004788,0.001970,0.000226,0.000083,0.000004,0.000001,0.000000,0.000000,0.000000,0.000000,0.000000,0.000000,0.000000,0.000000,0.000000,0.000000,0.000000,0.000000,0.000000,0.000000,0.000000,0.000000,0.000000,0.000000,0.000000,0.000000,0.000000,0.000000,0.000000,0.000000,0.000000,0.000000,0.000000,0.000000,0.000000,0.000000,0.000000,0.000000,0.000000,0.000000,0.000000,0.000000,0.000000,0.000000,0.000000,0.000000,0.000000,0.000000,0.000000,0.000000,0.000000,0.000000,0.000000,0.000000]
0.317333,1.000000,[0.000000,-0.001308,0.004559,-0.012627,0.031289,-0.064435,0.106008,-0.139153,0.118796,-0.022967,-0.090573,0.122773,-0.009385,-0.134625,0.072741,0.132569,-0.095915,-0.154061,0.069329,0.211769,0.006329,-0.111294,-0.373203,0.013721,0.142696,0.529621,0.881298,0.763676,0.977389,1.119829,0.924537,0.866391,1.095436,1.155265,0.926095,0.800855,0.962382,1.175729,1.267196,1.125432,0.738507,0.493346,0.209275,0.113551,0.031996,0.014796,0.002707,0.001101,0.000119,0.000044,0.000002,0.000001,0.000000,0.000000,0.000000,0.000000,0.000000,0.000000,0.000000,0.000000,0.000000,0.000000,0.000000,0.000000,0.000000,0.000000,0.000000,0.000000,0.000000,0.000000,0.000000,0.000000,0.000000,0.000000,0.000000,0.000000,0.000000,0.000000,0.000000,0.000000,0.000000,0.000000,0.000000,0.000000,0.000000,0.000000,0.000000,0.000000,0.000000,0.000000,0.000000,0.000000,0.000000,0.000000,0.000000,0.000000,0.000000,0.000000,0.000000]
0.333199,1.000000,[0.000000,-0.002949,0.007833,-0.020880,0.045809,-0.083115,0.124687,-0.134290,0.081689,0.025398,-0.123032,0.091463,0.065978,-0.133324,-0.015890,0.146278,0.004198,-0.162180,-0.055321,0.203390,0.111223,-0.032318,-0.388550,-0.050766,-0.050766,0.405762,0.761993,0.767918,0.860085,1.113899,1.007040,0.852402,0.994482,1.164865,1.047432,0.817481,0.842966,1.115433,1.263863,1.185056,0.969077,0.568840,0.361038,0.140619,0.073936,0.019432,0.008818,0.001520,0.000612,0.000063,0.000023,0.000001,0.000000,0.000000,0.000000,0.000000,0.000000,0.000000,0.000000,0.000000,0.000000,0.000000,0.000000,0.000000,0.000000,0.000000,0.000000,0.000000,0.000000,0.000000,0.000000,0.000000,0.000000,0.000000,0.000000,0.000000,0.000000,0.000000,0.000000,0.000000,0.000000,0.000000,0.000000,0.000000,0.000000,0.000000,0.000000,0.000000,0.000000,0.000000,0.000000,0.000000,0.000000,0.000000,0.000000,0.000000,0.000000,0.000000,0.000000]
0.349066,1.000000,[0.000000,-0.005225,0.013525,-0.031615,0.062406,-0.103874,0.131595,-0.117654,0.038952,0.079393,-0.123606,0.028269,0.103008,-0.093691,-0.067060,0.122525,0.058314,-0.124302,-0.113456,0.128497,0.124183,0.138593,-0.363979,-0.155170,-0.085567,0.123241,0.700220,0.714630,0.804399,1.046352,1.055286,0.872670,0.939205,1.128790,1.099787,0.903088,0.813407,0.965281,1.232384,1.272825,1.046615,0.797366,0.423386,0.257102,0.092589,0.047356,0.011663,0.005204,0.000848,0.000338,0.000033,0.000012,0.000001,0.000000,0.000000,0.000000,0.000000,0.000000,0.000000,0.000000,0.000000,0.000000,0.000000,0.000000,0.000000,0.000000,0.000000,0.000000,0.000000,0.000000,0.000000,0.000000,0.000000,0.000000,0.000000,0.000000,0.000000,0.000000,0.000000,0.000000,0.000000,0.000000,0.000000,0.000000,0.000000,0.000000,0.000000,0.000000,0.000000,0.000000,0.000000,0.000000,0.000000,0.000000,0.000000,0.000000,0.000000,0.000000,0.000000]
0.364932,1.000000,[0.000000,-0.009711,0.021028,-0.045321,0.081939,-0.117709,0.131577,-0.087968,-0.016835,0.106677,-0.097469,-0.021844,0.126957,-0.048290,-0.123998,0.083591,0.127611,-0.076295,-0.181720,0.084571,0.106176,0.211763,-0.241668,-0.189972,-0.189972,0.012868,0.466299,0.715829,0.694224,0.988456,1.093881,0.910443,0.866423,1.084574,1.160283,0.960672,0.811870,0.905944,1.110091,1.277940,1.206807,0.880455,0.631170,0.306017,0.178809,0.059895,0.029894,0.006928,0.003044,0.000470,0.000186,0.000017,0.000006,0.000000,0.000000,0.000000,0.000000,0.000000,0.000000,0.000000,0.000000,0.000000,0.000000,0.000000,0.000000,0.000000,0.000000,0.000000,0.000000,0.000000,0.000000,0.000000,0.000000,0.000000,0.000000,0.000000,0.000000,0.000000,0.000000,0.000000,0.000000,0.000000,0.000000,0.000000,0.000000,0.000000,0.000000,0.000000,0.000000,0.000000,0.000000,0.000000,0.000000,0.000000,0.000000,0.000000,0.000000,0.000000,0.000000]
0.380799,1.000000,[0.000000,-0.015739,0.031330,-0.062070,0.098600,-0.128693,0.116725,-0.043448,-0.058370,0.119710,-0.059345,-0.083945,0.116231,0.031787,-0.133000,-0.003280,0.138257,0.030364,-0.193889,-0.015451,0.060587,0.312515,-0.163112,-0.181019,-0.186987,-0.204894,0.348739,0.600667,0.668085,0.846524,1.094292,0.986399,0.852139,0.981860,1.161739,1.077294,0.840770,0.816170,1.046386,1.224467,1.245358,1.085184,0.710604,0.483282,0.215650,0.121814,0.038147,0.018628,0.004077,0.001767,0.000260,0.000102,0.000009,0.000003,0.000000,0.000000,0.000000,0.000000,0.000000,0.000000,0.000000,0.000000,0.000000,0.000000,0.000000,0.000000,0.000000,0.000000,0.000000,0.000000,0.000000,0.000000,0.000000,0.000000,0.000000,0.000000,0.000000,0.000000,0.000000,0.000000,0.000000,0.000000,0.000000,0.000000,0.000000,0.000000,0.000000,0.000000,0.000000,0.000000,0.000000,0.000000,0.000000,0.000000,0.000000,0.000000,0.000000,0.000000,0.000000]
0.396666,1.000000,[0.000000,-0.025376,0.044194,-0.078956,0.115251,-0.126771,0.088955,-0.000421,-0.098414,0.107165,0.004358,-0.109632,0.069091,0.076326,-0.106465,-0.052037,0.110789,0.089778,-0.158813,-0.042667,-0.057807,0.323612,0.005098,-0.178034,-0.178034,-0.254995,0.063519,0.556156,0.571296,0.775352,1.023943,1.031519,0.868692,0.929774,1.112565,1.121156,0.942432,0.803136,0.905942,1.178454,1.276448,1.147831,0.932121,0.553494,0.359544,0.148647,0.081486,0.023963,0.011475,0.002379,0.001019,0.000143,0.000056,0.000005,0.000002,0.000000,0.000000,0.000000,0.000000,0.000000,0.000000,0.000000,0.000000,0.000000,0.000000,0.000000,0.000000,0.000000,0.000000,0.000000,0.000000,0.000000,0.000000,0.000000,0.000000,0.000000,0.000000,0.000000,0.000000,0.000000,0.000000,0.000000,0.000000,0.000000,0.000000,0.000000,0.000000,0.000000,0.000000,0.000000,0.000000,0.000000,0.000000,0.000000,0.000000,0.000000,0.000000,0.000000,0.000000]
0.412532,1.000000,[0.000000,-0.037836,0.058120,-0.097598,0.122508,-0.115545,0.053549,0.050236,-0.112163,0.068324,0.049053,-0.116312,0.023252,0.119565,-0.068818,-0.111907,0.067349,0.165165,-0.127667,-0.065954,-0.122553,0.281062,0.087711,-0.089452,-0.148507,-0.325671,-0.056836,0.346779,0.558487,0.620200,0.966209,1.064025,0.903012,0.859923,1.066048,1.162361,0.999780,0.834415,0.858727,1.039214,1.260669,1.257348,1.007773,0.769571,0.418074,0.260842,0.100489,0.053634,0.014869,0.006995,0.001378,0.000583,0.000078,0.000030,0.000002,0.000001,0.000000,0.000000,0.000000,0.000000,0.000000,0.000000,0.000000,0.000000,0.000000,0.000000,0.000000,0.000000,0.000000,0.000000,0.000000,0.000000,0.000000,0.000000,0.000000,0.000000,0.000000,0.000000,0.000000,0.000000,0.000000,0.000000,0.000000,0.000000,0.000000,0.000000,0.000000,0.000000,0.000000,0.000000,0.000000,0.000000,0.000000,0.000000,0.000000,0.000000,0.000000,0.000000,0.000000]
0.428399,1.000000,[0.000000,-0.054436,0.074075,-0.111150,0.124224,-0.092292,0.006064,0.082435,-0.107458,0.026556,0.096676,-0.096732,-0.048847,0.122361,0.009271,-0.120121,-0.027746,0.187286,-0.043254,-0.045224,-0.231315,0.218480,0.190356,-0.059925,-0.059925,-0.300831,-0.272706,0.248494,0.434585,0.571491,0.802031,1.063118,0.970743,0.848256,0.961346,1.154290,1.106405,0.873663,0.803543,0.977483,1.167381,1.274280,1.176009,0.848344,0.613908,0.307439,0.185091,0.066773,0.034794,0.009124,0.004225,0.000792,0.000332,0.000043,0.000016,0.000001,0.000000,0.000000,0.000000,0.000000,0.000000,0.000000,0.000000,0.000000,0.000000,0.000000,0.000000,0.000000,0.000000,0.000000,0.000000,0.000000,0.000000,0.000000,0.000000,0.000000,0.000000,0.000000,0.000000,0.000000,0.000000,0.000000,0.000000,0.000000,0.000000,0.000000,0.000000,0.000000,0.000000,0.000000,0.000000,0.000000,0.000000,0.000000,0.000000,0.000000,0.000000,0.000000,0.000000]
0.444266,1.000000,[0.000000,-0.074873,0.086477,-0.122673,0.113079,-0.056465,-0.033814,0.106997,-0.084224,-0.033743,0.110697,-0.043550,-0.086294,0.090506,0.052423,-0.093398,-0.086354,0.172919,-0.011412,0.028077,-0.254405,0.070227,0.226914,0.035688,-0.028054,-0.219280,-0.331499,-0.006867,0.396989,0.436477,0.720395,0.979669,1.010442,0.864622,0.913031,1.089832,1.140094,0.985846,0.806817,0.857295,1.112271,1.253034,1.220741,1.050621,0.688527,0.475251,0.220822,0.128782,0.043693,0.022280,0.005544,0.002530,0.000453,0.000188,0.000023,0.000009,0.000001,0.000000,0.000000,0.000000,0.000000,0.000000,0.000000,0.000000,0.000000,0.000000,0.000000,0.000000,0.000000,0.000000,0.000000,0.000000,0.000000,0.000000,0.000000,0.000000,0.000000,0.000000,0.000000,0.000000,0.000000,0.000000,0.000000,0.000000,0.000000,0.000000,0.000000,0.000000,0.000000,0.000000,0.000000,0.000000,0.000000,0.000000,0.000000,0.000000,0.000000,0.000000,0.000000]
0.460132,1.000000,[0.000000,-0.097674,0.097975,-0.124451,0.091120,-0.018845,-0.075667,0.107640,-0.037088,-0.070904,0.101580,0.001764,-0.115875,0.053003,0.101223,-0.050732,-0.160905,0.149814,0.029167,0.076273,-0.252390,-0.022179,0.207625,0.067559,0.067559,-0.149108,-0.378912,-0.115749,0.212913,0.409788,0.530435,0.918094,1.028267,0.896962,0.848741,1.040758,1.158398,1.040301,0.867819,0.824756,0.969512,1.220045,1.277215,1.114451,0.901593,0.541291,0.358325,0.155337,0.088045,0.028199,0.014100,0.003338,0.001503,0.000257,0.000106,0.000012,0.000005,0.000000,0.000000,0.000000,0.000000,0.000000,0.000000,0.000000,0.000000,0.000000,0.000000,0.000000,0.000000,0.000000,0.000000,0.000000,0.000000,0.000000,0.000000,0.000000,0.000000,0.000000,0.000000,0.000000,0.000000,0.000000,0.000000,0.000000,0.000000,0.000000,0.000000,0.000000,0.000000,0.000000,0.000000,0.000000,0.000000,0.000000,0.000000,0.000000,0.000000,0.000000,0.000000]
0.475999,1.000000,[0.000000,-0.123861,0.099865,-0.119246,0.060276,0.026928,-0.097057,0.087708,0.005048,-0.103077,0.074363,0.065177,-0.111914,-0.018043,0.104290,0.037666,-0.186628,0.077883,0.025359,0.168856,-0.205179,-0.159781,0.182045,0.105721,0.080280,0.003956,-0.348178,-0.302780,0.134220,0.277716,0.466242,0.730753,1.021009,0.954384,0.841133,0.935004,1.140322,1.131136,0.914589,0.806448,0.914627,1.099182,1.273538,1.238433,0.975106,0.746885,0.413799,0.263922,0.107262,0.059253,0.017974,0.008828,0.001993,0.000887,0.000146,0.000059,0.000007,0.000003,0.000000,0.000000,0.000000,0.000000,0.000000,0.000000,0.000000,0.000000,0.000000,0.000000,0.000000,0.000000,0.000000,0.000000,0.000000,0.000000,0.000000,0.000000,0.000000,0.000000,0.000000,0.000000,0.000000,0.000000,0.000000,0.000000,0.000000,0.000000,0.000000,0.000000,0.000000,0.000000,0.000000,0.000000,0.000000,0.000000,0.000000,0.000000,0.000000,0.000000,0.000000]
0.491866,1.000000,[0.000000,-0.147607,0.095667,-0.104656,0.018033,0.059821,-0.106057,0.056587,0.058304,-0.105561,0.017453,0.094903,-0.074265,-0.055099,0.073369,0.094727,-0.181013,0.043821,-0.016319,0.191542,-0.088072,-0.215791,0.074874,0.118442,0.118442,0.065121,-0.225545,-0.356948,-0.077335,0.243777,0.303917,0.640711,0.916451,0.986900,0.858432,0.891164,1.060332,1.153168,1.030162,0.824737,0.823145,1.040589,1.207590,1.263667,1.147367,0.821945,0.599807,0.308606,0.190380,0.072843,0.039312,0.011328,0.005474,0.001181,0.000520,0.000082,0.000033,0.000004,0.000001,0.000000,0.000000,0.000000,0.000000,0.000000,0.000000,0.000000,0.000000,0.000000,0.000000,0.000000,0.000000,0.000000,0.000000,0.000000,0.000000,0.000000,0.000000,0.000000,0.000000,0.000000,0.000000,0.000000,0.000000,0.000000,0.000000,0.000000,0.000000,0.000000,0.000000,0.000000,0.000000,0.000000,0.000000,0.000000,0.000000,0.000000,0.000000,0.000000,0.000000]
0.507732,1.000000,[0.000000,-0.171694,0.078390,-0.080429,-0.021963,0.088973,-0.095440,0.005527,0.086123,-0.082651,-0.025869,0.111036,-0.036913,-0.091860,0.029377,0.164857,-0.161175,-0.004464,-0.048501,0.204732,-0.001513,-0.241253,0.014928,0.083937,0.106940,0.175949,-0.137144,-0.376885,-0.166143,0.087090,0.267775,0.424486,0.847914,0.983394,0.889001,0.834054,1.009320,1.146220,1.078805,0.909957,0.806701,0.906959,1.161999,1.268544,1.195967,1.020665,0.670469,0.468635,0.225144,0.134787,0.048731,0.025748,0.007067,0.003364,0.000695,0.000303,0.000046,0.000018,0.000002,0.000001,0.000000,0.000000,0.000000,0.000000,0.000000,0.000000,0.000000,0.000000,0.000000,0.000000,0.000000,0.000000,0.000000,0.000000,0.000000,0.000000,0.000000,0.000000,0.000000,0.000000,0.000000,0.000000,0.000000,0.000000,0.000000,0.000000,0.000000,0.000000,0.000000,0.000000,0.000000,0.000000,0.000000,0.000000,0.000000,0.000000,0.000000,0.000000,0.000000]
0.523599,1.000000,[0.000000,-0.186802,0.050034,-0.054480,-0.066668,0.096560,-0.064334,-0.034194,0.102393,-0.049566,-0.079391,0.100424,0.027183,-0.088244,-0.054990,0.190003,-0.096353,-0.012516,-0.120917,0.168047,0.134921,-0.224012,-0.087721,0.072436,0.072436,0.187163,0.050872,-0.342449,-0.309322,0.026818,0.135219,0.350641,0.636997,0.966356,0.933102,0.831004,0.904248,1.118426,1.148294,0.960789,0.824644,0.862940,1.026798,1.246683,1.271306,1.084694,0.875822,0.531268,0.357304,0.161049,0.093832,0.032161,0.016666,0.004367,0.002050,0.000407,0.000175,0.000026,0.000010,0.000001,0.000000,0.000000,0.000000,0.000000,0.000000,0.000000,0.000000,0.000000,0.000000,0.000000,0.000000,0.000000,0.000000,0.000000,0.000000,0.000000,0.000000,0.000000,0.000000,0.000000,0.000000,0.000000,0.000000,0.000000,0.000000,0.000000,0.000000,0.000000,0.000000,0.000000,0.000000,0.000000,0.000000,0.000000,0.000000,0.000000,0.000000,0.000000,0.000000]
0.539465,1.000000,[0.000000,-0.196712,0.012229,-0.022078,-0.097483,0.087806,-0.030063,-0.077836,0.093808,0.008241,-0.100864,0.057749,0.057422,-0.050773,-0.109746,0.185538,-0.059916,0.007818,-0.138783,0.076813,0.194517,-0.129932,-0.133295,0.003859,0.049577,0.186731,0.127662,-0.196787,-0.350776,-0.135181,0.105863,0.173597,0.540057,0.835341,0.956677,0.848480,0.865610,1.024197,1.157623,1.071782,0.855625,0.805883,0.970128,1.146290,1.276961,1.218408,0.947182,0.727894,0.410253,0.266523,0.113176,0.064331,0.020964,0.010671,0.002675,0.001240,0.000236,0.000101,0.000014,0.000006,0.000001,0.000000,0.000000,0.000000,0.000000,0.000000,0.000000,0.000000,0.000000,0.000000,0.000000,0.000000,0.000000,0.000000,0.000000,0.000000,0.000000,0.000000,0.000000,0.000000,0.000000,0.000000,0.000000,0.000000,0.000000,0.000000,0.000000,0.000000,0.000000,0.000000,0.000000,0.000000,0.000000,0.000000,0.000000,0.000000,0.000000,0.000000,0.000000]
0.555332,1.000000,[0.000000,-0.192917,-0.037282,0.000376,-0.121610,0.062850,0.018487,-0.096130,0.059354,0.047771,-0.104145,0.021282,0.081444,-0.004660,-0.173146,0.165088,-0.007492,0.026918,-0.155415,0.001397,0.238294,-0.060106,-0.154617,-0.019000,-0.019000,0.148120,0.242631,-0.103230,-0.340126,-0.201502,-0.019170,0.133545,0.306125,0.758046,0.926532,0.876538,0.816390,0.972419,1.124502,1.111788,0.957594,0.805689,0.856594,1.093266,1.235247,1.249584,1.121078,0.799732,0.587990,0.309588,0.194928,0.078267,0.043495,0.013511,0.006766,0.001626,0.000745,0.000137,0.000058,0.000008,0.000003,0.000000,0.000000,0.000000,0.000000,0.000000,0.000000,0.000000,0.000000,0.000000,0.000000,0.000000,0.000000,0.000000,0.000000,0.000000,0.000000,0.000000,0.000000,0.000000,0.000000,0.000000,0.000000,0.000000,0.000000,0.000000,0.000000,0.000000,0.000000,0.000000,0.000000,0.000000,0.000000,0.000000,0.000000,0.000000,0.000000,0.000000,0.000000]
0.571199,1.000000,[0.000000,-0.178070,-0.084417,0.020086,-0.128720,0.017758,0.049427,-0.098270,0.021858,0.089991,-0.087619,-0.035045,0.070393,0.076522,-0.194620,0.102712,0.009169,0.081779,-0.126023,-0.120041,0.225268,0.066523,-0.153848,-0.063949,-0.033983,0.055915,0.253337,0.094591,-0.301640,-0.295659,-0.061660,0.010950,0.227806,0.525138,0.897431,0.903552,0.817669,0.870141,1.087938,1.155236,1.008675,0.856382,0.826339,0.956963,1.198802,1.275492,1.172107,0.994438,0.655326,0.463054,0.228836,0.140047,0.053341,0.029036,0.008618,0.004250,0.000981,0.000444,0.000079,0.000033,0.000004,0.000002,0.000000,0.000000,0.000000,0.000000,0.000000,0.000000,0.000000,0.000000,0.000000,0.000000,0.000000,0.000000,0.000000,0.000000,0.000000,0.000000,0.000000,0.000000,0.000000,0.000000,0.000000,0.000000,0.000000,0.000000,0.000000,0.000000,0.000000,0.000000,0.000000,0.000000,0.000000,0.000000,0.000000,0.000000,0.000000,0.000000,0.000000]
0.587065,1.000000,[0.000000,-0.150708,-0.136361,0.022527,-0.120446,-0.026223,0.076501,-0.082346,-0.034776,0.102509,-0.041627,-0.057725,0.025661,0.127846,-0.186241,0.063193,0.002974,0.094514,-0.054504,-0.174248,0.145011,0.129453,-0.089381,-0.078933,-0.078933,0.004460,0.223293,0.174259,-0.145001,-0.321492,-0.172474,-0.011188,0.049031,0.423234,0.737325,0.916419,0.833095,0.837284,0.981954,1.151420,1.107021,0.896857,0.806304,0.907034,1.075983,1.262931,1.261605,1.058123,0.853682,0.522833,0.356431,0.166014,0.099001,0.035873,0.019159,0.005445,0.002648,0.000588,0.000264,0.000045,0.000019,0.000002,0.000001,0.000000,0.000000,0.000000,0.000000,0.000000,0.000000,0.000000,0.000000,0.000000,0.000000,0.000000,0.000000,0.000000,0.000000,0.000000,0.000000,0.000000,0.000000,0.000000,0.000000,0.000000,0.000000,0.000000,0.000000,0.000000,0.000000,0.000000,0.000000,0.000000,0.000000,0.000000,0.000000,0.000000,0.000000,0.000000,0.000000]
0.602932,1.000000,[0.000000,-0.109890,-0.171035,0.012129,-0.104345,-0.080716,0.077488,-0.042631,-0.070569,0.093416,-0.007502,-0.068689,-0.022393,0.182472,-0.162294,0.008104,-0.006491,0.110518,0.008358,-0.219799,0.073418,0.183719,-0.049655,-0.069174,-0.075680,-0.095198,0.168437,0.278738,-0.053765,-0.281922,-0.216812,-0.099802,0.010595,0.180990,0.650839,0.855667,0.857236,0.795712,0.930871,1.092703,1.135956,1.006741,0.821250,0.822124,1.020854,1.182681,1.274512,1.198400,0.922971,0.711679,0.407245,0.268762,0.118412,0.068957,0.023832,0.012506,0.003409,0.001637,0.000350,0.000155,0.000026,0.000011,0.000001,0.000001,0.000000,0.000000,0.000000,0.000000,0.000000,0.000000,0.000000,0.000000,0.000000,0.000000,0.000000,0.000000,0.000000,0.000000,0.000000,0.000000,0.000000,0.000000,0.000000,0.000000,0.000000,0.000000,0.000000,0.000000,0.000000,0.000000,0.000000,0.000000,0.000000,0.000000,0.000000,0.000000,0.000000,0.000000,0.000000]
0.618799,1.000000,[0.000000,-0.065191,-0.197370,-0.010818,-0.074023,-0.117140,0.057459,-0.008317,-0.102800,0.070976,0.039426,-0.050279,-0.099920,0.197797,-0.099057,-0.014708,-0.048233,0.087089,0.110654,-0.206778,-0.056748,0.190989,0.037066,-0.065920,-0.065920,-0.117599,0.036325,0.285360,0.135329,-0.239969,-0.263534,-0.124892,-0.091366,0.103112,0.399987,0.813220,0.863072,0.800467,0.833459,1.048877,1.150002,1.054210,0.898612,0.807233,0.895704,1.136102,1.253746,1.233894,1.097043,0.780695,0.577890,0.310431,0.198903,0.083163,0.047384,0.015656,0.008082,0.002118,0.001004,0.000207,0.000091,0.000015,0.000006,0.000001,0.000000,0.000000,0.000000,0.000000,0.000000,0.000000,0.000000,0.000000,0.000000,0.000000,0.000000,0.000000,0.000000,0.000000,0.000000,0.000000,0.000000,0.000000,0.000000,0.000000,0.000000,0.000000,0.000000,0.000000,0.000000,0.000000,0.000000,0.000000,0.000000,0.000000,0.000000,0.000000,0.000000,0.000000,0.000000]
0.634665,1.000000,[0.000000,-0.011205,-0.198221,-0.049545,-0.051184,-0.146457,0.023077,0.037498,-0.110216,0.022303,0.053125,0.000984,-0.146431,0.182041,-0.056041,-0.017307,-0.057390,0.031075,0.155292,-0.136098,-0.125466,0.136812,0.078799,-0.017680,-0.049840,-0.146320,-0.033042,0.229236,0.208899,-0.082491,-0.274350,-0.185887,-0.103407,-0.064686,0.295785,0.624124,0.863613,0.810519,0.806666,0.934432,1.133290,1.132436,0.944739,0.823578,0.856419,1.003660,1.225616,1.276751,1.149570,0.971256,0.642378,0.458256,0.232046,0.144717,0.057586,0.032157,0.010179,0.005176,0.001305,0.000612,0.000122,0.000053,0.000008,0.000003,0.000000,0.000000,0.000000,0.000000,0.000000,0.000000,0.000000,0.000000,0.000000,0.000000,0.000000,0.000000,0.000000,0.000000,0.000000,0.000000,0.000000,0.000000,0.000000,0.000000,0.000000,0.000000,0.000000,0.000000,0.000000,0.000000,0.000000,0.000000,0.000000,0.000000,0.000000,0.000000,0.000000,0.000000,0.000000]
0.650532,1.000000,[0.000000,0.033920,-0.178200,-0.084337,-0.025567,-0.154270,-0.034518,0.058329,-0.095202,-0.010695,0.050086,0.049498,-0.190448,0.152602,0.000617,-0.014034,-0.072424,-0.019252,0.194241,-0.066399,-0.193203,0.088857,0.114312,-0.001600,-0.001600,-0.125998,-0.151453,0.164389,0.291193,0.001656,-0.211836,-0.210363,-0.151966,-0.096484,0.055582,0.529306,0.769875,0.828941,0.771502,0.885565,1.051000,1.148485,1.053041,0.851393,0.805663,0.951504,1.117200,1.271917,1.249790,1.034292,0.834390,0.515597,0.355673,0.170393,0.103664,0.039359,0.021573,0.006554,0.003286,0.000799,0.000371,0.000071,0.000031,0.000005,0.000002,0.000000,0.000000,0.000000,0.000000,0.000000,0.000000,0.000000,0.000000,0.000000,0.000000,0.000000,0.000000,0.000000,0.000000,0.000000,0.000000,0.000000,0.000000,0.000000,0.000000,0.000000,0.000000,0.000000,0.000000,0.000000,0.000000,0.000000,0.000000,0.000000,0.000000,0.000000,0.000000,0.000000,0.000000]
0.666398,1.000000,[0.000000,0.077895,-0.139093,-0.125861,-0.016217,-0.141981,-0.083223,0.067840,-0.075704,-0.050341,0.023029,0.121251,-0.197982,0.086508,0.027277,0.019213,-0.054781,-0.102258,0.178866,0.057624,-0.203094,-0.016945,0.124028,0.040276,0.012358,-0.071394,-0.178235,0.007913,0.290266,0.169023,-0.168340,-0.215822,-0.160347,-0.168460,-0.017110,0.266977,0.713795,0.809705,0.778354,0.794683,1.001830,1.131415,1.093285,0.947267,0.806363,0.847892,1.065410,1.210456,1.268383,1.178956,0.901725,0.697614,0.404648,0.270721,0.123102,0.073202,0.026581,0.014319,0.004183,0.002070,0.000486,0.000223,0.000042,0.000018,0.000003,0.000001,0.000000,0.000000,0.000000,0.000000,0.000000,0.000000,0.000000,0.000000,0.000000,0.000000,0.000000,0.000000,0.000000,0.000000,0.000000,0.000000,0.000000,0.000000,0.000000,0.000000,0.000000,0.000000,0.000000,0.000000,0.000000,0.000000,0.000000,0.000000,0.000000,0.000000,0.000000,0.000000,0.000000]
0.682265,1.000000,[0.000000,0.103466,-0.076322,-0.145774,-0.017507,-0.120767,-0.139429,0.054570,-0.036112,-0.060061,-0.035710,0.160004,-0.173077,0.039972,0.034265,0.026995,-0.011688,-0.136075,0.114300,0.124580,-0.155918,-0.074704,0.085702,0.054234,0.054234,-0.030701,-0.191107,-0.069861,0.210638,0.230959,-0.019413,-0.214360,-0.175647,-0.168102,-0.162137,0.163853,0.498511,0.796662,0.779013,0.773827,0.882634,1.102758,1.145115,0.994854,0.855351,0.821981,0.935918,1.170430,1.265541,1.217620,1.075061,0.764135,0.569119,0.311166,0.202424,0.087620,0.051015,0.017753,0.009411,0.002647,0.001294,0.000293,0.000133,0.000024,0.000010,0.000001,0.000001,0.000000,0.000000,0.000000,0.000000,0.000000,0.000000,0.000000,0.000000,0.000000,0.000000,0.000000,0.000000,0.000000,0.000000,0.000000,0.000000,0.000000,0.000000,0.000000,0.000000,0.000000,0.000000,0.000000,0.000000,0.000000,0.000000,0.000000,0.000000,0.000000,0.000000,0.000000,0.000000]
0.698132,1.000000,[0.000000,0.116056,-0.014472,-0.155269,-0.028721,-0.081020,-0.170891,0.016181,-0.018388,-0.050542,-0.087004,0.189934,-0.137966,-0.017163,0.033765,0.042190,0.026754,-0.165252,0.048538,0.192733,-0.103451,-0.137755,0.059559,0.056009,0.054826,0.051276,-0.158655,-0.192959,0.139855,0.284049,0.054319,-0.137705,-0.183476,-0.175215,-0.183088,-0.063347,0.397391,0.669454,0.789771,0.742873,0.837364,1.000174,1.147237,1.092149,0.892800,0.807608,0.891185,1.045645,1.244787,1.274196,1.128468,0.950585,0.631133,0.454069,0.234875,0.148907,0.061514,0.035121,0.011736,0.006128,0.001663,0.000803,0.000176,0.000079,0.000014,0.000006,0.000001,0.000000,0.000000,0.000000,0.000000,0.000000,0.000000,0.000000,0.000000,0.000000,0.000000,0.000000,0.000000,0.000000,0.000000,0.000000,0.000000,0.000000,0.000000,0.000000,0.000000,0.000000,0.000000,0.000000,0.000000,0.000000,0.000000,0.000000,0.000000,0.000000,0.000000,0.000000,0.000000]
0.713998,1.000000,[0.000000,0.110703,0.059340,-0.138650,-0.054631,-0.049682,-0.188030,-0.021682,-0.002751,-0.025753,-0.155948,0.185485,-0.069528,-0.045894,0.004588,0.030501,0.092032,-0.146967,-0.064692,0.200575,0.009326,-0.156209,-0.011181,0.056601,0.056601,0.076039,-0.068989,-0.219117,-0.027866,0.273727,0.191464,-0.095463,-0.156892,-0.168296,-0.218071,-0.126386,0.132111,0.600472,0.742304,0.750030,0.753983,0.947821,1.099128,1.122072,0.997621,0.822788,0.816899,0.993629,1.151265,1.275780,1.236866,1.012803,0.817377,0.509294,0.355004,0.174300,0.107908,0.042643,0.023907,0.007684,0.003956,0.001037,0.000495,0.000105,0.000047,0.000008,0.000003,0.000000,0.000000,0.000000,0.000000,0.000000,0.000000,0.000000,0.000000,0.000000,0.000000,0.000000,0.000000,0.000000,0.000000,0.000000,0.000000,0.000000,0.000000,0.000000,0.000000,0.000000,0.000000,0.000000,0.000000,0.000000,0.000000,0.000000,0.000000,0.000000,0.000000,0.000000,0.000000]
0.729865,1.000000,[0.000000,0.086386,0.110204,-0.098283,-0.073205,-0.014321,-0.184891,-0.076458,-0.016353,0.026057,-0.192623,0.146724,-0.022277,-0.054221,-0.004432,-0.001532,0.115488,-0.086890,-0.125233,0.155724,0.074941,-0.127502,-0.046846,0.022118,0.045107,0.114071,-0.011077,-0.213520,-0.106567,0.174384,0.238914,0.036473,-0.147059,-0.144625,-0.204043,-0.238438,0.033962,0.364358,0.714992,0.737033,0.738469,0.827602,1.060111,1.142902,1.042442,0.897969,0.805765,0.878462,1.103712,1.231395,1.259956,1.160329,0.882887,0.685255,0.402372,0.272455,0.127343,0.077121,0.029215,0.016104,0.004986,0.002534,0.000642,0.000304,0.000063,0.000028,0.000005,0.000002,0.000000,0.000000,0.000000,0.000000,0.000000,0.000000,0.000000,0.000000,0.000000,0.000000,0.000000,0.000000,0.000000,0.000000,0.000000,0.000000,0.000000,0.000000,0.000000,0.000000,0.000000,0.000000,0.000000,0.000000,0.000000,0.000000,0.000000,0.000000,0.000000,0.000000,0.000000]
0.745732,1.000000,[0.000000,0.055601,0.151675,-0.046946,-0.096612,0.006161,-0.156961,-0.105951,-0.054008,0.062382,-0.216282,0.100312,0.030945,-0.054816,-0.021756,-0.029459,0.134711,-0.026607,-0.185999,0.100488,0.150938,-0.095316,-0.085991,0.010624,0.010624,0.104131,0.094807,-0.171372,-0.221819,0.100987,0.260419,0.097524,-0.066343,-0.139804,-0.171165,-0.245389,-0.169287,0.259957,0.555966,0.738292,0.708699,0.787000,0.941477,1.130907,1.120088,0.941127,0.826653,0.844655,0.974798,1.197658,1.272399,1.201338,1.054914,0.749552,0.561404,0.311815,0.205575,0.091707,0.054416,0.019798,0.010741,0.003209,0.001610,0.000395,0.000185,0.000037,0.000016,0.000003,0.000001,0.000000,0.000000,0.000000,0.000000,0.000000,0.000000,0.000000,0.000000,0.000000,0.000000,0.000000,0.000000,0.000000,0.000000,0.000000,0.000000,0.000000,0.000000,0.000000,0.000000,0.000000,0.000000,0.000000,0.000000,0.000000,0.000000,0.000000,0.000000,0.000000,0.000000]
0.761598,1.000000,[0.000000,0.010549,0.161477,0.025861,-0.099759,0.015854,-0.128835,-0.127935,-0.100519,0.107194,-0.211588,0.023111,0.055287,-0.027871,-0.017110,-0.079766,0.114062,0.073465,-0.188780,-0.012745,0.172843,-0.009037,-0.099816,-0.026189,-0.001647,0.071980,0.126675,-0.055208,-0.242746,-0.066735,0.240646,0.199854,-0.028395,-0.092214,-0.151250,-0.239377,-0.218711,0.001731,0.475824,0.660667,0.714115,0.711212,0.888158,1.053597,1.137332,1.044686,0.854000,0.804389,0.927210,1.082595,1.258116,1.269072,1.108780,0.932010,0.621241,0.450370,0.237397,0.152700,0.065169,0.037941,0.013281,0.007099,0.002049,0.001016,0.000242,0.000112,0.000022,0.000010,0.000001,0.000001,0.000000,0.000000,0.000000,0.000000,0.000000,0.000000,0.000000,0.000000,0.000000,0.000000,0.000000,0.000000,0.000000,0.000000,0.000000,0.000000,0.000000,0.000000,0.000000,0.000000,0.000000,0.000000,0.000000,0.000000,0.000000,0.000000,0.000000,0.000000,0.000000]
0.777465,1.000000,[0.000000,-0.025138,0.144019,0.083672,-0.091609,0.020700,-0.085067,-0.120109,-0.171573,0.117916,-0.174241,-0.033125,0.056436,-0.018617,0.004191,-0.095045,0.058095,0.124814,-0.142894,-0.080323,0.149085,0.041014,-0.077415,-0.038460,-0.038460,0.039971,0.158401,0.013338,-0.216055,-0.140709,0.127125,0.232045,0.079691,-0.078377,-0.097584,-0.211659,-0.289841,-0.087311,0.226498,0.619147,0.683426,0.699978,0.770285,1.006320,1.124543,1.082793,0.946801,0.808050,0.835695,1.032205,1.179161,1.276006,1.223445,0.993321,0.802224,0.503737,0.354409,0.177821,0.111796,0.045742,0.026162,0.008825,0.004652,0.001299,0.000637,0.000147,0.000068,0.000013,0.000006,0.000001,0.000000,0.000000,0.000000,0.000000,0.000000,0.000000,0.000000,0.000000,0.000000,0.000000,0.000000,0.000000,0.000000,0.000000,0.000000,0.000000,0.000000,0.000000,0.000000,0.000000,0.000000,0.000000,0.000000,0.000000,0.000000,0.000000,0.000000,0.000000,0.000000]
0.793331,1.000000,[0.000000,-0.061461,0.107072,0.143674,-0.068272,0.012583,-0.058431,-0.084682,-0.219532,0.108528,-0.136067,-0.092227,0.048033,-0.001749,0.021104,-0.106718,0.004132,0.173960,-0.086211,-0.158734,0.112174,0.104213,-0.060079,-0.045667,-0.040862,-0.026450,0.139991,0.132020,-0.165722,-0.238325,0.054269,0.223571,0.126816,-0.003577,-0.084609,-0.143248,-0.280885,-0.256438,0.122596,0.432203,0.673699,0.667783,0.734987,0.876468,1.099096,1.133557,0.991372,0.859942,0.815133,0.910862,1.136216,1.246930,1.250122,1.142621,0.866033,0.674278,0.400355,0.274007,0.131208,0.080758,0.031740,0.017854,0.005812,0.003024,0.000817,0.000397,0.000089,0.000041,0.000007,0.000003,0.000000,0.000000,0.000000,0.000000,0.000000,0.000000,0.000000,0.000000,0.000000,0.000000,0.000000,0.000000,0.000000,0.000000,0.000000,0.000000,0.000000,0.000000,0.000000,0.000000,0.000000,0.000000,0.000000,0.000000,0.000000,0.000000,0.000000,0.000000,0.000000]
0.809198,1.000000,[0.000000,-0.078674,0.041451,0.171344,-0.026063,0.015779,-0.036435,-0.039558,-0.268177,0.076184,-0.073863,-0.125176,0.011197,-0.005152,0.056676,-0.086559,-0.082244,0.169986,0.023453,-0.179516,0.017611,0.127140,-0.002475,-0.048069,-0.048068,-0.050456,0.079165,0.166195,-0.030882,-0.250705,-0.103823,0.195771,0.193265,0.027336,-0.027748,-0.113521,-0.233245,-0.289051,-0.117822,0.343595,0.565636,0.669334,0.665942,0.824266,0.995999,1.136655,1.083609,0.896169,0.810235,0.871663,1.011127,1.219053,1.275600,1.185366,1.036396,0.736575,0.554545,0.312394,0.208421,0.095477,0.057614,0.021789,0.012067,0.003796,0.001950,0.000511,0.000246,0.000053,0.000024,0.000004,0.000002,0.000000,0.000000,0.000000,0.000000,0.000000,0.000000,0.000000,0.000000,0.000000,0.000000,0.000000,0.000000,0.000000,0.000000,0.000000,0.000000,0.000000,0.000000,0.000000,0.000000,0.000000,0.000000,0.000000,0.000000,0.000000,0.000000,0.000000,0.000000]
0.825065,1.000000,[0.000000,-0.082186,-0.017937,0.177431,0.009510,0.017769,-0.030762,0.031189,-0.277403,0.011371,-0.035387,-0.134757,-0.011978,-0.024488,0.061807,-0.037258,-0.124141,0.121112,0.088540,-0.155813,-0.041154,0.114256,0.027525,-0.022870,-0.039669,-0.090067,0.031665,0.187044,0.042727,-0.201855,-0.168969,0.075027,0.211033,0.106930,-0.014181,-0.040499,-0.193120,-0.314150,-0.193727,0.090474,0.510829,0.617630,0.657521,0.711440,0.942901,1.089752,1.111614,0.996629,0.827386,0.810416,0.962521,1.114693,1.266966,1.262222,1.090428,0.915203,0.612446,0.447069,0.239667,0.156161,0.068584,0.040628,0.014809,0.008082,0.002460,0.001249,0.000318,0.000151,0.000032,0.000014,0.000003,0.000001,0.000000,0.000000,0.000000,0.000000,0.000000,0.000000,0.000000,0.000000,0.000000,0.000000,0.000000,0.000000,0.000000,0.000000,0.000000,0.000000,0.000000,0.000000,0.000000,0.000000,0.000000,0.000000,0.000000,0.000000,0.000000,0.000000,0.000000]
0.840931,1.000000,[0.000000,-0.069705,-0.088358,0.157621,0.053768,0.035915,-0.043145,0.083762,-0.258268,-0.044824,-0.000800,-0.136880,-0.043937,-0.042045,0.063061,0.006415,-0.161429,0.063646,0.161916,-0.114669,-0.117423,0.092801,0.066088,-0.014472,-0.014470,-0.086123,-0.059390,0.160664,0.163567,-0.144856,-0.242263,0.005770,0.177313,0.139943,0.045967,-0.024051,-0.096420,-0.288747,-0.320134,-0.008683,0.302058,0.595988,0.619037,0.681576,0.806842,1.052298,1.130171,1.038283,0.903342,0.804096,0.858989,1.066831,1.201835,1.273635,1.209905,0.975567,0.788612,0.498784,0.353875,0.181018,0.115381,0.048677,0.028340,0.009970,0.005367,0.001582,0.000795,0.000196,0.000093,0.000019,0.000009,0.000001,0.000001,0.000000,0.000000,0.000000,0.000000,0.000000,0.000000,0.000000,0.000000,0.000000,0.000000,0.000000,0.000000,0.000000,0.000000,0.000000,0.000000,0.000000,0.000000,0.000000,0.000000,0.000000,0.000000,0.000000,0.000000,0.000000,0.000000]
0.856798,1.000000,[0.000000,-0.038008,-0.131600,0.106368,0.070363,0.066225,-0.054686,0.138751,-0.213110,-0.117364,0.010641,-0.113188,-0.059396,-0.077988,0.037577,0.074987,-0.152756,-0.040560,0.177697,-0.016144,-0.144889,0.022501,0.081162,0.017409,-0.003843,-0.067607,-0.091728,0.075566,0.195488,0.001061,-0.244282,-0.134762,0.143947,0.172603,0.067816,0.030694,-0.060772,-0.202293,-0.333759,-0.220622,0.208494,0.459140,0.614728,0.617537,0.757540,0.928088,1.118622,1.110043,0.944480,0.832593,0.831154,0.943270,1.163564,1.258187,1.239462,1.125850,0.850837,0.664438,0.398550,0.275408,0.134755,0.084148,0.034162,0.019569,0.006654,0.003535,0.001011,0.000502,0.000121,0.000056,0.000011,0.000005,0.000001,0.000000,0.000000,0.000000,0.000000,0.000000,0.000000,0.000000,0.000000,0.000000,0.000000,0.000000,0.000000,0.000000,0.000000,0.000000,0.000000,0.000000,0.000000,0.000000,0.000000,0.000000,0.000000,0.000000,0.000000,0.000000,0.000000]
0.872665,1.000000,[0.000000,-0.003905,-0.160546,0.056639,0.073840,0.098439,-0.079408,0.162974,-0.130211,-0.156699,-0.002888,-0.101862,-0.061538,-0.090532,-0.013426,0.101581,-0.103655,-0.101581,0.149707,0.046624,-0.136745,-0.020225,0.068633,0.028031,0.028038,-0.042181,-0.130976,0.017056,0.200819,0.075029,-0.174352,-0.188344,0.023631,0.178008,0.116921,0.040243,0.020073,-0.152253,-0.310969,-0.279809,-0.037823,0.392871,0.539839,0.610169,0.651567,0.871757,1.039193,1.125354,1.042067,0.860759,0.803650,0.900626,1.044377,1.235685,1.276074,1.169879,1.019318,0.724927,0.548390,0.312916,0.211011,0.098973,0.060630,0.023724,0.013383,0.004404,0.002311,0.000641,0.000316,0.000074,0.000034,0.000007,0.000003,0.000000,0.000000,0.000000,0.000000,0.000000,0.000000,0.000000,0.000000,0.000000,0.000000,0.000000,0.000000,0.000000,0.000000,0.000000,0.000000,0.000000,0.000000,0.000000,0.000000,0.000000,0.000000,0.000000,0.000000,0.000000,0.000000]
0.888531,1.000000,[0.000000,0.042265,-0.161872,-0.010824,0.049463,0.142849,-0.086953,0.164152,-0.053273,-0.181025,-0.016778,-0.083863,-0.065061,-0.102043,-0.058479,0.120101,-0.051175,-0.167242,0.103595,0.127083,-0.111465,-0.080189,0.057034,0.037706,0.031262,0.011900,-0.121346,-0.090332,0.166501,0.188646,-0.112596,-0.233753,-0.039229,0.125958,0.136699,0.079118,0.035476,-0.036771,-0.269981,-0.357195,-0.127847,0.170309,0.506078,0.561673,0.626746,0.734275,0.991823,1.108606,1.076778,0.951801,0.811220,0.822907,0.996034,1.142339,1.272365,1.254228,1.073313,0.899902,0.604555,0.444098,0.241726,0.159339,0.071786,0.043192,0.016314,0.009071,0.002892,0.001500,0.000404,0.000197,0.000045,0.000021,0.000004,0.000002,0.000000,0.000000,0.000000,0.000000,0.000000,0.000000,0.000000,0.000000,0.000000,0.000000,0.000000,0.000000,0.000000,0.000000,0.000000,0.000000,0.000000,0.000000,0.000000,0.000000,0.000000,0.000000,0.000000,0.000000,0.000000]
0.904398,1.000000,[0.000000,0.077031,-0.134001,-0.049029,-0.002997,0.166647,-0.090059,0.146134,0.042378,-0.174947,-0.051469,-0.077720,-0.052447,-0.093822,-0.124498,0.097929,0.040016,-0.178966,0.002545,0.154154,-0.033110,-0.104474,0.009686,0.040916,0.040941,0.034124,-0.079860,-0.126868,0.061330,0.214577,0.036848,-0.225028,-0.156225,0.090044,0.140341,0.090854,0.078018,0.000475,-0.150757,-0.350877,-0.301575,0.075909,0.344157,0.549836,0.565266,0.689219,0.852027,1.082877,1.120469,0.993537,0.868097,0.808219,0.884661,1.097520,1.220129,1.269405,1.196481,0.959306,0.776292,0.494331,0.353390,0.183943,0.118703,0.051460,0.030444,0.011115,0.006097,0.001885,0.000967,0.000254,0.000122,0.000027,0.000012,0.000002,0.000001,0.000000,0.000000,0.000000,0.000000,0.000000,0.000000,0.000000,0.000000,0.000000,0.000000,0.000000,0.000000,0.000000,0.000000,0.000000,0.000000,0.000000,0.000000,0.000000,0.000000,0.000000,0.000000,0.000000,0.000000]
0.920265,1.000000,[0.000000,0.109266,-0.098843,-0.076326,-0.058375,0.186380,-0.076697,0.097934,0.107267,-0.134102,-0.065391,-0.083374,-0.057010,-0.066018,-0.154355,0.037844,0.087272,-0.148506,-0.062965,0.144910,0.017849,-0.101587,-0.015661,0.022079,0.034659,0.072301,-0.040851,-0.160928,-0.004221,0.200888,0.107207,-0.137217,-0.196765,-0.022325,0.136294,0.110279,0.080666,0.077616,-0.094305,-0.281787,-0.341239,-0.152557,0.269115,0.451119,0.557054,0.590895,0.794994,0.974385,1.121447,1.077987,0.903880,0.814625,0.851384,0.974604,1.186423,1.266052,1.228363,1.109997,0.837043,0.655548,0.396920,0.276682,0.138028,0.087322,0.036487,0.021245,0.007507,0.004065,0.001220,0.000619,0.000158,0.000076,0.000016,0.000007,0.000001,0.000001,0.000000,0.000000,0.000000,0.000000,0.000000,0.000000,0.000000,0.000000,0.000000,0.000000,0.000000,0.000000,0.000000,0.000000,0.000000,0.000000,0.000000,0.000000,0.000000,0.000000,0.000000,0.000000,0.000000]
0.936131,1.000000,[0.000000,0.126452,-0.041205,-0.069262,-0.134350,0.175808,-0.045836,0.054152,0.158396,-0.088618,-0.076833,-0.081911,-0.061125,-0.045150,-0.176429,-0.022885,0.133191,-0.103847,-0.144163,0.113747,0.090139,-0.087719,-0.052147,0.015756,0.015830,0.071878,0.036754,-0.145183,-0.119578,0.158863,0.205900,-0.073042,-0.213671,-0.076486,0.074039,0.118668,0.094350,0.087961,0.028944,-0.227410,-0.366190,-0.229269,0.042319,0.405866,0.495378,0.570249,0.660282,0.919650,1.068668,1.102321,0.999778,0.834467,0.804671,0.930000,1.074405,1.248435,1.274509,1.154966,1.003516,0.714392,0.542823,0.313389,0.213383,0.102231,0.063482,0.025605,0.014687,0.005028,0.002690,0.000785,0.000394,0.000098,0.000047,0.000010,0.000004,0.000001,0.000000,0.000000,0.000000,0.000000,0.000000,0.000000,0.000000,0.000000,0.000000,0.000000,0.000000,0.000000,0.000000,0.000000,0.000000,0.000000,0.000000,0.000000,0.000000,0.000000,0.000000,0.000000,0.000000]
0.951998,1.000000,[0.000000,0.129868,-0.000985,-0.029754,-0.180910,0.142123,-0.015869,-0.004182,0.178653,-0.016488,-0.068745,-0.091227,-0.075391,-0.008366,-0.165488,-0.116966,0.127754,-0.009829,-0.171762,0.027759,0.118582,-0.030444,-0.067399,-0.011910,0.006598,0.061839,0.067680,-0.082762,-0.156244,0.038149,0.223159,0.072568,-0.195043,-0.166180,0.038717,0.100124,0.096019,0.110319,0.063380,-0.084219,-0.340310,-0.356812,-0.048452,0.224589,0.474863,0.508443,0.620293,0.770192,1.030112,1.112432,1.037807,0.912179,0.803617,0.839737,1.027205,1.166001,1.275097,1.245493,1.057330,0.885895,0.597421,0.441402,0.243607,0.162272,0.074800,0.045642,0.017795,0.010063,0.003342,0.001767,0.000501,0.000250,0.000060,0.000028,0.000006,0.000003,0.000000,0.000000,0.000000,0.000000,0.000000,0.000000,0.000000,0.000000,0.000000,0.000000,0.000000,0.000000,0.000000,0.000000,0.000000,0.000000,0.000000,0.000000,0.000000,0.000000,0.000000,0.000000,0.000000]
0.967864,1.000000,[0.000000,0.126945,0.038606,0.020700,-0.220289,0.093287,0.027317,-0.043108,0.164548,0.035081,-0.039463,-0.078588,-0.102556,-0.000101,-0.122129,-0.169505,0.079623,0.045911,-0.162957,-0.031425,0.119240,0.005271,-0.061414,-0.021242,-0.021044,0.041337,0.109054,-0.033221,-0.180033,-0.030838,0.188690,0.136059,-0.094297,-0.193366,-0.059113,0.090017,0.089252,0.104280,0.126213,-0.025565,-0.229894,-0.375197,-0.248381,0.144208,0.353451,0.497534,0.529407,0.714741,0.897548,1.098474,1.099905,0.951562,0.840892,0.818206,0.911274,1.124489,1.234763,1.263849,1.183315,0.944347,0.765070,0.490297,0.352948,0.186634,0.121797,0.054107,0.032476,0.012255,0.006838,0.002205,0.001153,0.000318,0.000157,0.000037,0.000017,0.000003,0.000002,0.000000,0.000000,0.000000,0.000000,0.000000,0.000000,0.000000,0.000000,0.000000,0.000000,0.000000,0.000000,0.000000,0.000000,0.000000,0.000000,0.000000,0.000000,0.000000,0.000000,0.000000,0.000000]
0.983731,1.000000,[0.000000,0.110565,0.052137,0.099694,-0.217204,0.018321,0.052329,-0.072798,0.139558,0.085518,-0.011910,-0.059681,-0.114634,0.001421,-0.080786,-0.217842,0.020046,0.111461,-0.133094,-0.113339,0.100233,0.059883,-0.054142,-0.032095,-0.024692,-0.003210,0.104959,0.061782,-0.157435,-0.146213,0.139710,0.214062,-0.030331,-0.183772,-0.102975,0.025942,0.088888,0.091839,0.128302,0.093834,-0.165494,-0.347568,-0.308155,-0.076327,0.298200,0.420465,0.511690,0.586122,0.838246,1.011254,1.111263,1.041686,0.870295,0.804546,0.874064,1.004256,1.205417,1.271217,1.217082,1.095017,0.824446,0.647463,0.395438,0.277848,0.141063,0.090303,0.038721,0.022883,0.008367,0.004610,0.001445,0.000748,0.000201,0.000098,0.000023,0.000011,0.000002,0.000001,0.000000,0.000000,0.000000,0.000000,0.000000,0.000000,0.000000,0.000000,0.000000,0.000000,0.000000,0.000000,0.000000,0.000000,0.000000,0.000000,0.000000,0.000000,0.000000,0.000000,0.000000]
0.999598,1.000000,[0.000000,0.100876,0.044042,0.155371,-0.179602,-0.041479,0.072876,-0.086723,0.085390,0.110815,0.033137,-0.027226,-0.133107,-0.017025,-0.012497,-0.219921,-0.085029,0.122481,-0.050557,-0.148089,0.032629,0.082459,-0.015425,-0.035967,-0.035486,-0.023488,0.076558,0.097976,-0.076036,-0.179411,0.008553,0.221080,0.104620,-0.157044,-0.163970,-0.005914,0.056304,0.084573,0.125215,0.121333,-0.009193,-0.303866,-0.384002,-0.158969,0.105055,0.390789,0.446579,0.551463,0.684982,0.961965,1.084689,1.072046,0.959461,0.816322,0.811419,0.958812,1.101282,1.258017,1.271415,1.140664,0.988847,0.704801,0.537756,0.313822,0.215569,0.105278,0.066186,0.027432,0.015974,0.005666,0.003084,0.000940,0.000482,0.000126,0.000061,0.000014,0.000006,0.000001,0.000001,0.000000,0.000000,0.000000,0.000000,0.000000,0.000000,0.000000,0.000000,0.000000,0.000000,0.000000,0.000000,0.000000,0.000000,0.000000,0.000000,0.000000,0.000000,0.000000,0.000000]
1.015464,1.000000,[0.000000,0.088544,0.024890,0.211516,-0.118779,-0.107918,0.074951,-0.079055,0.040789,0.111645,0.057110,0.023441,-0.119734,-0.058884,0.020662,-0.181576,-0.151155,0.094225,0.002191,-0.154932,-0.015041,0.083910,0.005071,-0.022064,-0.030931,-0.059233,0.044227,0.138079,-0.018741,-0.188507,-0.060535,0.166028,0.158731,-0.049477,-0.178539,-0.084195,0.043644,0.057383,0.109922,0.161038,0.047106,-0.160164,-0.380604,-0.320856,0.023321,0.249703,0.431353,0.466920,0.632995,0.811400,1.056223,1.104300,0.998157,0.878568,0.802818,0.859324,1.055815,1.186150,1.275758,1.236301,1.042378,0.873008,0.590928,0.438941,0.245335,0.164994,0.077644,0.047989,0.019250,0.011055,0.003808,0.002049,0.000608,0.000309,0.000079,0.000038,0.000008,0.000004,0.000001,0.000000,0.000000,0.000000,0.000000,0.000000,0.000000,0.000000,0.000000,0.000000,0.000000,0.000000,0.000000,0.000000,0.000000,0.000000,0.000000,0.000000,0.000000,0.000000,0.000000]
1.031331,1.000000,[0.000000,0.088431,-0.017444,0.227205,-0.019885,-0.138344,0.058444,-0.069642,-0.009960,0.102654,0.077239,0.061196,-0.091944,-0.087224,0.048849,-0.134013,-0.222929,0.045808,0.074022,-0.139473,-0.086792,0.072403,0.037562,-0.017966,-0.016902,-0.061067,-0.022097,0.129460,0.087257,-0.158514,-0.168715,0.111447,0.212373,0.011591,-0.146611,-0.117006,-0.014485,0.051434,0.073387,0.152741,0.151408,-0.090011,-0.303656,-0.360932,-0.180224,0.186773,0.337970,0.450642,0.512742,0.750351,0.938240,1.101079,1.072327,0.913991,0.821041,0.832314,0.937869,1.148045,1.246339,1.257354,1.170493,0.930526,0.754789,0.486618,0.352543,0.189123,0.124689,0.056629,0.034441,0.013387,0.007587,0.002540,0.001352,0.000391,0.000197,0.000049,0.000023,0.000005,0.000002,0.000000,0.000000,0.000000,0.000000,0.000000,0.000000,0.000000,0.000000,0.000000,0.000000,0.000000,0.000000,0.000000,0.000000,0.000000,0.000000,0.000000,0.000000,0.000000,0.000000]
1.047198,1.000000,[0.000000,0.097266,-0.044497,0.212736,0.063996,-0.147083,0.040600,-0.044853,-0.045359,0.068046,0.077839,0.108032,-0.045525,-0.129281,0.044057,-0.045687,-0.241065,-0.054251,0.094831,-0.074526,-0.120979,0.021733,0.050256,0.005168,-0.009381,-0.056635,-0.051037,0.083401,0.125246,-0.060521,-0.195516,-0.024515,0.208659,0.130015,-0.114241,-0.150258,-0.040576,0.013446,0.059269,0.122028,0.168483,0.067368,-0.245144,-0.382572,-0.250531,-0.009394,0.299418,0.379534,0.483140,0.598651,0.880859,1.037256,1.091701,1.004211,0.843657,0.800910,0.897949,1.031915,1.221104,1.274224,1.205792,1.080860,0.812882,0.640064,0.394082,0.278921,0.143891,0.093112,0.040871,0.024482,0.009231,0.005166,0.001683,0.000886,0.000250,0.000125,0.000030,0.000014,0.000003,0.000001,0.000000,0.000000,0.000000,0.000000,0.000000,0.000000,0.000000,0.000000,0.000000,0.000000,0.000000,0.000000,0.000000,0.000000,0.000000,0.000000,0.000000,0.000000,0.000000]
1.063064,1.000000,[0.000000,0.110680,-0.075179,0.172959,0.160025,-0.126646,0.007329,-0.026663,-0.066409,0.041055,0.057245,0.122878,0.026712,-0.132014,0.007052,0.008548,-0.218648,-0.122141,0.084159,-0.031568,-0.134922,-0.013214,0.045845,0.011852,0.014000,-0.040239,-0.092116,0.041319,0.159219,0.001867,-0.186718,-0.090640,0.135108,0.173041,-0.006474,-0.153838,-0.096337,0.001512,0.019097,0.098134,0.178738,0.116802,-0.078686,-0.358238,-0.366813,-0.088202,0.143506,0.358781,0.403183,0.551492,0.718938,0.995658,1.088850,1.038013,0.922691,0.805168,0.822367,0.986468,1.125185,1.265010,1.267175,1.126981,0.975187,0.696018,0.533114,0.314219,0.217594,0.108139,0.068757,0.029207,0.017245,0.006314,0.003492,0.001107,0.000577,0.000159,0.000079,0.000019,0.000009,0.000002,0.000001,0.000000,0.000000,0.000000,0.000000,0.000000,0.000000,0.000000,0.000000,0.000000,0.000000,0.000000,0.000000,0.000000,0.000000,0.000000,0.000000,0.000000,0.000000]
1.078931,1.000000,[0.000000,0.134856,-0.075636,0.095134,0.213798,-0.070736,-0.009392,-0.007984,-0.079218,0.006218,0.036928,0.123299,0.081922,-0.119451,-0.026225,0.067163,-0.175721,-0.205654,0.049545,0.035015,-0.130156,-0.068650,0.037723,0.021091,0.016665,-0.003577,-0.091816,-0.042266,0.144972,0.112447,-0.149262,-0.185428,0.076818,0.200806,0.049199,-0.105326,-0.118251,-0.044271,0.010957,0.042207,0.159149,0.196080,-0.007624,-0.238508,-0.385550,-0.264554,0.075927,0.249696,0.386785,0.440774,0.658776,0.852300,1.070523,1.087290,0.960079,0.851072,0.807299,0.880506,1.081833,1.203229,1.274806,1.226854,1.028363,0.861101,0.584982,0.436682,0.246931,0.167531,0.080337,0.050238,0.020678,0.012043,0.004286,0.002344,0.000724,0.000374,0.000100,0.000049,0.000011,0.000005,0.000001,0.000000,0.000000,0.000000,0.000000,0.000000,0.000000,0.000000,0.000000,0.000000,0.000000,0.000000,0.000000,0.000000,0.000000,0.000000,0.000000,0.000000,0.000000]
1.094797,1.000000,[0.000000,0.148498,-0.055318,0.028242,0.242959,-0.015051,-0.024047,0.008250,-0.073510,-0.017018,-0.001295,0.100381,0.148087,-0.077941,-0.086254,0.083296,-0.082239,-0.234773,-0.036175,0.058282,-0.083089,-0.097153,0.000974,0.022381,0.026334,0.014002,-0.072771,-0.077075,0.081862,0.148984,-0.037780,-0.203681,-0.058009,0.186851,0.146592,-0.070113,-0.126865,-0.063092,-0.024142,0.024039,0.101802,0.200188,0.138608,-0.169275,-0.353790,-0.318940,-0.113618,0.203352,0.307644,0.415496,0.513175,0.789784,0.971354,1.093235,1.040800,0.881558,0.807650,0.849201,0.963824,1.168523,1.255363,1.250203,1.158064,0.917709,0.745324,0.483244,0.352169,0.191437,0.127403,0.059037,0.036342,0.014510,0.008342,0.002888,0.001562,0.000471,0.000241,0.000063,0.000031,0.000007,0.000003,0.000001,0.000000,0.000000,0.000000,0.000000,0.000000,0.000000,0.000000,0.000000,0.000000,0.000000,0.000000,0.000000,0.000000,0.000000,0.000000,0.000000,0.000000]
1.110664,1.000000,[0.000000,0.162515,-0.015508,-0.054005,0.235444,0.062767,-0.021043,0.016748,-0.066584,-0.029889,-0.021772,0.048608,0.171083,-0.002280,-0.106843,0.065155,-0.016686,-0.228686,-0.096983,0.058472,-0.052438,-0.110682,-0.022045,0.008411,0.020855,0.045975,-0.046278,-0.119583,0.031943,0.172268,0.027070,-0.175313,-0.118448,0.098505,0.177681,0.031402,-0.121761,-0.095632,-0.032608,-0.020765,0.071074,0.177677,0.177108,0.007691,-0.310717,-0.384639,-0.185219,0.039064,0.280713,0.338009,0.471632,0.623210,0.918798,1.052567,1.065918,0.967648,0.823477,0.802419,0.922172,1.057459,1.233967,1.275504,1.194611,1.067471,0.802214,0.633259,0.392835,0.279914,0.146537,0.095768,0.042941,0.026043,0.010097,0.005733,0.001933,0.001035,0.000304,0.000154,0.000040,0.000019,0.000004,0.000002,0.000000,0.000000,0.000000,0.000000,0.000000,0.000000,0.000000,0.000000,0.000000,0.000000,0.000000,0.000000,0.000000,0.000000,0.000000,0.000000,0.000000]
1.126531,1.000000,[0.000000,0.156252,0.052941,-0.097235,0.184573,0.113193,-0.001037,0.031021,-0.050192,-0.039424,-0.040544,0.003954,0.173531,0.061022,-0.119972,0.038218,0.064681,-0.194625,-0.179754,0.036010,0.001487,-0.112350,-0.058572,0.000932,0.007551,0.047568,0.010007,-0.116185,-0.064063,0.151420,0.136011,-0.130922,-0.194918,0.038786,0.180143,0.079608,-0.063348,-0.107669,-0.061576,-0.027803,0.002581,0.147171,0.223601,0.074637,-0.157625,-0.381689,-0.325470,-0.029614,0.158172,0.320037,0.370574,0.566201,0.756676,1.019675,1.083260,1.002778,0.890264,0.799854,0.836303,1.012626,1.146341,1.269881,1.262081,1.113907,0.962430,0.687934,0.528842,0.314586,0.219476,0.110835,0.071205,0.030932,0.018497,0.006970,0.003911,0.001285,0.000681,0.000195,0.000098,0.000025,0.000012,0.000003,0.000001,0.000000,0.000000,0.000000,0.000000,0.000000,0.000000,0.000000,0.000000,0.000000,0.000000,0.000000,0.000000,0.000000,0.000000,0.000000,0.000000]
1.142397,1.000000,[0.000000,0.136044,0.111235,-0.119821,0.130231,0.155573,0.020043,0.041326,-0.031362,-0.034713,-0.043461,-0.058429,0.142549,0.144472,-0.095441,-0.027171,0.099735,-0.106468,-0.212300,-0.032149,0.021742,-0.080652,-0.078686,-0.024651,-0.002463,0.044747,0.035599,-0.082547,-0.101860,0.072231,0.168241,-0.009849,-0.203302,-0.089026,0.157270,0.153148,-0.028123,-0.096518,-0.072541,-0.052843,-0.016413,0.067167,0.213375,0.198304,-0.082554,-0.300717,-0.361257,-0.202757,0.105888,0.231808,0.348550,0.430159,0.692061,0.889275,1.074366,1.064146,0.924940,0.829399,0.815786,0.902441,1.105339,1.217634,1.272598,1.217296,1.015201,0.850053,0.579509,0.434597,0.248412,0.169904,0.082892,0.052397,0.022078,0.013026,0.004776,0.002650,0.000849,0.000446,0.000125,0.000062,0.000015,0.000007,0.000002,0.000001,0.000000,0.000000,0.000000,0.000000,0.000000,0.000000,0.000000,0.000000,0.000000,0.000000,0.000000,0.000000,0.000000,0.000000,0.000000]
1.158264,1.000000,[0.000000,0.100635,0.180874,-0.106732,0.046877,0.168286,0.056087,0.056723,-0.012172,-0.033374,-0.028686,-0.089051,0.072081,0.180017,-0.034150,-0.059371,0.104330,-0.038607,-0.216914,-0.081011,0.025739,-0.062136,-0.086573,-0.037180,-0.027148,0.028537,0.073655,-0.047456,-0.141452,0.016370,0.177051,0.054849,-0.155330,-0.141500,0.059057,0.172305,0.061485,-0.085460,-0.083413,-0.055867,-0.057424,0.032278,0.158033,0.222602,0.091885,-0.242337,-0.374450,-0.263186,-0.059110,0.198705,0.271398,0.394446,0.527118,0.828522,0.995825,1.077491,1.007637,0.854431,0.799783,0.867849,0.988744,1.186252,1.262249,1.242605,1.146051,0.905779,0.736570,0.480134,0.351822,0.193595,0.129958,0.061339,0.038182,0.015622,0.009099,0.003248,0.001783,0.000557,0.000290,0.000080,0.000039,0.000009,0.000004,0.000001,0.000000,0.000000,0.000000,0.000000,0.000000,0.000000,0.000000,0.000000,0.000000,0.000000,0.000000,0.000000,0.000000,0.000000,0.000000]
1.174131,1.000000,[0.000000,0.045607,0.214919,-0.052822,-0.007279,0.150968,0.075825,0.075455,0.013687,-0.026457,-0.015622,-0.108812,0.008015,0.197587,0.024253,-0.096411,0.089354,0.054153,-0.191098,-0.153476,0.012305,-0.024496,-0.091164,-0.054363,-0.035322,-0.005654,0.073595,0.025006,-0.133773,-0.087020,0.149001,0.156342,-0.105127,-0.196219,0.000368,0.151934,0.100759,-0.024069,-0.087338,-0.065838,-0.060485,-0.040562,0.118213,0.231378,0.149916,-0.067549,-0.350832,-0.360427,-0.125058,0.066553,0.250679,0.302300,0.475022,0.654922,0.949881,1.058240,1.036470,0.933327,0.809077,0.807960,0.946138,1.080881,1.244421,1.275395,1.183614,1.054794,0.792332,0.626970,0.391682,0.280836,0.149020,0.098285,0.044937,0.027567,0.010962,0.006308,0.002194,0.001192,0.000364,0.000188,0.000050,0.000025,0.000006,0.000003,0.000001,0.000000,0.000000,0.000000,0.000000,0.000000,0.000000,0.000000,0.000000,0.000000,0.000000,0.000000,0.000000,0.000000,0.000000]
1.189997,1.000000,[0.000000,-0.006825,0.230088,0.004366,-0.055018,0.126735,0.093843,0.087792,0.038784,-0.018720,0.012492,-0.100869,-0.081119,0.171898,0.112849,-0.091921,0.029047,0.101619,-0.113099,-0.182712,-0.038751,-0.010402,-0.071639,-0.065101,-0.051502,-0.025922,0.058324,0.056228,-0.085439,-0.125017,0.055370,0.181913,0.020950,-0.194247,-0.115020,0.122109,0.149486,0.008589,-0.062529,-0.069293,-0.070062,-0.057071,0.022063,0.206750,0.241349,0.008037,-0.228011,-0.376073,-0.272600,0.010837,0.153525,0.282274,0.350807,0.591093,0.794166,1.034197,1.070094,0.968127,0.862466,0.799319,0.852284,1.037110,1.164992,1.273009,1.256352,1.101420,0.950482,0.680459,0.524890,0.314926,0.221233,0.113381,0.073541,0.032609,0.019729,0.007632,0.004341,0.001473,0.000792,0.000236,0.000121,0.000032,0.000015,0.000004,0.000002,0.000000,0.000000,0.000000,0.000000,0.000000,0.000000,0.000000,0.000000,0.000000,0.000000,0.000000,0.000000,0.000000,0.000000]
1.205864,1.000000,[0.000000,-0.069437,0.209323,0.089731,-0.068463,0.076537,0.095296,0.102985,0.066943,-0.013311,0.025452,-0.062007,-0.128369,0.100603,0.156162,-0.054511,-0.007416,0.125227,-0.048933,-0.190650,-0.073851,-0.008052,-0.063815,-0.064432,-0.054911,-0.060567,0.032520,0.096888,-0.043150,-0.157425,-0.004465,0.173551,0.082953,-0.128234,-0.157810,0.019681,0.157519,0.081939,-0.048397,-0.062071,-0.066596,-0.086624,-0.013698,0.121735,0.249272,0.167131,-0.158778,-0.338132,-0.318513,-0.146509,0.114961,0.203659,0.320613,0.433242,0.728329,0.920276,1.069505,1.037140,0.893481,0.813051,0.827242,0.924527,1.126471,1.229715,1.269408,1.207729,1.002812,0.839766,0.574448,0.432664,0.249792,0.172131,0.085323,0.054473,0.023450,0.014002,0.005274,0.002967,0.000982,0.000523,0.000153,0.000077,0.000020,0.000010,0.000002,0.000001,0.000000,0.000000,0.000000,0.000000,0.000000,0.000000,0.000000,0.000000,0.000000,0.000000,0.000000,0.000000,0.000000]
1.221730,1.000000,[0.000000,-0.111486,0.150504,0.143259,-0.048421,0.044855,0.080619,0.101968,0.096931,0.002026,0.036840,-0.023959,-0.162424,0.029633,0.190406,-0.010132,-0.060822,0.122377,0.044839,-0.170253,-0.130050,-0.015420,-0.043449,-0.069553,-0.053435,-0.069637,-0.020403,0.094063,0.041717,-0.144360,-0.110118,0.138204,0.171843,-0.073866,-0.188977,-0.035556,0.118357,0.111547,0.009476,-0.060194,-0.057786,-0.083520,-0.082116,0.075265,0.218650,0.212062,0.024620,-0.296205,-0.368412,-0.205900,-0.021559,0.179448,0.236015,0.387235,0.550649,0.863609,1.011661,1.056139,0.974511,0.832438,0.796546,0.887496,1.012398,1.201541,1.267345,1.234718,1.134463,0.894641,0.728441,0.477254,0.351500,0.195616,0.132370,0.063545,0.039965,0.016720,0.009859,0.003619,0.002014,0.000651,0.000344,0.000098,0.000049,0.000012,0.000006,0.000001,0.000001,0.000000,0.000000,0.000000,0.000000,0.000000,0.000000,0.000000,0.000000,0.000000,0.000000,0.000000,0.000000]
1.237597,1.000000,[0.000000,-0.144689,0.081950,0.189194,-0.019261,0.012017,0.066739,0.094829,0.116914,0.016735,0.038445,0.037625,-0.155164,-0.075812,0.176045,0.071103,-0.073671,0.072396,0.097383,-0.103206,-0.151267,-0.051352,-0.036748,-0.059439,-0.054869,-0.077083,-0.049330,0.065828,0.076061,-0.081507,-0.145747,0.032571,0.188988,0.052176,-0.176965,-0.133986,0.083968,0.136379,0.037473,-0.028440,-0.054933,-0.074459,-0.093091,-0.028649,0.180874,0.264146,0.095356,-0.141616,-0.363666,-0.319936,-0.077713,0.074872,0.216720,0.275925,0.490142,0.689770,0.973240,1.055716,1.005332,0.902033,0.799713,0.816601,0.969449,1.102242,1.252819,1.274170,1.172851,1.042778,0.783142,0.621134,0.390611,0.281696,0.151358,0.100676,0.046863,0.029055,0.011825,0.006889,0.002466,0.001358,0.000429,0.000225,0.000063,0.000031,0.000008,0.000004,0.000001,0.000000,0.000000,0.000000,0.000000,0.000000,0.000000,0.000000,0.000000,0.000000,0.000000,0.000000,0.000000]
1.253464,1.000000,[0.000000,-0.152462,-0.016437,0.193865,0.040167,0.001855,0.039214,0.076881,0.135978,0.041260,0.026395,0.072846,-0.105705,-0.135972,0.116948,0.114726,-0.061468,0.036850,0.132640,-0.045928,-0.155976,-0.072679,-0.039406,-0.060492,-0.044613,-0.072407,-0.091859,0.031367,0.115385,-0.033456,-0.167157,-0.029163,0.162040,0.109111,-0.095896,-0.166022,-0.016826,0.134794,0.091886,-0.013991,-0.034777,-0.064441,-0.105022,-0.061717,0.072253,0.254821,0.227501,-0.066695,-0.279252,-0.348876,-0.218963,0.032231,0.135489,0.250524,0.343727,0.622060,0.828688,1.040093,1.051352,0.935247,0.839262,0.802628,0.869577,1.059855,1.181381,1.274702,1.250159,1.089495,0.939262,0.673519,0.521219,0.315242,0.222880,0.115793,0.075775,0.034239,0.020942,0.008298,0.004779,0.001669,0.000911,0.000281,0.000146,0.000040,0.000020,0.000005,0.000002,0.000000,0.000000,0.000000,0.000000,0.000000,0.000000,0.000000,0.000000,0.000000,0.000000,0.000000,0.000000]
1.269330,1.000000,[0.000000,-0.136471,-0.091213,0.160892,0.076744,0.012494,0.029227,0.046446,0.134725,0.071527,0.022652,0.103675,-0.050756,-0.187139,0.050696,0.160311,-0.034733,-0.024658,0.138772,0.041103,-0.137892,-0.109638,-0.042842,-0.056836,-0.048912,-0.053460,-0.101217,-0.037794,0.108473,0.059764,-0.147893,-0.132028,0.119851,0.181144,-0.039398,-0.173522,-0.066440,0.082023,0.111866,0.034891,-0.029708,-0.039336,-0.094453,-0.117286,0.022605,0.186522,0.256114,0.111761,-0.222575,-0.350080,-0.268267,-0.102354,0.107574,0.171806,0.304374,0.447289,0.764223,0.944384,1.057755,1.008078,0.866023,0.801443,0.840835,0.946340,1.145396,1.239781,1.265454,1.198226,0.991130,0.830156,0.569750,0.430865,0.251083,0.174229,0.087639,0.056472,0.024796,0.014970,0.005780,0.003293,0.001123,0.000607,0.000183,0.000094,0.000025,0.000012,0.000003,0.000001,0.000000,0.000000,0.000000,0.000000,0.000000,0.000000,0.000000,0.000000,0.000000,0.000000,0.000000]
1.285197,1.000000,[0.000000,-0.106855,-0.165118,0.109886,0.114366,0.025614,0.022237,0.024132,0.123438,0.097297,0.010320,0.109550,0.039702,-0.186697,-0.056777,0.157440,0.031016,-0.049902,0.099760,0.092403,-0.080606,-0.120204,-0.065807,-0.057458,-0.046301,-0.046254,-0.099692,-0.073478,0.066606,0.094727,-0.071261,-0.163035,0.005454,0.188736,0.081437,-0.152501,-0.144598,0.045641,0.115452,0.056796,0.002337,-0.032069,-0.066047,-0.120246,-0.079651,0.138066,0.264882,0.172650,-0.048331,-0.326030,-0.342826,-0.155689,-0.001591,0.152124,0.205985,0.392136,0.580141,0.893328,1.019505,1.031113,0.942580,0.815222,0.797129,0.907575,1.034660,1.214673,1.270937,1.226657,1.123297,0.884209,0.720864,0.474576,0.351199,0.197514,0.134654,0.065661,0.041693,0.017806,0.010618,0.003998,0.002254,0.000751,0.000402,0.000119,0.000061,0.000016,0.000008,0.000002,0.000001,0.000000,0.000000,0.000000,0.000000,0.000000,0.000000,0.000000,0.000000,0.000000,0.000000]
1.301064,1.000000,[0.000000,-0.053911,-0.199584,0.021149,0.118880,0.058558,0.029967,-0.004154,0.098142,0.128085,0.016526,0.088985,0.097368,-0.138900,-0.121373,0.116415,0.068938,-0.059029,0.067619,0.131286,-0.031588,-0.117037,-0.074215,-0.066589,-0.054513,-0.026764,-0.087605,-0.120943,0.024371,0.128697,-0.019012,-0.170386,-0.056034,0.143153,0.131220,-0.060504,-0.165511,-0.048002,0.106288,0.091448,0.014725,-0.005144,-0.050364,-0.110484,-0.106551,0.014255,0.238822,0.268367,0.026765,-0.202833,-0.353438,-0.272971,-0.046333,0.068018,0.184368,0.260211,0.513627,0.724702,0.988862,1.046541,0.973969,0.874169,0.794658,0.827574,0.991847,1.121643,1.259462,1.272046,1.162354,1.031373,0.774567,0.615698,0.389614,0.282501,0.153566,0.102952,0.048723,0.030508,0.012684,0.007475,0.002747,0.001533,0.000500,0.000265,0.000077,0.000039,0.000010,0.000005,0.000001,0.000001,0.000000,0.000000,0.000000,0.000000,0.000000,0.000000,0.000000,0.000000,0.000000]
1.316930,1.000000,[0.000000,-0.007063,-0.202649,-0.049346,0.095662,0.070070,0.053594,-0.009955,0.057318,0.138105,0.029871,0.069128,0.153644,-0.077327,-0.184434,0.062285,0.118738,-0.049243,0.004602,0.142007,0.043555,-0.098891,-0.091031,-0.067309,-0.066213,-0.029708,-0.052603,-0.129466,-0.058214,0.116419,0.078280,-0.144524,-0.151315,0.095109,0.183265,-0.004136,-0.150849,-0.090258,0.045727,0.102578,0.050633,0.000476,-0.013377,-0.092152,-0.142021,-0.034620,0.137826,0.278678,0.187269,-0.135929,-0.307757,-0.309242,-0.172086,0.036773,0.109888,0.227506,0.347895,0.655710,0.858585,1.038560,1.028766,0.904877,0.820426,0.808981,0.887626,1.080865,1.195735,1.275211,1.243634,1.078103,0.928701,0.667052,0.517797,0.315538,0.224428,0.118083,0.077915,0.035825,0.022134,0.008967,0.005225,0.001875,0.001036,0.000330,0.000174,0.000049,0.000025,0.000006,0.000003,0.000001,0.000000,0.000000,0.000000,0.000000,0.000000,0.000000,0.000000,0.000000,0.000000]
1.332797,1.000000,[0.000000,0.047413,-0.178443,-0.128006,0.059172,0.079592,0.069980,-0.006016,0.024112,0.141809,0.051014,0.027098,0.170596,0.030139,-0.191179,-0.035171,0.124702,-0.001961,-0.028006,0.111809,0.088861,-0.049744,-0.090006,-0.078998,-0.073314,-0.033569,-0.037726,-0.118137,-0.098571,0.060450,0.111460,-0.055588,-0.175851,-0.024137,0.180842,0.106553,-0.122450,-0.146290,0.009870,0.088995,0.065776,0.026861,-0.004050,-0.046162,-0.135317,-0.125668,0.082173,0.243646,0.234068,0.044680,-0.266781,-0.340807,-0.219340,-0.072969,0.089002,0.141208,0.299525,0.469357,0.797437,0.961450,1.040810,0.978338,0.842607,0.793974,0.855905,0.967588,1.162289,1.248096,1.260908,1.188839,0.980092,0.821150,0.565371,0.429186,0.252294,0.176209,0.089852,0.058398,0.026113,0.015930,0.006293,0.003627,0.001272,0.000696,0.000217,0.000114,0.000032,0.000016,0.000004,0.000002,0.000000,0.000000,0.000000,0.000000,0.000000,0.000000,0.000000,0.000000,0.000000]
1.348664,1.000000,[0.000000,0.082158,-0.114939,-0.168153,-0.008137,0.064666,0.096398,0.012979,-0.016595,0.124654,0.087226,0.009338,0.152123,0.103560,-0.151779,-0.095656,0.102133,0.027111,-0.052283,0.083574,0.124332,-0.009457,-0.076404,-0.075655,-0.088927,-0.047502,-0.010319,-0.099043,-0.147508,0.011403,0.136299,-0.000869,-0.167040,-0.083238,0.117920,0.147511,-0.024428,-0.156419,-0.071915,0.074625,0.081701,0.035388,0.023134,-0.026519,-0.102268,-0.143365,-0.046831,0.202730,0.286752,0.114496,-0.115014,-0.332962,-0.306004,-0.117397,0.002800,0.122244,0.183821,0.406754,0.612539,0.916873,1.020322,1.003979,0.912608,0.802332,0.800819,0.927673,1.055481,1.225902,1.273263,1.218511,1.112546,0.874413,0.713780,0.472077,0.350916,0.199304,0.136820,0.067695,0.043368,0.018877,0.011376,0.004385,0.002501,0.000858,0.000465,0.000142,0.000074,0.000020,0.000010,0.000002,0.000001,0.000000,0.000000,0.000000,0.000000,0.000000,0.000000,0.000000,0.000000]
1.364530,1.000000,[0.000000,0.104883,-0.053287,-0.181407,-0.057237,0.027325,0.095824,0.050480,-0.031726,0.089899,0.108672,-0.005350,0.123484,0.182090,-0.091571,-0.162127,0.063318,0.075247,-0.056237,0.023502,0.135376,0.050624,-0.056907,-0.072736,-0.087390,-0.072873,-0.011956,-0.049542,-0.153794,-0.081453,0.117596,0.096082,-0.134666,-0.166617,0.065468,0.177727,0.029515,-0.122546,-0.105652,0.012187,0.085394,0.056144,0.026904,0.016539,-0.076894,-0.153386,-0.090875,0.076855,0.278185,0.245563,-0.043052,-0.245311,-0.327123,-0.227372,-0.030819,0.050697,0.157270,0.254998,0.542378,0.757559,0.997257,1.032195,0.943430,0.849869,0.793234,0.840257,1.013175,1.139206,1.264604,1.269197,1.152141,1.020533,0.766539,0.610617,0.388680,0.283257,0.155656,0.105124,0.050522,0.031926,0.013539,0.008064,0.003036,0.001714,0.000575,0.000309,0.000093,0.000048,0.000013,0.000006,0.000002,0.000001,0.000000,0.000000,0.000000,0.000000,0.000000,0.000000,0.000000]
1.380397,1.000000,[0.000000,0.108802,0.028205,-0.166178,-0.112503,-0.011864,0.084820,0.076754,-0.036304,0.054455,0.134851,0.001932,0.058403,0.211088,0.020330,-0.173100,-0.016554,0.086889,-0.026410,-0.012233,0.110771,0.086685,-0.014724,-0.060414,-0.088859,-0.085219,-0.021985,-0.028124,-0.131552,-0.124292,0.047532,0.125262,-0.035691,-0.183305,-0.054252,0.165487,0.125709,-0.088835,-0.139282,-0.020898,0.059722,0.064634,0.042937,0.025380,-0.017305,-0.136375,-0.161951,0.018200,0.202398,0.275115,0.130423,-0.190927,-0.314974,-0.265549,-0.136235,0.028200,0.081670,0.214200,0.361258,0.689434,0.883004,1.030892,1.003771,0.877430,0.805625,0.817703,0.906007,1.100187,1.208267,1.274743,1.236878,1.067214,0.918738,0.661006,0.514597,0.315816,0.225887,0.120262,0.079967,0.037369,0.023307,0.009637,0.005676,0.002088,0.001168,0.000383,0.000205,0.000060,0.000031,0.000008,0.000004,0.000001,0.000000,0.000000,0.000000,0.000000,0.000000,0.000000,0.000000]
1.396263,1.000000,[0.000000,0.090780,0.084203,-0.111053,-0.134394,-0.071337,0.051515,0.111042,-0.020576,0.004321,0.134934,0.032874,0.018906,0.201127,0.100523,-0.143685,-0.066676,0.080175,-0.006676,-0.045089,0.085917,0.113371,0.016642,-0.035669,-0.074988,-0.106311,-0.040503,0.005242,-0.105710,-0.170995,-0.007181,0.137693,0.019617,-0.157337,-0.108928,0.087747,0.156676,0.009949,-0.139620,-0.087315,0.042628,0.064537,0.046530,0.046660,0.003984,-0.081063,-0.168162,-0.105320,0.149728,0.281550,0.189969,-0.022612,-0.289811,-0.316741,-0.177694,-0.058255,0.064269,0.115204,0.304761,0.496686,0.826528,0.971811,1.020161,0.948942,0.823098,0.790066,0.871932,0.988076,1.177326,1.254892,1.255905,1.179603,0.969643,0.812688,0.561275,0.427612,0.253433,0.178084,0.091968,0.060256,0.027405,0.016880,0.006810,0.003969,0.001427,0.000791,0.000254,0.000135,0.000039,0.000020,0.000005,0.000002,0.000001,0.000000,0.000000,0.000000,0.000000,0.000000,0.000000]
1.412130,1.000000,[0.000000,0.066700,0.129122,-0.056879,-0.132361,-0.104819,-0.006369,0.112799,0.017056,-0.023300,0.120575,0.059946,-0.025724,0.170279,0.192736,-0.089501,-0.128484,0.056889,0.036222,-0.058530,0.031541,0.121323,0.059796,-0.014599,-0.053538,-0.102461,-0.077761,0.004480,-0.043434,-0.173557,-0.106812,0.111863,0.111824,-0.119032,-0.176794,0.032685,0.164607,0.059313,-0.090650,-0.112022,-0.016204,0.062683,0.051875,0.046654,0.046556,-0.050302,-0.149823,-0.140745,0.008963,0.254995,0.282504,0.048963,-0.167910,-0.321608,-0.265478,-0.092782,-0.005059,0.093955,0.170517,0.428550,0.645441,0.934076,1.015206,0.975962,0.885063,0.793285,0.807002,0.947490,1.074859,1.235453,1.274522,1.210345,1.102195,0.865190,0.707135,0.469737,0.350651,0.200994,0.138881,0.069651,0.044995,0.019934,0.012132,0.004779,0.002757,0.000970,0.000533,0.000168,0.000088,0.000025,0.000013,0.000003,0.000002,0.000000,0.000000,0.000000,0.000000,0.000000,0.000000]
1.427997,1.000000,[0.000000,0.026219,0.145993,0.019689,-0.110424,-0.134333,-0.057294,0.099329,0.047473,-0.047438,0.093311,0.106023,-0.036261,0.091897,0.230413,0.016925,-0.139871,-0.002178,0.051033,-0.042749,-0.004009,0.099243,0.084603,0.020998,-0.031056,-0.094199,-0.093974,-0.011922,-0.016692,-0.139306,-0.149891,0.028375,0.135065,-0.013028,-0.184787,-0.082954,0.143362,0.137578,-0.053953,-0.124538,-0.044724,0.030497,0.054545,0.049319,0.052461,0.017127,-0.122941,-0.184713,-0.048142,0.144779,0.292984,0.202595,-0.104526,-0.267957,-0.292107,-0.188464,-0.029099,0.027416,0.137463,0.259224,0.573765,0.786929,0.999218,1.014014,0.914436,0.829096,0.794830,0.854147,1.033345,1.155060,1.268459,1.265767,1.142221,1.010218,0.759002,0.605854,0.387805,0.283969,0.157640,0.107199,0.052263,0.033311,0.014387,0.008656,0.003332,0.001903,0.000655,0.000357,0.000110,0.000057,0.000016,0.000008,0.000002,0.000001,0.000000,0.000000,0.000000,0.000000,0.000000]
1.443863,1.000000,[0.000000,-0.006296,0.132387,0.071329,-0.055350,-0.131384,-0.123200,0.060416,0.090440,-0.046219,0.043844,0.124732,-0.018661,0.036942,0.230222,0.095641,-0.118933,-0.038563,0.056507,-0.031009,-0.039455,0.077017,0.098919,0.043231,0.004061,-0.071002,-0.118899,-0.034161,0.020258,-0.106957,-0.190653,-0.030615,0.132525,0.040893,-0.141831,-0.131389,0.054341,0.157970,0.040408,-0.116637,-0.093721,0.013048,0.042464,0.047696,0.062653,0.037399,-0.048903,-0.178144,-0.155783,0.084431,0.253597,0.247718,0.067366,-0.227818,-0.305224,-0.224286,-0.112999,0.010674,0.054613,0.210399,0.381589,0.721349,0.901664,1.018353,0.977521,0.853088,0.794477,0.828233,0.924402,1.117896,1.219169,1.273465,1.229970,1.056799,0.909317,0.655335,0.511593,0.316076,0.227266,0.122339,0.081939,0.038872,0.024459,0.010307,0.006133,0.002308,0.001306,0.000440,0.000238,0.000072,0.000037,0.000010,0.000005,0.000001,0.000001,0.000000,0.000000,0.000000,0.000000]
1.459730,1.000000,[0.000000,-0.039974,0.107180,0.113557,-0.009068,-0.100408,-0.153194,-0.007491,0.100791,-0.024140,0.007836,0.137275,0.007634,-0.032545,0.201064,0.191502,-0.072769,-0.089898,0.047256,0.005233,-0.058022,0.030056,0.101496,0.068427,0.026060,-0.032719,-0.112394,-0.081501,0.019706,-0.033851,-0.188062,-0.133214,0.099310,0.124150,-0.098646,-0.181040,-0.001318,0.144545,0.083351,-0.057473,-0.109566,-0.037596,0.037221,0.039225,0.057610,0.072905,-0.015169,-0.131273,-0.179430,-0.059911,0.211341,0.295710,0.133242,-0.081662,-0.293872,-0.284577,-0.146578,-0.056390,0.037600,0.095736,0.318290,0.526891,0.850716,0.976085,0.997068,0.920619,0.807257,0.789185,0.888513,1.007677,1.190675,1.260366,1.250554,1.170545,0.959734,0.804715,0.557434,0.426132,0.254509,0.179862,0.093997,0.062051,0.028670,0.017819,0.007331,0.004317,0.001589,0.000891,0.000294,0.000158,0.000047,0.000024,0.000006,0.000003,0.000001,0.000000,0.000000,0.000000,0.000000]
1.475597,1.000000,[0.000000,-0.059886,0.055621,0.129453,0.051632,-0.059321,-0.169659,-0.066577,0.098765,0.000258,-0.036863,0.124833,0.066249,-0.059773,0.118199,0.232558,0.021767,-0.098575,0.008942,0.021630,-0.051867,-0.002742,0.079734,0.080948,0.054634,-0.001775,-0.094509,-0.100211,-0.003567,-0.003073,-0.140971,-0.174301,0.003843,0.139871,0.010765,-0.180053,-0.108451,0.115636,0.141417,-0.020178,-0.103660,-0.060346,0.004054,0.037501,0.045813,0.073789,0.053186,-0.096014,-0.191464,-0.110954,0.075786,0.286768,0.256052,-0.014260,-0.203767,-0.297933,-0.227093,-0.081416,-0.021450,0.070054,0.166011,0.455136,0.677067,0.945177,1.005254,0.947994,0.860194,0.787605,0.815156,0.966815,1.092824,1.243525,1.274880,1.202209,1.092232,0.856485,0.700885,0.467539,0.350401,0.202595,0.140845,0.071535,0.046575,0.020976,0.012885,0.005179,0.003019,0.001088,0.000604,0.000196,0.000104,0.000030,0.000015,0.000004,0.000002,0.000000,0.000000,0.000000,0.000000]
1.491463,1.000000,[0.000000,-0.067785,0.012511,0.115551,0.085319,0.010238,-0.149566,-0.141702,0.067373,0.043674,-0.054451,0.085719,0.099937,-0.058519,0.054899,0.239718,0.092798,-0.083485,-0.012847,0.035637,-0.045836,-0.035744,0.059651,0.080977,0.067422,0.041852,-0.063176,-0.126972,-0.028863,0.034852,-0.102448,-0.205621,-0.057776,0.120690,0.061317,-0.121432,-0.149162,0.019610,0.151258,0.065065,-0.089483,-0.091453,-0.011702,0.018346,0.039466,0.069218,0.069732,-0.008948,-0.171960,-0.193536,0.012480,0.205577,0.283756,0.148247,-0.152036,-0.272914,-0.254837,-0.159211,-0.038135,0.002006,0.125749,0.271363,0.605696,0.811991,0.995660,0.993149,0.887452,0.811704,0.798908,0.868843,1.052320,1.169338,1.271212,1.261869,1.132596,1.000389,0.751907,0.601374,0.386981,0.284640,0.159527,0.109186,0.053949,0.034665,0.015230,0.009250,0.003635,0.002098,0.000740,0.000408,0.000130,0.000068,0.000020,0.000010,0.000003,0.000001,0.000000,0.000000,0.000000]
1.507330,1.000000,[0.000000,-0.066141,-0.036047,0.093049,0.104289,0.058122,-0.093689,-0.175046,0.006076,0.061171,-0.057886,0.047639,0.138368,-0.037254,-0.030920,0.213608,0.183369,-0.045753,-0.050619,0.038124,-0.016176,-0.055485,0.021373,0.077063,0.074196,0.063524,-0.010097,-0.117368,-0.084478,0.033719,-0.020734,-0.196637,-0.159312,0.080325,0.131825,-0.074814,-0.178972,-0.034574,0.118690,0.100192,-0.025401,-0.099236,-0.050845,0.011917,0.020377,0.058655,0.092269,0.024832,-0.099170,-0.203174,-0.123770,0.151130,0.284717,0.203636,0.006814,-0.246533,-0.283944,-0.189767,-0.102059,-0.011888,0.031332,0.215163,0.406753,0.750195,0.914675,1.002098,0.950917,0.831877,0.786586,0.840109,0.942577,1.134079,1.228615,1.271517,1.222972,1.046829,0.900392,0.650002,0.508768,0.316322,0.228572,0.124324,0.083836,0.040336,0.025592,0.010977,0.006595,0.002535,0.001449,0.000501,0.000274,0.000085,0.000045,0.000013,0.000006,0.000002,0.000001,0.000000,0.000000]
1.523196,1.000000,[0.000000,-0.049761,-0.067084,0.045383,0.102783,0.109227,-0.032982,-0.191585,-0.050735,0.075655,-0.047685,-0.012408,0.142383,0.026125,-0.070532,0.132574,0.222478,0.033509,-0.054786,0.018416,0.000969,-0.054519,-0.006623,0.054565,0.074191,0.083998,0.027270,-0.089781,-0.104407,0.002980,0.012730,-0.136332,-0.196257,-0.024879,0.138886,0.033967,-0.169282,-0.129221,0.083875,0.137111,0.010231,-0.078731,-0.067279,-0.017265,0.016097,0.033272,0.086644,0.086771,-0.057957,-0.181236,-0.164672,0.001333,0.257503,0.287199,0.073048,-0.127535,-0.283220,-0.250154,-0.127074,-0.064690,0.012224,0.083653,0.338180,0.558030,0.869709,0.975028,0.972562,0.893869,0.794792,0.790848,0.905335,1.026319,1.202493,1.264691,1.244939,1.161679,0.950321,0.797187,0.553821,0.424738,0.255526,0.181554,0.095943,0.063787,0.029910,0.018748,0.007856,0.004670,0.001757,0.000996,0.000337,0.000183,0.000056,0.000029,0.000008,0.000004,0.000001,0.000000,0.000000]
1.539063,1.000000,[0.000000,-0.032599,-0.083619,0.008115,0.072367,0.126004,0.056717,-0.166170,-0.127543,0.059646,-0.013854,-0.047395,0.119102,0.069204,-0.084144,0.067103,0.232901,0.092879,-0.043073,0.010247,0.020291,-0.051689,-0.033169,0.036656,0.059480,0.086985,0.076793,-0.051530,-0.130859,-0.024849,0.048922,-0.092144,-0.215039,-0.087247,0.102402,0.079271,-0.097379,-0.161152,-0.014476,0.137014,0.082519,-0.060481,-0.081578,-0.029771,-0.004892,0.023382,0.065519,0.097132,0.034833,-0.149817,-0.215055,-0.059958,0.141784,0.295863,0.214181,-0.068399,-0.222635,-0.267840,-0.194791,-0.081537,-0.042839,0.052185,0.169565,0.484431,0.706176,0.950671,0.991496,0.920762,0.838097,0.784838,0.824841,0.985500,1.109429,1.250294,1.274478,1.194139,1.082638,0.848252,0.694992,0.465470,0.350164,0.204115,0.142720,0.073353,0.048111,0.022004,0.013633,0.005584,0.003287,0.001211,0.000680,0.000226,0.000122,0.000037,0.000019,0.000005,0.000003,0.000001,0.000000]
1.554930,1.000000,[0.000000,-0.007952,-0.087442,-0.032610,0.043838,0.117052,0.113105,-0.099455,-0.163643,0.018810,0.005835,-0.078886,0.084083,0.127748,-0.069482,-0.025949,0.209590,0.171496,-0.013470,-0.013266,0.031937,-0.027789,-0.050795,0.008241,0.049027,0.075342,0.096527,0.014045,-0.117747,-0.086910,0.046377,-0.004352,-0.198706,-0.183600,0.055628,0.133857,-0.049071,-0.170672,-0.065208,0.088613,0.108979,0.003318,-0.082634,-0.055608,-0.010479,-0.001934,0.049769,0.102114,0.065518,-0.056292,-0.209601,-0.177086,0.079592,0.251001,0.255179,0.090873,-0.183499,-0.264076,-0.220226,-0.140666,-0.054637,-0.022549,0.122057,0.289724,0.636589,0.832368,0.987517,0.970568,0.862754,0.797476,0.805004,0.884025,1.070096,1.182166,1.273017,1.257598,1.123264,0.991010,0.745212,0.597152,0.386203,0.285276,0.161325,0.111091,0.055584,0.035987,0.016065,0.009844,0.003944,0.002299,0.000830,0.000462,0.000151,0.000080,0.000024,0.000012,0.000003,0.000002,0.000000]
1.570796,1.000000,[0.000000,0.011122,-0.071290,-0.057525,-0.002464,0.091371,0.164970,-0.027796,-0.186676,-0.025094,0.034994,-0.086519,0.015785,0.145986,-0.007296,-0.072433,0.134179,0.204409,0.049308,-0.012456,0.027552,-0.010323,-0.051184,-0.013255,0.025929,0.063235,0.107441,0.055607,-0.080381,-0.106911,0.007642,0.030398,-0.125415,-0.214413,-0.056326,0.131620,0.054886,-0.153084,-0.144118,0.049920,0.125167,0.035325,-0.052115,-0.065848,-0.031729,-0.006742,0.013495,0.089258,0.114037,-0.012257,-0.154658,-0.204555,-0.072259,0.208070,0.294245,0.150940,-0.045160,-0.249477,-0.256496,-0.164331,-0.101898,-0.036162,0.013428,0.227165,0.434854,0.775207,0.922396,0.983143,0.924643,0.813713,0.781567,0.852954,0.960359,1.148833,1.236762,1.269015,1.215932,1.037278,0.891921,0.644974,0.506102,0.316554,0.229812,0.126223,0.085663,0.041763,0.026705,0.011645,0.007059,0.002768,0.001599,0.000566,0.000313,0.000100,0.000053,0.000015,0.000008,0.000002,0.000000]
1.586663,1.000000,[0.000000,0.027693,-0.053118,-0.067023,-0.030610,0.033335,0.172688,0.076368,-0.164994,-0.092025,0.036548,-0.069282,-0.032170,0.139288,0.039728,-0.096686,0.071169,0.213931,0.094963,-0.002388,0.030870,0.011579,-0.049329,-0.030316,0.010781,0.034586,0.100341,0.107956,-0.036488,-0.130922,-0.022277,0.062177,-0.076300,-0.218144,-0.117389,0.078251,0.093281,-0.071170,-0.166710,-0.046030,0.116276,0.091959,-0.032047,-0.065801,-0.040032,-0.024546,0.001769,0.051844,0.116275,0.078055,-0.113452,-0.218285,-0.126720,0.067749,0.283744,0.260575,0.016709,-0.158408,-0.262798,-0.217965,-0.118722,-0.080212,-0.009606,0.079011,0.362568,0.588597,0.883549,0.969445,0.947469,0.869014,0.785383,0.794629,0.922156,1.043965,1.212926,1.268013,1.239132,1.153015,0.941364,0.790061,0.550413,0.423421,0.256490,0.183166,0.097814,0.065466,0.031124,0.019667,0.008382,0.005029,0.001931,0.001105,0.000384,0.000210,0.000066,0.000035,0.000010,0.000005,0.000000]
1.602530,1.000000,[0.000000,0.037681,-0.023932,-0.068779,-0.052643,-0.010278,0.143454,0.141045,-0.102479,-0.125865,0.023622,-0.052161,-0.088500,0.110037,0.110691,-0.088154,-0.021130,0.192512,0.157468,0.019590,0.020569,0.029777,-0.030236,-0.043311,-0.006521,0.018455,0.070756,0.124021,0.039058,-0.114017,-0.088907,0.057409,0.014746,-0.193869,-0.204524,0.026285,0.129596,-0.023088,-0.156688,-0.091573,0.056173,0.109487,0.026765,-0.061855,-0.052357,-0.027643,-0.024699,0.032005,0.100931,0.102607,-0.006487,-0.197921,-0.215276,0.002838,0.197832,0.284458,0.164331,-0.109723,-0.226717,-0.236370,-0.170774,-0.090719,-0.066183,0.041078,0.180061,0.514716,0.731972,0.951183,0.974859,0.894756,0.818759,0.784567,0.835691,1.003448,1.124738,1.255912,1.273431,1.186162,1.073398,0.840450,0.689422,0.463516,0.349940,0.205561,0.144513,0.075108,0.049605,0.023016,0.014378,0.005994,0.003561,0.001339,0.000760,0.000259,0.000141,0.000043,0.000023,0.000006,0.000000]
1.618396,1.000000,[0.000000,0.039659,0.000112,-0.052668,-0.059860,-0.064713,0.097026,0.199335,-0.031539,-0.155076,-0.000304,-0.013220,-0.113268,0.039693,0.138824,-0.030776,-0.069164,0.124632,0.181424,0.066061,0.025777,0.036982,-0.012785,-0.042173,-0.020101,-0.004053,0.047558,0.123805,0.082531,-0.066940,-0.107990,0.010350,0.049339,-0.108510,-0.227466,-0.088809,0.117967,0.071973,-0.132468,-0.152460,0.015746,0.106663,0.053624,-0.026240,-0.057139,-0.038375,-0.028055,-0.010971,0.080974,0.131764,0.036811,-0.113891,-0.227099,-0.138805,0.142934,0.277325,0.213800,0.037116,-0.199475,-0.245936,-0.191547,-0.132507,-0.075505,-0.044111,0.125748,0.312642,0.665315,0.848002,0.975683,0.947064,0.840478,0.786163,0.812716,0.899441,1.086694,1.193666,1.274007,1.253032,1.114220,0.982049,0.738880,0.593162,0.385468,0.285879,0.163041,0.112920,0.057170,0.037280,0.016894,0.010438,0.004258,0.002506,0.000924,0.000520,0.000174,0.000094,0.000029,0.000015,0.000000]
1.634263,1.000000,[0.000000,0.037625,0.022232,-0.038793,-0.046620,-0.088721,0.011430,0.205328,0.074726,-0.141482,-0.047305,0.004322,-0.114957,-0.016009,0.145925,0.015840,-0.098834,0.067218,0.186753,0.097414,0.035109,0.049058,0.009341,-0.039653,-0.025582,-0.015374,0.006827,0.106534,0.134430,-0.018756,-0.127552,-0.021255,0.074176,-0.055466,-0.214374,-0.146432,0.049206,0.102130,-0.044472,-0.165680,-0.073389,0.090548,0.093216,-0.006474,-0.046289,-0.042184,-0.038401,-0.022510,0.029563,0.124688,0.116340,-0.065966,-0.202819,-0.182179,-0.010234,0.249025,0.284436,0.096914,-0.085191,-0.240334,-0.227489,-0.148740,-0.110381,-0.059549,0.001685,0.244933,0.464292,0.795999,0.925328,0.962358,0.899209,0.798448,0.779052,0.866459,0.977625,1.162255,1.243748,1.266056,1.208889,1.028120,0.883866,0.640222,0.503582,0.316774,0.230992,0.128043,0.087425,0.043154,0.027799,0.012311,0.007527,0.003007,0.001753,0.000634,0.000354,0.000116,0.000062,0.000018,0.000000]
1.650129,1.000000,[0.000000,0.028543,0.038321,-0.018242,-0.034896,-0.093738,-0.049998,0.167687,0.141866,-0.094060,-0.073206,0.020605,-0.103103,-0.090748,0.122899,0.091604,-0.094853,-0.018161,0.166326,0.141884,0.049955,0.049866,0.031570,-0.024712,-0.032241,-0.020257,-0.013397,0.060004,0.145176,0.064052,-0.106740,-0.090513,0.066445,0.035765,-0.181983,-0.220599,-0.006313,0.118811,0.001437,-0.138002,-0.112368,0.023360,0.102135,0.043513,-0.039283,-0.042319,-0.037892,-0.044953,0.007375,0.088376,0.132138,0.045689,-0.168993,-0.235098,-0.072668,0.129991,0.289855,0.221930,-0.030851,-0.174788,-0.237343,-0.191061,-0.120101,-0.100144,-0.026493,0.081338,0.389782,0.617484,0.892503,0.960123,0.922433,0.846242,0.778710,0.800155,0.938796,1.060605,1.222107,1.270462,1.233188,1.144561,0.932829,0.783304,0.547191,0.422174,0.257406,0.184704,0.099615,0.067093,0.032315,0.020574,0.008911,0.005393,0.002110,0.001219,0.000433,0.000239,0.000077,0.000040,0.000000]
1.665996,1.000000,[0.000000,0.018465,0.045624,-0.002185,-0.008872,-0.081170,-0.119283,0.109396,0.205599,-0.033946,-0.104638,0.019270,-0.059280,-0.129010,0.054749,0.124716,-0.043951,-0.063371,0.106731,0.155599,0.081118,0.058250,0.046630,-0.007747,-0.027809,-0.024796,-0.033303,0.027248,0.132406,0.107203,-0.050269,-0.107848,0.011036,0.068747,-0.086192,-0.234267,-0.120500,0.098255,0.083935,-0.108778,-0.154070,-0.016703,0.083140,0.064235,-0.003374,-0.042880,-0.037084,-0.045144,-0.037102,0.062307,0.137684,0.084600,-0.062426,-0.230341,-0.192778,0.067764,0.238466,0.257267,0.113168,-0.137087,-0.219352,-0.207362,-0.155840,-0.106353,-0.089056,0.036796,0.196219,0.544639,0.754008,0.947394,0.956150,0.870309,0.802095,0.786417,0.847400,1.020600,1.138820,1.260515,1.271840,1.178300,1.064494,0.833041,0.684147,0.461667,0.349727,0.206939,0.146230,0.076804,0.051059,0.024014,0.015118,0.006407,0.003839,0.001473,0.000844,0.000294,0.000162,0.000050,0.000000]
1.681863,1.000000,[0.000000,0.005731,0.048645,0.009006,0.004597,-0.038533,-0.145281,0.005246,0.213537,0.061059,-0.099814,-0.002074,-0.028963,-0.147763,-0.003964,0.140954,-0.000809,-0.093502,0.056841,0.154690,0.098629,0.067109,0.064569,0.012507,-0.023716,-0.017510,-0.039419,-0.022851,0.105199,0.155389,0.000785,-0.121166,-0.021853,0.084380,-0.030476,-0.203445,-0.172574,0.016594,0.104953,-0.019000,-0.158405,-0.095245,0.061666,0.086770,0.014274,-0.025464,-0.036760,-0.044944,-0.046350,0.000983,0.120991,0.145743,-0.011522,-0.169922,-0.221720,-0.085632,0.195103,0.284579,0.166327,-0.008528,-0.202206,-0.222817,-0.170605,-0.133536,-0.098067,-0.061300,0.135860,0.338589,0.691126,0.859052,0.960975,0.923269,0.820657,0.777502,0.821704,0.914895,1.102149,1.203952,1.274296,1.248234,1.105458,0.973478,0.732878,0.589384,0.384770,0.286452,0.164682,0.114679,0.058710,0.038545,0.017714,0.011032,0.004577,0.002717,0.001022,0.000580,0.000199,0.000106,0.000000]
1.697729,1.000000,[0.000000,-0.005858,0.043987,0.019840,0.014898,-0.006231,-0.141172,-0.070013,0.177693,0.122729,-0.073072,-0.016155,0.013565,-0.141510,-0.089609,0.123139,0.073277,-0.092196,-0.017366,0.134705,0.124908,0.075280,0.073931,0.036395,-0.012800,-0.016945,-0.030633,-0.045061,0.043286,0.159410,0.088008,-0.096529,-0.091737,0.073059,0.057720,-0.163218,-0.230519,-0.040509,0.101732,0.022901,-0.115947,-0.126739,-0.007867,0.087931,0.052743,-0.017363,-0.027343,-0.040349,-0.060065,-0.021364,0.065304,0.150857,0.095407,-0.125242,-0.234923,-0.140648,0.053361,0.271656,0.259721,0.047179,-0.112208,-0.223162,-0.200480,-0.142622,-0.125174,-0.080168,-0.003726,0.267006,0.493777,0.812469,0.924041,0.940468,0.874979,0.785893,0.778704,0.880377,0.994291,1.174442,1.249699,1.262719,1.201872,1.019331,0.876194,0.635721,0.501193,0.316983,0.232117,0.129790,0.089126,0.044512,0.028874,0.012975,0.007997,0.003250,0.001912,0.000705,0.000399,0.000130,0.000000]
1.713596,1.000000,[0.000000,-0.016262,0.035797,0.023551,0.017632,0.039502,-0.113390,-0.154187,0.117166,0.186441,-0.030372,-0.045392,0.033714,-0.096176,-0.136288,0.059511,0.106858,-0.048181,-0.056610,0.083554,0.128342,0.092598,0.084012,0.055873,0.002954,-0.008594,-0.025361,-0.059811,0.002964,0.133028,0.128754,-0.031294,-0.106647,0.009651,0.087662,-0.059326,-0.233928,-0.149531,0.073248,0.089840,-0.083585,-0.149285,-0.045669,0.056464,0.066921,0.014580,-0.025267,-0.028583,-0.055842,-0.061702,0.034881,0.130692,0.126527,-0.004757,-0.214017,-0.229774,-0.011048,0.181399,0.278565,0.177437,-0.067036,-0.178681,-0.210875,-0.171189,-0.129294,-0.122024,-0.037727,0.089838,0.418394,0.643920,0.896975,0.947800,0.897945,0.825640,0.774462,0.807101,0.955117,1.076248,1.230158,1.272147,1.227152,1.136317,0.924683,0.776884,0.544139,0.420991,0.258279,0.186174,0.101350,0.068670,0.033482,0.021470,0.009440,0.005759,0.002295,0.001337,0.000487,0.000263,0.000000]
1.729463,1.000000,[0.000000,-0.023756,0.024080,0.028922,0.006922,0.059280,-0.044328,-0.185291,0.007379,0.196498,0.042845,-0.048198,0.038957,-0.056509,-0.167453,0.001566,0.127123,-0.010462,-0.083233,0.042229,0.120386,0.097445,0.092293,0.076924,0.019433,-0.002788,-0.005024,-0.059223,-0.053133,0.096515,0.170169,0.021172,-0.112209,-0.024096,0.092209,-0.002422,-0.185416,-0.194097,-0.017954,0.101318,0.003615,-0.145697,-0.110742,0.031636,0.073686,0.028731,-0.005762,-0.025061,-0.043506,-0.066726,-0.030893,0.105034,0.163131,0.045030,-0.122415,-0.242132,-0.152225,0.126849,0.261702,0.219979,0.065851,-0.151243,-0.204226,-0.183413,-0.149757,-0.125952,-0.109657,0.038946,0.216736,0.573179,0.772101,0.939984,0.936059,0.847634,0.787973,0.790050,0.859718,1.036922,1.151749,1.264221,1.269787,1.170565,1.055910,0.825993,0.679140,0.459913,0.349525,0.208255,0.147878,0.078445,0.052474,0.024996,0.015852,0.006823,0.004124,0.001609,0.000936,0.000322,0.000000]
1.745329,1.000000,[0.000000,-0.028302,0.009457,0.032130,0.002453,0.065127,0.008895,-0.180040,-0.073729,0.168708,0.091976,-0.043448,0.037869,0.007029,-0.165325,-0.087777,0.112872,0.056997,-0.082956,-0.018256,0.100733,0.106644,0.094272,0.092303,0.042810,0.003635,0.002857,-0.035756,-0.074905,0.021377,0.166426,0.109896,-0.084013,-0.092558,0.076826,0.079487,-0.138091,-0.233263,-0.074459,0.079055,0.039922,-0.092106,-0.134335,-0.035749,0.068373,0.054303,0.001629,-0.009711,-0.035010,-0.068008,-0.050999,0.033680,0.156529,0.138016,-0.070436,-0.214868,-0.195539,-0.025565,0.232000,0.275362,0.118575,-0.043642,-0.194790,-0.198424,-0.158024,-0.142074,-0.120175,-0.073358,0.151278,0.366237,0.713572,0.865821,0.944119,0.899683,0.803254,0.771229,0.831681,0.930232,1.116508,1.213128,1.273980,1.243255,1.096969,0.965269,0.727179,0.585798,0.384108,0.286998,0.166254,0.116372,0.060207,0.039781,0.018527,0.011624,0.004902,0.002931,0.001130,0.000624,0.000000]
1.761196,1.000000,[0.000000,-0.028485,-0.006136,0.032424,-0.009576,0.056059,0.078256,-0.143979,-0.166995,0.113646,0.148923,-0.021145,0.013718,0.045089,-0.120050,-0.137533,0.054736,0.087452,-0.045606,-0.049615,0.057936,0.100676,0.099464,0.102655,0.063767,0.017189,0.014671,-0.020342,-0.081700,-0.024151,0.125910,0.146391,-0.010982,-0.104515,0.006186,0.105036,-0.029042,-0.225913,-0.174113,0.044127,0.089196,-0.058568,-0.138920,-0.069718,0.028659,0.062104,0.026245,-0.006742,-0.014358,-0.058731,-0.081737,0.001270,0.110963,0.158513,0.054027,-0.179581,-0.246877,-0.086920,0.111239,0.276691,0.225353,0.005440,-0.126835,-0.201795,-0.177932,-0.144876,-0.144015,-0.096781,-0.003062,0.292031,0.522309,0.824710,0.919128,0.918067,0.852200,0.775836,0.780216,0.894508,1.010301,1.185485,1.254723,1.259071,1.194903,1.010888,0.868876,0.631449,0.498925,0.317182,0.233191,0.131469,0.090770,0.045837,0.029931,0.013635,0.008470,0.003495,0.002089,0.000755,0.000000]
