t,c,u
0.000000,1.000000,[0.000000,0.000000,0.000000,0.000000,0.000000,0.000000,0.000000,0.000000,0.000000,0.000000,0.000000,0.000000,0.000000,0.000000,0.000000,0.000000,1.000000,1.000000,1.000000,1.000000,1.000000,1.000000,1.000000,1.000000,1.000000,1.000000,1.000000,1.000000,1.000000,1.000000,1.000000,1.000000,0.000000,0.000000,0.000000,0.000000,0.000000,0.000000,0.000000,0.000000,0.000000,0.000000,0.000000,0.000000,0.000000,0.000000,0.000000,0.000000,0.000000,0.000000,0.000000,0.000000,0.000000,0.000000,0.000000,0.000000,0.000000,0.000000,0.000000,0.000000,0.000000,0.000000,0.000000,0.000000,0.000000,0.000000,0.000000,0.000000,0.000000,0.000000,0.000000,0.000000,0.000000,0.000000,0.000000,0.000000,0.000000,0.000000,0.000000,0.000000,0.000000,0.000000,0.000000,0.000000,0.000000,0.000000,0.000000,0.000000,0.000000,0.000000,0.000000,0.000000,0.000000,0.000000,0.000000,0.000000,0.000000,0.000000,0.000000,0.000000]
0.015867,1.000000,[0.000000,0.000000,0.000000,0.000000,0.000000,0.000000,0.000000,0.000000,0.000000,0.000000,0.000000,0.000000,0.000000,0.000000,0.000000,0.000000,0.500000,1.000000,1.000000,1.000000,1.000000,1.000000,1.000000,1.000000,1.000000,1.000000,1.000000,1.000000,1.000000,1.000000,1.000000,1.000000,0.500000,0.000000,0.000000,0.000000,0.000000,0.000000,0.000000,0.000000,0.000000,0.000000,0.000000,0.000000,0.000000,0.000000,0.000000,0.000000,0.000000,0.000000,0.000000,0.000000,0.000000,0.000000,0.000000,0.000000,0.000000,0.000000,0.000000,0.000000,0.000000,0.000000,0.000000,0.000000,0.000000,0.000000,0.000000,0.000000,0.000000,0.000000,0.000000,0.000000,0.000000,0.000000,0.000000,0.000000,0.000000,0.000000,0.000000,0.000000,0.000000,0.000000,0.000000,0.000000,0.000000,0.000000,0.000000,0.000000,0.000000,0.000000,0.000000,0.000000,0.000000,0.000000,0.000000,0.000000,0.000000,0.000000,0.000000,0.000000]
0.031733,1.000000,[0.000000,0.000000,0.000000,0.000000,0.000000,0.000000,0.000000,0.000000,0.000000,0.000000,0.000000,0.000000,0.000000,0.000000,0.000000,0.000000,0.250000,0.750000,1.000000,1.000000,1.000000,1.000000,1.000000,1.000000,1.000000,1.000000,1.000000,1.000000,1.000000,1.000000,1.000000,1.000000,0.750000,0.250000,0.000000,0.000000,0.000000,0.000000,0.000000,0.000000,0.000000,0.000000,0.000000,0.000000,0.000000,0.000000,0.000000,0.000000,0.000000,0.000000,0.000000,0.000000,0.000000,0.000000,0.000000,0.000000,0.000000,0.000000,0.000000,0.000000,0.000000,0.000000,0.000000,0.000000,0.000000,0.000000,0.000000,0.000000,0.000000,0.000000,0.000000,0.000000,0.000000,0.000000,0.000000,0.000000,0.000000,0.000000,0.000000,0.000000,0.000000,0.000000,0.000000,0.000000,0.000000,0.000000,0.000000,0.000000,0.000000,0.000000,0.000000,0.000000,0.000000,0.000000,0.000000,0.000000,0.000000,0.000000,0.000000,0.000000]
0.047600,1.000000,[0.000000,0.000000,0.000000,0.000000,0.000000,0.000000,0.000000,0.000000,0.000000,0.000000,0.000000,0.000000,0.000000,0.000000,0.000000,0.000000,0.125000,0.500000,0.875000,1.000000,1.000000,1.000000,1.000000,1.000000,1.000000,1.000000,1.000000,1.000000,1.000000,1.000000,1.000000,1.000000,0.875000,0.500000,0.125000,0.000000,0.000000,0.000000,0.000000,0.000000,0.000000,0.000000,0.000000,0.000000,0.000000,0.000000,0.000000,0.000000,0.000000,0.000000,0.000000,0.000000,0.000000,0.000000,0.000000,0.000000,0.000000,0.000000,0.000000,0.000000,0.000000,0.000000,0.000000,0.000000,0.000000,0.000000,0.000000,0.000000,0.000000,0.000000,0.000000,0.000000,0.000000,0.000000,0.000000,0.000000,0.000000,0.000000,0.000000,0.000000,0.000000,0.000000,0.000000,0.000000,0.000000,0.000000,0.000000,0.000000,0.000000,0.000000,0.000000,0.000000,0.000000,0.000000,0.000000,0.000000,0.000000,0.000000,0.000000,0.000000]
0.063467,1.000000,[0.000000,0.000000,0.000000,0.000000,0.000000,0.000000,0.000000,0.000000,0.000000,0.000000,0.000000,0.000000,0.000000,0.000000,0.000000,0.000000,0.062500,0.312500,0.687500,0.937500,1.000000,1.000000,1.000000,1.000000,1.000000,1.000000,1.000000,1.000000,1.000000,1.000000,1.000000,1.000000,0.937500,0.687500,0.312500,0.062500,0.000000,0.000000,0.000000,0.000000,0.000000,0.000000,0.000000,0.000000,0.000000,0.000000,0.000000,0.000000,0.000000,0.000000,0.000000,0.000000,0.000000,0.000000,0.000000,0.000000,0.000000,0.000000,0.000000,0.000000,0.000000,0.000000,0.000000,0.000000,0.000000,0.000000,0.000000,0.000000,0.000000,0.000000,0.000000,0.000000,0.000000,0.000000,0.000000,0.000000,0.000000,0.000000,0.000000,0.000000,0.000000,0.000000,0.000000,0.000000,0.000000,0.000000,0.000000,0.000000,0.000000,0.000000,0.000000,0.000000,0.000000,0.000000,0.000000,0.000000,0.000000,0.000000,0.000000,0.000000]
0.079333,1.000000,[0.000000,0.000000,0.000000,0.000000,0.000000,0.000000,0.000000,0.000000,0.000000,0.000000,0.000000,0.000000,0.000000,0.000000,0.000000,0.000000,0.031250,0.187500,0.500000,0.812500,0.968750,1.000000,1.000000,1.000000,1.000000,1.000000,1.000000,1.000000,1.000000,1.000000,1.000000,1.000000,0.968750,0.812500,0.500000,0.187500,0.031250,0.000000,0.000000,0.000000,0.000000,0.000000,0.000000,0.000000,0.000000,0.000000,0.000000,0.000000,0.000000,0.000000,0.000000,0.000000,0.000000,0.000000,0.000000,0.000000,0.000000,0.000000,0.000000,0.000000,0.000000,0.000000,0.000000,0.000000,0.000000,0.000000,0.000000,0.000000,0.000000,0.000000,0.000000,0.000000,0.000000,0.000000,0.000000,0.000000,0.000000,0.000000,0.000000,0.000000,0.000000,0.000000,0.000000,0.000000,0.000000,0.000000,0.000000,0.000000,0.000000,0.000000,0.000000,0.000000,0.000000,0.000000,0.000000,0.000000,0.000000,0.000000,0.000000,0.000000]
0.095200,1.000000,[0.000000,0.000000,0.000000,0.000000,0.000000,0.000000,0.000000,0.000000,0.000000,0.000000,0.000000,0.000000,0.000000,0.000000,0.000000,0.000000,0.015625,0.109375,0.343750,0.656250,0.890625,0.984375,1.000000,1.000000,1.000000,1.000000,1.000000,1.000000,1.000000,1.000000,1.000000,1.000000,0.984375,0.890625,0.656250,0.343750,0.109375,0.015625,0.000000,0.000000,0.000000,0.000000,0.000000,0.000000,0.000000,0.000000,0.000000,0.000000,0.000000,0.000000,0.000000,0.000000,0.000000,0.000000,0.000000,0.000000,0.000000,0.000000,0.000000,0.000000,0.000000,0.000000,0.000000,0.000000,0.000000,0.000000,0.000000,0.000000,0.000000,0.000000,0.000000,0.000000,0.000000,0.000000,0.000000,0.000000,0.000000,0.000000,0.000000,0.000000,0.000000,0.000000,0.000000,0.000000,0.000000,0.000000,0.000000,0.000000,0.000000,0.000000,0.000000,0.000000,0.000000,0.000000,0.000000,0.000000,0.000000,0.000000,0.000000,0.000000]
0.111066,1.000000,[0.000000,0.000000,0.000000,0.000000,0.000000,0.000000,0.000000,0.000000,0.000000,0.000000,0.000000,0.000000,0.000000,0.000000,0.000000,0.000000,0.007812,0.062500,0.226562,0.500000,0.773438,0.937500,0.992188,1.000000,1.000000,1.000000,1.000000,1.000000,1.000000,1.000000,1.000000,1.000000,0.992188,0.937500,0.773438,0.500000,0.226562,0.062500,0.007812,0.000000,0.000000,0.000000,0.000000,0.000000,0.000000,0.000000,0.000000,0.000000,0.000000,0.000000,0.000000,0.000000,0.000000,0.000000,0.000000,0.000000,0.000000,0.000000,0.000000,0.000000,0.000000,0.000000,0.000000,0.000000,0.000000,0.000000,0.000000,0.000000,0.000000,0.000000,0.000000,0.000000,0.000000,0.000000,0.000000,0.000000,0.000000,0.000000,0.000000,0.000000,0.000000,0.000000,0.000000,0.000000,0.000000,0.000000,0.000000,0.000000,0.000000,0.000000,0.000000,0.000000,0.000000,0.000000,0.000000,0.000000,0.000000,0.000000,0.000000,0.000000]
0.126933,1.000000,[0.000000,0.000000,0.000000,0.000000,0.000000,0.000000,0.000000,0.000000,0.000000,0.000000,0.000000,0.000000,0.000000,0.000000,0.000000,0.000000,0.003906,0.035156,0.144531,0.363281,0.636719,0.855469,0.964844,0.996094,1.000000,1.000000,1.000000,1.000000,1.000000,1.000000,1.000000,1.000000,0.996094,0.964844,0.855469,0.636719,0.363281,0.144531,0.035156,0.003906,0.000000,0.000000,0.000000,0.000000,0.000000,0.000000,0.000000,0.000000,0.000000,0.000000,0.000000,0.000000,0.000000,0.000000,0.000000,0.000000,0.000000,0.000000,0.000000,0.000000,0.000000,0.000000,0.000000,0.000000,0.000000,0.000000,0.000000,0.000000,0.000000,0.000000,0.000000,0.000000,0.000000,0.000000,0.000000,0.000000,0.000000,0.000000,0.000000,0.000000,0.000000,0.000000,0.000000,0.000000,0.000000,0.000000,0.000000,0.000000,0.000000,0.000000,0.000000,0.000000,0.000000,0.000000,0.000000,0.000000,0.000000,0.000000,0.000000,0.000000]
0.142800,1.000000,[0.000000,0.000000,0.000000,0.000000,0.000000,0.000000,0.000000,0.000000,0.000000,0.000000,0.000000,0.000000,0.000000,0.000000,0.000000,0.000000,0.001953,0.019531,0.089844,0.253906,0.500000,0.746094,0.910156,0.980469,0.998047,1.000000,1.000000,1.000000,1.000000,1.000000,1.000000,1.000000,0.998047,0.980469,0.910156,0.746094,0.500000,0.253906,0.089844,0.019531,0.001953,0.000000,0.000000,0.000000,0.000000,0.000000,0.000000,0.000000,0.000000,0.000000,0.000000,0.000000,0.000000,0.000000,0.000000,0.000000,0.000000,0.000000,0.000000,0.000000,0.000000,0.000000,0.000000,0.000000,0.000000,0.000000,0.000000,0.000000,0.000000,0.000000,0.000000,0.000000,0.000000,0.000000,0.000000,0.000000,0.000000,0.000000,0.000000,0.000000,0.000000,0.000000,0.000000,0.000000,0.000000,0.000000,0.000000,0.000000,0.000000,0.000000,0.000000,0.000000,0.000000,0.000000,0.000000,0.000000,0.000000,0.000000,0.000000,0.000000]
0.158666,1.000000,[0.000000,0.000000,0.000000,0.000000,0.000000,0.000000,0.000000,0.000000,0.000000,0.000000,0.000000,0.000000,0.000000,0.000000,0.000000,0.000000,0.000977,0.010742,0.054688,0.171875,0.376953,0.623047,0.828125,0.945312,0.989258,0.999023,1.000000,1.000000,1.000000,1.000000,1.000000,1.000000,0.999023,0.989258,0.945312,0.828125,0.623047,0.376953,0.171875,0.054688,0.010742,0.000977,0.000000,0.000000,0.000000,0.000000,0.000000,0.000000,0.000000,0.000000,0.000000,0.000000,0.000000,0.000000,0.000000,0.000000,0.000000,0.000000,0.000000,0.000000,0.000000,0.000000,0.000000,0.000000,0.000000,0.000000,0.000000,0.000000,0.000000,0.000000,0.000000,0.000000,0.000000,0.000000,0.000000,0.000000,0.000000,0.000000,0.000000,0.000000,0.000000,0.000000,0.000000,0.000000,0.000000,0.000000,0.000000,0.000000,0.000000,0.000000,0.000000,0.000000,0.000000,0.000000,0.000000,0.000000,0.000000,0.000000,0.000000,0.000000]
0.174533,1.000000,[0.000000,0.000000,0.000000,0.000000,0.000000,0.000000,0.000000,0.000000,0.000000,0.000000,0.000000,0.000000,0.000000,0.000000,0.000000,0.000000,0.000488,0.005859,0.032715,0.113281,0.274414,0.500000,0.725586,0.886719,0.967285,0.994141,0.999512,1.000000,1.000000,1.000000,1.000000,1.000000,0.999512,0.994141,0.967285,0.886719,0.725586,0.500000,0.274414,0.113281,0.032715,0.005859,0.000488,0.000000,0.000000,0.000000,0.000000,0.000000,0.000000,0.000000,0.000000,0.000000,0.000000,0.000000,0.000000,0.000000,0.000000,0.000000,0.000000,0.000000,0.000000,0.000000,0.000000,0.000000,0.000000,0.000000,0.000000,0.000000,0.000000,0.000000,0.000000,0.000000,0.000000,0.000000,0.000000,0.000000,0.000000,0.000000,0.000000,0.000000,0.000000,0.000000,0.000000,0.000000,0.000000,0.000000,0.000000,0.000000,0.000000,0.000000,0.000000,0.000000,0.000000,0.000000,0.000000,0.000000,0.000000,0.000000,0.000000,0.000000]
0.190400,1.000000,[0.000000,0.000000,0.000000,0.000000,0.000000,0.000000,0.000000,0.000000,0.000000,0.000000,0.000000,0.000000,0.000000,0.000000,0.000000,0.000000,0.000244,0.003174,0.019287,0.072998,0.193848,0.387207,0.612793,0.806152,0.927002,0.980713,0.996826,0.999756,1.000000,1.000000,1.000000,1.000000,0.999756,0.996826,0.980713,0.927002,0.806152,0.612793,0.387207,0.193848,0.072998,0.019287,0.003174,0.000244,0.000000,0.000000,0.000000,0.000000,0.000000,0.000000,0.000000,0.000000,0.000000,0.000000,0.000000,0.000000,0.000000,0.000000,0.000000,0.000000,0.000000,0.000000,0.000000,0.000000,0.000000,0.000000,0.000000,0.000000,0.000000,0.000000,0.000000,0.000000,0.000000,0.000000,0.000000,0.000000,0.000000,0.000000,0.000000,0.000000,0.000000,0.000000,0.000000,0.000000,0.000000,0.000000,0.000000,0.000000,0.000000,0.000000,0.000000,0.000000,0.000000,0.000000,0.000000,0.000000,0.000000,0.000000,0.000000,0.000000]
0.206266,1.000000,[0.000000,0.000000,0.000000,0.000000,0.000000,0.000000,0.000000,0.000000,0.000000,0.000000,0.000000,0.000000,0.000000,0.000000,0.000000,0.000000,0.000122,0.001709,0.011230,0.046143,0.133423,0.290527,0.500000,0.709473,0.866577,0.953857,0.988770,0.998291,0.999878,1.000000,1.000000,1.000000,0.999878,0.998291,0.988770,0.953857,0.866577,0.709473,0.500000,0.290527,0.133423,0.046143,0.011230,0.001709,0.000122,0.000000,0.000000,0.000000,0.000000,0.000000,0.000000,0.000000,0.000000,0.000000,0.000000,0.000000,0.000000,0.000000,0.000000,0.000000,0.000000,0.000000,0.000000,0.000000,0.000000,0.000000,0.000000,0.000000,0.000000,0.000000,0.000000,0.000000,0.000000,0.000000,0.000000,0.000000,0.000000,0.000000,0.000000,0.000000,0.000000,0.000000,0.000000,0.000000,0.000000,0.000000,0.000000,0.000000,0.000000,0.000000,0.000000,0.000000,0.000000,0.000000,0.000000,0.000000,0.000000,0.000000,0.000000,0.000000]
0.222133,1.000000,[0.000000,0.000000,0.000000,0.000000,0.000000,0.000000,0.000000,0.000000,0.000000,0.000000,0.000000,0.000000,0.000000,0.000000,0.000000,0.000000,0.000061,0.000916,0.006470,0.028687,0.089783,0.211975,0.395264,0.604736,0.788025,0.910217,0.971313,0.993530,0.999084,0.999939,1.000000,1.000000,0.999939,0.999084,0.993530,0.971313,0.910217,0.788025,0.604736,0.395264,0.211975,0.089783,0.028687,0.006470,0.000916,0.000061,0.000000,0.000000,0.000000,0.000000,0.000000,0.000000,0.000000,0.000000,0.000000,0.000000,0.000000,0.000000,0.000000,0.000000,0.000000,0.000000,0.000000,0.000000,0.000000,0.000000,0.000000,0.000000,0.000000,0.000000,0.000000,0.000000,0.000000,0.000000,0.000000,0.000000,0.000000,0.000000,0.000000,0.000000,0.000000,0.000000,0.000000,0.000000,0.000000,0.000000,0.000000,0.000000,0.000000,0.000000,0.000000,0.000000,0.000000,0.000000,0.000000,0.000000,0.000000,0.000000,0.000000,0.000000]
0.237999,1.000000,[0.000000,0.000000,0.000000,0.000000,0.000000,0.000000,0.000000,0.000000,0.000000,0.000000,0.000000,0.000000,0.000000,0.000000,0.000000,0.000000,0.000031,0.000488,0.003693,0.017578,0.059235,0.150879,0.303619,0.500000,0.696381,0.849121,0.940765,0.982422,0.996307,0.999512,0.999969,1.000000,0.999969,0.999512,0.996307,0.982422,0.940765,0.849121,0.696381,0.500000,0.303619,0.150879,0.059235,0.017578,0.003693,0.000488,0.000031,0.000000,0.000000,0.000000,0.000000,0.000000,0.000000,0.000000,0.000000,0.000000,0.000000,0.000000,0.000000,0.000000,0.000000,0.000000,0.000000,0.000000,0.000000,0.000000,0.000000,0.000000,0.000000,0.000000,0.000000,0.000000,0.000000,0.000000,0.000000,0.000000,0.000000,0.000000,0.000000,0.000000,0.000000,0.000000,0.000000,0.000000,0.000000,0.000000,0.000000,0.000000,0.000000,0.000000,0.000000,0.000000,0.000000,0.000000,0.000000,0.000000,0.000000,0.000000,0.000000,0.000000]
0.253866,1.000000,[0.000000,0.000000,0.000000,0.000000,0.000000,0.000000,0.000000,0.000000,0.000000,0.000000,0.000000,0.000000,0.000000,0.000000,0.000000,0.000000,0.000015,0.000259,0.002090,0.010635,0.038406,0.105057,0.227249,0.401810,0.598190,0.772751,0.894943,0.961594,0.989365,0.997910,0.999741,0.999985,0.999985,0.999741,0.997910,0.989365,0.961594,0.894943,0.772751,0.598190,0.401810,0.227249,0.105057,0.038406,0.010635,0.002090,0.000259,0.000015,0.000000,0.000000,0.000000,0.000000,0.000000,0.000000,0.000000,0.000000,0.000000,0.000000,0.000000,0.000000,0.000000,0.000000,0.000000,0.000000,0.000000,0.000000,0.000000,0.000000,0.000000,0.000000,0.000000,0.000000,0.000000,0.000000,0.000000,0.000000,0.000000,0.000000,0.000000,0.000000,0.000000,0.000000,0.000000,0.000000,0.000000,0.000000,0.000000,0.000000,0.000000,0.000000,0.000000,0.000000,0.000000,0.000000,0.000000,0.000000,0.000000,0.000000,0.000000,0.000000]
0.269733,1.000000,[0.000000,0.000000,0.000000,0.000000,0.000000,0.000000,0.000000,0.000000,0.000000,0.000000,0.000000,0.000000,0.000000,0.000000,0.000000,0.000000,0.000008,0.000137,0.001175,0.006363,0.024521,0.071732,0.166153,0.314529,0.500000,0.685471,0.833847,0.928268,0.975479,0.993637,0.998825,0.999863,0.999985,0.999863,0.998825,0.993637,0.975479,0.928268,0.833847,0.685471,0.500000,0.314529,0.166153,0.071732,0.024521,0.006363,0.001175,0.000137,0.000008,0.000000,0.000000,0.000000,0.000000,0.000000,0.000000,0.000000,0.000000,0.000000,0.000000,0.000000,0.000000,0.000000,0.000000,0.000000,0.000000,0.000000,0.000000,0.000000,0.000000,0.000000,0.000000,0.000000,0.000000,0.000000,0.000000,0.000000,0.000000,0.000000,0.000000,0.000000,0.000000,0.000000,0.000000,0.000000,0.000000,0.000000,0.000000,0.000000,0.000000,0.000000,0.000000,0.000000,0.000000,0.000000,0.000000,0.000000,0.000000,0.000000,0.000000,0.000000]
0.285599,1.000000,[0.000000,0.000000,0.000000,0.000000,0.000000,0.000000,0.000000,0.000000,0.000000,0.000000,0.000000,0.000000,0.000000,0.000000,0.000000,0.000000,0.000004,0.000072,0.000656,0.003769,0.015442,0.048126,0.118942,0.240341,0.407265,0.592735,0.759659,0.881058,0.951874,0.984558,0.996231,0.999344,0.999924,0.999924,0.999344,0.996231,0.984558,0.951874,0.881058,0.759659,0.592735,0.407265,0.240341,0.118942,0.048126,0.015442,0.003769,0.000656,0.000072,0.000004,0.000000,0.000000,0.000000,0.000000,0.000000,0.000000,0.000000,0.000000,0.000000,0.000000,0.000000,0.000000,0.000000,0.000000,0.000000,0.000000,0.000000,0.000000,0.000000,0.000000,0.000000,0.000000,0.000000,0.000000,0.000000,0.000000,0.000000,0.000000,0.000000,0.000000,0.000000,0.000000,0.000000,0.000000,0.000000,0.000000,0.000000,0.000000,0.000000,0.000000,0.000000,0.000000,0.000000,0.000000,0.000000,0.000000,0.000000,0.000000,0.000000,0.000000]
0.301466,1.000000,[0.000000,0.000000,0.000000,0.000000,0.000000,0.000000,0.000000,0.000000,0.000000,0.000000,0.000000,0.000000,0.000000,0.000000,0.000000,0.000000,0.000002,0.000038,0.000364,0.002213,0.009605,0.031784,0.083534,0.179642,0.323803,0.500000,0.676197,0.820358,0.916466,0.968216,0.990395,0.997787,0.999634,0.999924,0.999634,0.997787,0.990395,0.968216,0.916466,0.820358,0.676197,0.500000,0.323803,0.179642,0.083534,0.031784,0.009605,0.002213,0.000364,0.000038,0.000002,0.000000,0.000000,0.000000,0.000000,0.000000,0.000000,0.000000,0.000000,0.000000,0.000000,0.000000,0.000000,0.000000,0.000000,0.000000,0.000000,0.000000,0.000000,0.000000,0.000000,0.000000,0.000000,0.000000,0.000000,0.000000,0.000000,0.000000,0.000000,0.000000,0.000000,0.000000,0.000000,0.000000,0.000000,0.000000,0.000000,0.000000,0.000000,0.000000,0.000000,0.000000,0.000000,0.000000,0.000000,0.000000,0.000000,0.000000,0.000000,0.000000]
0.317333,1.000000,[0.000000,0.000000,0.000000,0.000000,0.000000,0.000000,0.000000,0.000000,0.000000,0.000000,0.000000,0.000000,0.000000,0.000000,0.000000,0.000000,0.000001,0.000020,0.000201,0.001288,0.005909,0.020695,0.057659,0.131588,0.251722,0.411901,0.588099,0.748278,0.868412,0.942341,0.979305,0.994091,0.998711,0.999779,0.999779,0.998711,0.994091,0.979305,0.942341,0.868412,0.748278,0.588099,0.411901,0.251722,0.131588,0.057659,0.020695,0.005909,0.001288,0.000201,0.000020,0.000001,0.000000,0.000000,0.000000,0.000000,0.000000,0.000000,0.000000,0.000000,0.000000,0.000000,0.000000,0.000000,0.000000,0.000000,0.000000,0.000000,0.000000,0.000000,0.000000,0.000000,0.000000,0.000000,0.000000,0.000000,0.000000,0.000000,0.000000,0.000000,0.000000,0.000000,0.000000,0.000000,0.000000,0.000000,0.000000,0.000000,0.000000,0.000000,0.000000,0.000000,0.000000,0.000000,0.000000,0.000000,0.000000,0.000000,0.000000,0.000000]
0.333199,1.000000,[0.000000,0.000000,0.000000,0.000000,0.000000,0.000000,0.000000,0.000000,0.000000,0.000000,0.000000,0.000000,0.000000,0.000000,0.000000,0.000000,0.000000,0.000010,0.000111,0.000745,0.003599,0.013302,0.039177,0.094624,0.191655,0.331812,0.500000,0.668188,0.808345,0.905376,0.960823,0.986698,0.996401,0.999245,0.999779,0.999245,0.996401,0.986698,0.960823,0.905376,0.808345,0.668188,0.500000,0.331812,0.191655,0.094624,0.039177,0.013302,0.003599,0.000745,0.000111,0.000010,0.000000,0.000000,0.000000,0.000000,0.000000,0.000000,0.000000,0.000000,0.000000,0.000000,0.000000,0.000000,0.000000,0.000000,0.000000,0.000000,0.000000,0.000000,0.000000,0.000000,0.000000,0.000000,0.000000,0.000000,0.000000,0.000000,0.000000,0.000000,0.000000,0.000000,0.000000,0.000000,0.000000,0.000000,0.000000,0.000000,0.000000,0.000000,0.000000,0.000000,0.000000,0.000000,0.000000,0.000000,0.000000,0.000000,0.000000,0.000000]
0.349066,1.000000,[0.000000,0.000000,0.000000,0.000000,0.000000,0.000000,0.000000,0.000000,0.000000,0.000000,0.000000,0.000000,0.000000,0.000000,0.000000,0.000000,0.000000,0.000005,0.000061,0.000428,0.002172,0.008450,0.026239,0.066900,0.143139,0.261734,0.415906,0.584094,0.738266,0.856861,0.933100,0.973761,0.991549,0.997823,0.999512,0.999512,0.997823,0.991549,0.973761,0.933100,0.856861,0.738266,0.584094,0.415906,0.261734,0.143139,0.066900,0.026239,0.008450,0.002172,0.000428,0.000061,0.000005,0.000000,0.000000,0.000000,0.000000,0.000000,0.000000,0.000000,0.000000,0.000000,0.000000,0.000000,0.000000,0.000000,0.000000,0.000000,0.000000,0.000000,0.000000,0.000000,0.000000,0.000000,0.000000,0.000000,0.000000,0.000000,0.000000,0.000000,0.000000,0.000000,0.000000,0.000000,0.000000,0.000000,0.000000,0.000000,0.000000,0.000000,0.000000,0.000000,0.000000,0.000000,0.000000,0.000000,0.000000,0.000000,0.000000,0.000000]
0.364932,1.000000,[0.000000,0.000000,0.000000,0.000000,0.000000,0.000000,0.000000,0.000000,0.000000,0.000000,0.000000,0.000000,0.000000,0.000000,0.000000,0.000000,0.000000,0.000003,0.000033,0.000244,0.001300,0.005311,0.017345,0.046570,0.105020,0.202436,0.338820,0.500000,0.661180,0.797564,0.894980,0.953430,0.982655,0.994686,0.998667,0.999512,0.998667,0.994686,0.982655,0.953430,0.894980,0.797564,0.661180,0.500000,0.338820,0.202436,0.105020,0.046570,0.017345,0.005311,0.001300,0.000244,0.000033,0.000003,0.000000,0.000000,0.000000,0.000000,0.000000,0.000000,0.000000,0.000000,0.000000,0.000000,0.000000,0.000000,0.000000,0.000000,0.000000,0.000000,0.000000,0.000000,0.000000,0.000000,0.000000,0.000000,0.000000,0.000000,0.000000,0.000000,0.000000,0.000000,0.000000,0.000000,0.000000,0.000000,0.000000,0.000000,0.000000,0.000000,0.000000,0.000000,0.000000,0.000000,0.000000,0.000000,0.000000,0.000000,0.000000,0.000000]
0.380799,1.000000,[0.000000,0.000000,0.000000,0.000000,0.000000,0.000000,0.000000,0.000000,0.000000,0.000000,0.000000,0.000000,0.000000,0.000000,0.000000,0.000000,0.000000,0.000001,0.000018,0.000139,0.000772,0.003305,0.011328,0.031957,0.075795,0.153728,0.270628,0.419410,0.580590,0.729372,0.846272,0.924205,0.968043,0.988671,0.996677,0.999089,0.999089,0.996677,0.988671,0.968043,0.924205,0.846272,0.729372,0.580590,0.419410,0.270628,0.153728,0.075795,0.031957,0.011328,0.003305,0.000772,0.000139,0.000018,0.000001,0.000000,0.000000,0.000000,0.000000,0.000000,0.000000,0.000000,0.000000,0.000000,0.000000,0.000000,0.000000,0.000000,0.000000,0.000000,0.000000,0.000000,0.000000,0.000000,0.000000,0.000000,0.000000,0.000000,0.000000,0.000000,0.000000,0.000000,0.000000,0.000000,0.000000,0.000000,0.000000,0.000000,0.000000,0.000000,0.000000,0.000000,0.000000,0.000000,0.000000,0.000000,0.000000,0.000000,0.000000,0.000000]
0.396666,1.000000,[0.000000,0.000000,0.000000,0.000000,0.000000,0.000000,0.000000,0.000000,0.000000,0.000000,0.000000,0.000000,0.000000,0.000000,0.000000,0.000000,0.000000,0.000001,0.000010,0.000078,0.000455,0.002039,0.007317,0.021643,0.053876,0.114761,0.212178,0.345019,0.500000,0.654981,0.787822,0.885239,0.946124,0.978357,0.992674,0.997883,0.999089,0.997883,0.992674,0.978357,0.946124,0.885239,0.787822,0.654981,0.500000,0.345019,0.212178,0.114761,0.053876,0.021643,0.007317,0.002039,0.000455,0.000078,0.000010,0.000001,0.000000,0.000000,0.000000,0.000000,0.000000,0.000000,0.000000,0.000000,0.000000,0.000000,0.000000,0.000000,0.000000,0.000000,0.000000,0.000000,0.000000,0.000000,0.000000,0.000000,0.000000,0.000000,0.000000,0.000000,0.000000,0.000000,0.000000,0.000000,0.000000,0.000000,0.000000,0.000000,0.000000,0.000000,0.000000,0.000000,0.000000,0.000000,0.000000,0.000000,0.000000,0.000000,0.000000,0.000000]
0.412532,1.000000,[0.000000,0.000000,0.000000,0.000000,0.000000,0.000000,0.000000,0.000000,0.000000,0.000000,0.000000,0.000000,0.000000,0.000000,0.000000,0.000000,0.000000,0.000000,0.000005,0.000044,0.000267,0.001247,0.004678,0.014480,0.037759,0.084319,0.163470,0.278599,0.422509,0.577491,0.721401,0.836530,0.915681,0.962240,0.985515,0.995278,0.998486,0.998486,0.995278,0.985515,0.962240,0.915681,0.836530,0.721401,0.577491,0.422509,0.278599,0.163470,0.084319,0.037759,0.014480,0.004678,0.001247,0.000267,0.000044,0.000005,0.000000,0.000000,0.000000,0.000000,0.000000,0.000000,0.000000,0.000000,0.000000,0.000000,0.000000,0.000000,0.000000,0.000000,0.000000,0.000000,0.000000,0.000000,0.000000,0.000000,0.000000,0.000000,0.000000,0.000000,0.000000,0.000000,0.000000,0.000000,0.000000,0.000000,0.000000,0.000000,0.000000,0.000000,0.000000,0.000000,0.000000,0.000000,0.000000,0.000000,0.000000,0.000000,0.000000,0.000000]
0.428399,1.000000,[0.000000,0.000000,0.000000,0.000000,0.000000,0.000000,0.000000,0.000000,0.000000,0.000000,0.000000,0.000000,0.000000,0.000000,0.000000,0.000000,0.000000,0.000000,0.000003,0.000025,0.000155,0.000757,0.002962,0.009579,0.026119,0.061039,0.123894,0.221034,0.350554,0.500000,0.649446,0.778966,0.876106,0.938961,0.973878,0.990397,0.996882,0.998486,0.996882,0.990397,0.973878,0.938961,0.876106,0.778966,0.649446,0.500000,0.350554,0.221034,0.123894,0.061039,0.026119,0.009579,0.002962,0.000757,0.000155,0.000025,0.000003,0.000000,0.000000,0.000000,0.000000,0.000000,0.000000,0.000000,0.000000,0.000000,0.000000,0.000000,0.000000,0.000000,0.000000,0.000000,0.000000,0.000000,0.000000,0.000000,0.000000,0.000000,0.000000,0.000000,0.000000,0.000000,0.000000,0.000000,0.000000,0.000000,0.000000,0.000000,0.000000,0.000000,0.000000,0.000000,0.000000,0.000000,0.000000,0.000000,0.000000,0.000000,0.000000,0.000000]
0.444266,1.000000,[0.000000,0.000000,0.000000,0.000000,0.000000,0.000000,0.000000,0.000000,0.000000,0.000000,0.000000,0.000000,0.000000,0.000000,0.000000,0.000000,0.000000,0.000000,0.000002,0.000014,0.000090,0.000456,0.001860,0.006270,0.017849,0.043579,0.092467,0.172464,0.285794,0.425277,0.574723,0.714206,0.827536,0.907533,0.956419,0.982137,0.993640,0.997684,0.997684,0.993640,0.982137,0.956419,0.907533,0.827536,0.714206,0.574723,0.425277,0.285794,0.172464,0.092467,0.043579,0.017849,0.006270,0.001860,0.000456,0.000090,0.000014,0.000002,0.000000,0.000000,0.000000,0.000000,0.000000,0.000000,0.000000,0.000000,0.000000,0.000000,0.000000,0.000000,0.000000,0.000000,0.000000,0.000000,0.000000,0.000000,0.000000,0.000000,0.000000,0.000000,0.000000,0.000000,0.000000,0.000000,0.000000,0.000000,0.000000,0.000000,0.000000,0.000000,0.000000,0.000000,0.000000,0.000000,0.000000,0.000000,0.000000,0.000000,0.000000,0.000000]
0.460132,1.000000,[0.000000,0.000000,0.000000,0.000000,0.000000,0.000000,0.000000,0.000000,0.000000,0.000000,0.000000,0.000000,0.000000,0.000000,0.000000,0.000000,0.000000,0.000000,0.000001,0.000008,0.000052,0.000273,0.001158,0.004065,0.012060,0.030714,0.068023,0.132465,0.229129,0.355536,0.500000,0.644464,0.770871,0.867534,0.931976,0.969278,0.987888,0.995662,0.997684,0.995662,0.987888,0.969278,0.931976,0.867534,0.770871,0.644464,0.500000,0.355536,0.229129,0.132465,0.068023,0.030714,0.012060,0.004065,0.001158,0.000273,0.000052,0.000008,0.000001,0.000000,0.000000,0.000000,0.000000,0.000000,0.000000,0.000000,0.000000,0.000000,0.000000,0.000000,0.000000,0.000000,0.000000,0.000000,0.000000,0.000000,0.000000,0.000000,0.000000,0.000000,0.000000,0.000000,0.000000,0.000000,0.000000,0.000000,0.000000,0.000000,0.000000,0.000000,0.000000,0.000000,0.000000,0.000000,0.000000,0.000000,0.000000,0.000000,0.000000,0.000000]
0.475999,1.000000,[0.000000,0.000000,0.000000,0.000000,0.000000,0.000000,0.000000,0.000000,0.000000,0.000000,0.000000,0.000000,0.000000,0.000000,0.000000,0.000000,0.000000,0.000000,0.000000,0.000004,0.000030,0.000162,0.000715,0.002611,0.008062,0.021387,0.049369,0.100244,0.180797,0.292332,0.427768,0.572232,0.707668,0.819203,0.899755,0.950627,0.978583,0.991775,0.996673,0.996673,0.991775,0.978583,0.950627,0.899755,0.819203,0.707668,0.572232,0.427768,0.292332,0.180797,0.100244,0.049369,0.021387,0.008062,0.002611,0.000715,0.000162,0.000030,0.000004,0.000000,0.000000,0.000000,0.000000,0.000000,0.000000,0.000000,0.000000,0.000000,0.000000,0.000000,0.000000,0.000000,0.000000,0.000000,0.000000,0.000000,0.000000,0.000000,0.000000,0.000000,0.000000,0.000000,0.000000,0.000000,0.000000,0.000000,0.000000,0.000000,0.000000,0.000000,0.000000,0.000000,0.000000,0.000000,0.000000,0.000000,0.000000,0.000000,0.000000,0.000000]
0.491866,1.000000,[0.000000,0.000000,0.000000,0.000000,0.000000,0.000000,0.000000,0.000000,0.000000,0.000000,0.000000,0.000000,0.000000,0.000000,0.000000,0.000000,0.000000,0.000000,0.000000,0.000002,0.000017,0.000096,0.000439,0.001663,0.005337,0.014725,0.035378,0.074806,0.140521,0.236565,0.360050,0.500000,0.639950,0.763435,0.859479,0.925191,0.964605,0.985179,0.994224,0.996673,0.994224,0.985179,0.964605,0.925191,0.859479,0.763435,0.639950,0.500000,0.360050,0.236565,0.140521,0.074806,0.035378,0.014725,0.005337,0.001663,0.000439,0.000096,0.000017,0.000002,0.000000,0.000000,0.000000,0.000000,0.000000,0.000000,0.000000,0.000000,0.000000,0.000000,0.000000,0.000000,0.000000,0.000000,0.000000,0.000000,0.000000,0.000000,0.000000,0.000000,0.000000,0.000000,0.000000,0.000000,0.000000,0.000000,0.000000,0.000000,0.000000,0.000000,0.000000,0.000000,0.000000,0.000000,0.000000,0.000000,0.000000,0.000000,0.000000,0.000000]
0.507732,1.000000,[0.000000,0.000000,0.000000,0.000000,0.000000,0.000000,0.000000,0.000000,0.000000,0.000000,0.000000,0.000000,0.000000,0.000000,0.000000,0.000000,0.000000,0.000000,0.000000,0.000001,0.000010,0.000057,0.000268,0.001051,0.003500,0.010031,0.025051,0.055092,0.107664,0.188543,0.298307,0.430025,0.569975,0.701693,0.811457,0.892335,0.944898,0.974892,0.989702,0.995449,0.995449,0.989702,0.974892,0.944898,0.892335,0.811457,0.701693,0.569975,0.430025,0.298307,0.188543,0.107664,0.055092,0.025051,0.010031,0.003500,0.001051,0.000268,0.000057,0.000010,0.000001,0.000000,0.000000,0.000000,0.000000,0.000000,0.000000,0.000000,0.000000,0.000000,0.000000,0.000000,0.000000,0.000000,0.000000,0.000000,0.000000,0.000000,0.000000,0.000000,0.000000,0.000000,0.000000,0.000000,0.000000,0.000000,0.000000,0.000000,0.000000,0.000000,0.000000,0.000000,0.000000,0.000000,0.000000,0.000000,0.000000,0.000000,0.000000,0.000000]
0.523599,1.000000,[0.000000,0.000000,0.000000,0.000000,0.000000,0.000000,0.000000,0.000000,0.000000,0.000000,0.000000,0.000000,0.000000,0.000000,0.000000,0.000000,0.000000,0.000000,0.000000,0.000001,0.000005,0.000033,0.000162,0.000659,0.002276,0.006765,0.017541,0.040072,0.081378,0.148103,0.243425,0.364166,0.500000,0.635834,0.756575,0.851896,0.918617,0.959895,0.982297,0.992575,0.995449,0.992575,0.982297,0.959895,0.918617,0.851896,0.756575,0.635834,0.500000,0.364166,0.243425,0.148103,0.081378,0.040072,0.017541,0.006765,0.002276,0.000659,0.000162,0.000033,0.000005,0.000001,0.000000,0.000000,0.000000,0.000000,0.000000,0.000000,0.000000,0.000000,0.000000,0.000000,0.000000,0.000000,0.000000,0.000000,0.000000,0.000000,0.000000,0.000000,0.000000,0.000000,0.000000,0.000000,0.000000,0.000000,0.000000,0.000000,0.000000,0.000000,0.000000,0.000000,0.000000,0.000000,0.000000,0.000000,0.000000,0.000000,0.000000,0.000000]
0.539465,1.000000,[0.000000,0.000000,0.000000,0.000000,0.000000,0.000000,0.000000,0.000000,0.000000,0.000000,0.000000,0.000000,0.000000,0.000000,0.000000,0.000000,0.000000,0.000000,0.000000,0.000000,0.000003,0.000019,0.000098,0.000411,0.001468,0.004521,0.012153,0.028806,0.060725,0.114741,0.195764,0.303796,0.432083,0.567917,0.696204,0.804235,0.885256,0.939256,0.971096,0.987436,0.994012,0.994012,0.987436,0.971096,0.939256,0.885256,0.804235,0.696204,0.567917,0.432083,0.303796,0.195764,0.114741,0.060725,0.028806,0.012153,0.004521,0.001468,0.000411,0.000098,0.000019,0.000003,0.000000,0.000000,0.000000,0.000000,0.000000,0.000000,0.000000,0.000000,0.000000,0.000000,0.000000,0.000000,0.000000,0.000000,0.000000,0.000000,0.000000,0.000000,0.000000,0.000000,0.000000,0.000000,0.000000,0.000000,0.000000,0.000000,0.000000,0.000000,0.000000,0.000000,0.000000,0.000000,0.000000,0.000000,0.000000,0.000000,0.000000,0.000000]
0.555332,1.000000,[0.000000,0.000000,0.000000,0.000000,0.000000,0.000000,0.000000,0.000000,0.000000,0.000000,0.000000,0.000000,0.000000,0.000000,0.000000,0.000000,0.000000,0.000000,0.000000,0.000000,0.000002,0.000011,0.000058,0.000254,0.000939,0.002994,0.008337,0.020480,0.044766,0.087733,0.155252,0.249780,0.367939,0.500000,0.632061,0.750220,0.844746,0.912256,0.955176,0.979266,0.990724,0.994012,0.990724,0.979266,0.955176,0.912256,0.844746,0.750220,0.632061,0.500000,0.367939,0.249780,0.155252,0.087733,0.044766,0.020480,0.008337,0.002994,0.000939,0.000254,0.000058,0.000011,0.000002,0.000000,0.000000,0.000000,0.000000,0.000000,0.000000,0.000000,0.000000,0.000000,0.000000,0.000000,0.000000,0.000000,0.000000,0.000000,0.000000,0.000000,0.000000,0.000000,0.000000,0.000000,0.000000,0.000000,0.000000,0.000000,0.000000,0.000000,0.000000,0.000000,0.000000,0.000000,0.000000,0.000000,0.000000,0.000000,0.000000,0.000000]
0.571199,1.000000,[0.000000,0.000000,0.000000,0.000000,0.000000,0.000000,0.000000,0.000000,0.000000,0.000000,0.000000,0.000000,0.000000,0.000000,0.000000,0.000000,0.000000,0.000000,0.000000,0.000000,0.000001,0.000006,0.000035,0.000156,0.000597,0.001967,0.005665,0.014408,0.032623,0.066249,0.121492,0.202516,0.308860,0.433970,0.566030,0.691140,0.797483,0.878501,0.933716,0.967221,0.984995,0.992368,0.992368,0.984995,0.967221,0.933716,0.878501,0.797483,0.691140,0.566030,0.433970,0.308860,0.202516,0.121492,0.066249,0.032623,0.014408,0.005665,0.001967,0.000597,0.000156,0.000035,0.000006,0.000001,0.000000,0.000000,0.000000,0.000000,0.000000,0.000000,0.000000,0.000000,0.000000,0.000000,0.000000,0.000000,0.000000,0.000000,0.000000,0.000000,0.000000,0.000000,0.000000,0.000000,0.000000,0.000000,0.000000,0.000000,0.000000,0.000000,0.000000,0.000000,0.000000,0.000000,0.000000,0.000000,0.000000,0.000000,0.000000,0.000000]
0.587065,1.000000,[0.000000,0.000000,0.000000,0.000000,0.000000,0.000000,0.000000,0.000000,0.000000,0.000000,0.000000,0.000000,0.000000,0.000000,0.000000,0.000000,0.000000,0.000000,0.000000,0.000000,0.000001,0.000004,0.000021,0.000096,0.000376,0.001282,0.003816,0.010037,0.023516,0.049436,0.093871,0.162004,0.255688,0.371415,0.500000,0.628585,0.744312,0.837992,0.906109,0.950469,0.976108,0.988681,0.992368,0.988681,0.976108,0.950469,0.906109,0.837992,0.744312,0.628585,0.500000,0.371415,0.255688,0.162004,0.093871,0.049436,0.023516,0.010037,0.003816,0.001282,0.000376,0.000096,0.000021,0.000004,0.000001,0.000000,0.000000,0.000000,0.000000,0.000000,0.000000,0.000000,0.000000,0.000000,0.000000,0.000000,0.000000,0.000000,0.000000,0.000000,0.000000,0.000000,0.000000,0.000000,0.000000,0.000000,0.000000,0.000000,0.000000,0.000000,0.000000,0.000000,0.000000,0.000000,0.000000,0.000000,0.000000,0.000000,0.000000,0.000000]
0.602932,1.000000,[0.000000,0.000000,0.000000,0.000000,0.000000,0.000000,0.000000,0.000000,0.000000,0.000000,0.000000,0.000000,0.000000,0.000000,0.000000,0.000000,0.000000,0.000000,0.000000,0.000000,0.000000,0.000002,0.000012,0.000058,0.000236,0.000829,0.002549,0.006926,0.016776,0.036476,0.071653,0.127938,0.208846,0.313551,0.435707,0.564293,0.686448,0.791152,0.872050,0.928289,0.963288,0.982395,0.990525,0.990525,0.982395,0.963288,0.928289,0.872050,0.791152,0.686448,0.564293,0.435707,0.313551,0.208846,0.127938,0.071653,0.036476,0.016776,0.006926,0.002549,0.000829,0.000236,0.000058,0.000012,0.000002,0.000000,0.000000,0.000000,0.000000,0.000000,0.000000,0.000000,0.000000,0.000000,0.000000,0.000000,0.000000,0.000000,0.000000,0.000000,0.000000,0.000000,0.000000,0.000000,0.000000,0.000000,0.000000,0.000000,0.000000,0.000000,0.000000,0.000000,0.000000,0.000000,0.000000,0.000000,0.000000,0.000000,0.000000,0.000000]
0.618799,1.000000,[0.000000,0.000000,0.000000,0.000000,0.000000,0.000000,0.000000,0.000000,0.000000,0.000000,0.000000,0.000000,0.000000,0.000000,0.000000,0.000000,0.000000,0.000000,0.000000,0.000000,0.000000,0.000001,0.000007,0.000035,0.000147,0.000533,0.001689,0.004738,0.011851,0.026626,0.054065,0.099795,0.168392,0.261199,0.374629,0.500000,0.625371,0.738800,0.831601,0.900169,0.945788,0.972842,0.986460,0.990525,0.986460,0.972842,0.945788,0.900169,0.831601,0.738800,0.625371,0.500000,0.374629,0.261199,0.168392,0.099795,0.054065,0.026626,0.011851,0.004738,0.001689,0.000533,0.000147,0.000035,0.000007,0.000001,0.000000,0.000000,0.000000,0.000000,0.000000,0.000000,0.000000,0.000000,0.000000,0.000000,0.000000,0.000000,0.000000,0.000000,0.000000,0.000000,0.000000,0.000000,0.000000,0.000000,0.000000,0.000000,0.000000,0.000000,0.000000,0.000000,0.000000,0.000000,0.000000,0.000000,0.000000,0.000000,0.000000,0.000000]
0.634665,1.000000,[0.000000,0.000000,0.000000,0.000000,0.000000,0.000000,0.000000,0.000000,0.000000,0.000000,0.000000,0.000000,0.000000,0.000000,0.000000,0.000000,0.000000,0.000000,0.000000,0.000000,0.000000,0.000001,0.000004,0.000021,0.000091,0.000340,0.001111,0.003213,0.008295,0.019239,0.040345,0.076930,0.134094,0.214795,0.317914,0.437315,0.562685,0.682085,0.785201,0.865885,0.922979,0.959315,0.979651,0.988492,0.988492,0.979651,0.959315,0.922979,0.865885,0.785201,0.682085,0.562685,0.437315,0.317914,0.214795,0.134094,0.076930,0.040345,0.019239,0.008295,0.003213,0.001111,0.000340,0.000091,0.000021,0.000004,0.000001,0.000000,0.000000,0.000000,0.000000,0.000000,0.000000,0.000000,0.000000,0.000000,0.000000,0.000000,0.000000,0.000000,0.000000,0.000000,0.000000,0.000000,0.000000,0.000000,0.000000,0.000000,0.000000,0.000000,0.000000,0.000000,0.000000,0.000000,0.000000,0.000000,0.000000,0.000000,0.000000,0.000000]
0.650532,1.000000,[0.000000,0.000000,0.000000,0.000000,0.000000,0.000000,0.000000,0.000000,0.000000,0.000000,0.000000,0.000000,0.000000,0.000000,0.000000,0.000000,0.000000,0.000000,0.000000,0.000000,0.000000,0.000000,0.000002,0.000013,0.000056,0.000215,0.000725,0.002162,0.005754,0.013767,0.029792,0.058638,0.105512,0.174444,0.266355,0.377614,0.500000,0.622385,0.733643,0.825543,0.894432,0.941147,0.969483,0.984071,0.988492,0.984071,0.969483,0.941147,0.894432,0.825543,0.733643,0.622385,0.500000,0.377614,0.266355,0.174444,0.105512,0.058638,0.029792,0.013767,0.005754,0.002162,0.000725,0.000215,0.000056,0.000013,0.000002,0.000000,0.000000,0.000000,0.000000,0.000000,0.000000,0.000000,0.000000,0.000000,0.000000,0.000000,0.000000,0.000000,0.000000,0.000000,0.000000,0.000000,0.000000,0.000000,0.000000,0.000000,0.000000,0.000000,0.000000,0.000000,0.000000,0.000000,0.000000,0.000000,0.000000,0.000000,0.000000,0.000000]
0.666398,1.000000,[0.000000,0.000000,0.000000,0.000000,0.000000,0.000000,0.000000,0.000000,0.000000,0.000000,0.000000,0.000000,0.000000,0.000000,0.000000,0.000000,0.000000,0.000000,0.000000,0.000000,0.000000,0.000000,0.000001,0.000008,0.000034,0.000136,0.000470,0.001444,0.003958,0.009760,0.021779,0.044215,0.082075,0.139978,0.220400,0.321984,0.438807,0.561193,0.678014,0.779593,0.859987,0.917790,0.955315,0.976777,0.986282,0.986282,0.976777,0.955315,0.917790,0.859987,0.779593,0.678014,0.561193,0.438807,0.321984,0.220400,0.139978,0.082075,0.044215,0.021779,0.009760,0.003958,0.001444,0.000470,0.000136,0.000034,0.000008,0.000001,0.000000,0.000000,0.000000,0.000000,0.000000,0.000000,0.000000,0.000000,0.000000,0.000000,0.000000,0.000000,0.000000,0.000000,0.000000,0.000000,0.000000,0.000000,0.000000,0.000000,0.000000,0.000000,0.000000,0.000000,0.000000,0.000000,0.000000,0.000000,0.000000,0.000000,0.000000,0.000000]
0.682265,1.000000,[0.000000,0.000000,0.000000,0.000000,0.000000,0.000000,0.000000,0.000000,0.000000,0.000000,0.000000,0.000000,0.000000,0.000000,0.000000,0.000000,0.000000,0.000000,0.000000,0.000000,0.000000,0.000000,0.000001,0.000004,0.000021,0.000085,0.000303,0.000957,0.002701,0.006859,0.015770,0.032997,0.063145,0.111026,0.180189,0.271192,0.380396,0.500000,0.619603,0.728804,0.819790,0.888889,0.936552,0.966046,0.981529,0.986282,0.981529,0.966046,0.936552,0.888889,0.819790,0.728804,0.619603,0.500000,0.380396,0.271192,0.180189,0.111026,0.063145,0.032997,0.015770,0.006859,0.002701,0.000957,0.000303,0.000085,0.000021,0.000004,0.000001,0.000000,0.000000,0.000000,0.000000,0.000000,0.000000,0.000000,0.000000,0.000000,0.000000,0.000000,0.000000,0.000000,0.000000,0.000000,0.000000,0.000000,0.000000,0.000000,0.000000,0.000000,0.000000,0.000000,0.000000,0.000000,0.000000,0.000000,0.000000,0.000000,0.000000,0.000000]
0.698132,1.000000,[0.000000,0.000000,0.000000,0.000000,0.000000,0.000000,0.000000,0.000000,0.000000,0.000000,0.000000,0.000000,0.000000,0.000000,0.000000,0.000000,0.000000,0.000000,0.000000,0.000000,0.000000,0.000000,0.000000,0.000003,0.000013,0.000053,0.000194,0.000630,0.001829,0.004780,0.011314,0.024383,0.048071,0.087086,0.145608,0.225690,0.325794,0.440198,0.559802,0.674203,0.774297,0.854339,0.912720,0.951299,0.973788,0.983906,0.983906,0.973788,0.951299,0.912720,0.854339,0.774297,0.674203,0.559802,0.440198,0.325794,0.225690,0.145608,0.087086,0.048071,0.024383,0.011314,0.004780,0.001829,0.000630,0.000194,0.000053,0.000013,0.000003,0.000000,0.000000,0.000000,0.000000,0.000000,0.000000,0.000000,0.000000,0.000000,0.000000,0.000000,0.000000,0.000000,0.000000,0.000000,0.000000,0.000000,0.000000,0.000000,0.000000,0.000000,0.000000,0.000000,0.000000,0.000000,0.000000,0.000000,0.000000,0.000000,0.000000,0.000000]
0.713998,1.000000,[0.000000,0.000000,0.000000,0.000000,0.000000,0.000000,0.000000,0.000000,0.000000,0.000000,0.000000,0.000000,0.000000,0.000000,0.000000,0.000000,0.000000,0.000000,0.000000,0.000000,0.000000,0.000000,0.000000,0.000002,0.000008,0.000033,0.000124,0.000412,0.001229,0.003304,0.008047,0.017849,0.036227,0.067578,0.116347,0.185649,0.275742,0.382996,0.500000,0.617003,0.724250,0.814318,0.883530,0.932010,0.962543,0.978847,0.983906,0.978847,0.962543,0.932010,0.883530,0.814318,0.724250,0.617003,0.500000,0.382996,0.275742,0.185649,0.116347,0.067578,0.036227,0.017849,0.008047,0.003304,0.001229,0.000412,0.000124,0.000033,0.000008,0.000002,0.000000,0.000000,0.000000,0.000000,0.000000,0.000000,0.000000,0.000000,0.000000,0.000000,0.000000,0.000000,0.000000,0.000000,0.000000,0.000000,0.000000,0.000000,0.000000,0.000000,0.000000,0.000000,0.000000,0.000000,0.000000,0.000000,0.000000,0.000000,0.000000,0.000000]
0.729865,1.000000,[0.000000,0.000000,0.000000,0.000000,0.000000,0.000000,0.000000,0.000000,0.000000,0.000000,0.000000,0.000000,0.000000,0.000000,0.000000,0.000000,0.000000,0.000000,0.000000,0.000000,0.000000,0.000000,0.000000,0.000001,0.000005,0.000020,0.000078,0.000268,0.000821,0.002267,0.005676,0.012948,0.027038,0.051903,0.091962,0.150998,0.230696,0.329369,0.441498,0.558501,0.670626,0.769284,0.848924,0.907770,0.947277,0.970695,0.981376,0.981376,0.970695,0.947277,0.907770,0.848924,0.769284,0.670626,0.558501,0.441498,0.329369,0.230696,0.150998,0.091962,0.051903,0.027038,0.012948,0.005676,0.002267,0.000821,0.000268,0.000078,0.000020,0.000005,0.000001,0.000000,0.000000,0.000000,0.000000,0.000000,0.000000,0.000000,0.000000,0.000000,0.000000,0.000000,0.000000,0.000000,0.000000,0.000000,0.000000,0.000000,0.000000,0.000000,0.000000,0.000000,0.000000,0.000000,0.000000,0.000000,0.000000,0.000000,0.000000,0.000000]
0.745732,1.000000,[0.000000,0.000000,0.000000,0.000000,0.000000,0.000000,0.000000,0.000000,0.000000,0.000000,0.000000,0.000000,0.000000,0.000000,0.000000,0.000000,0.000000,0.000000,0.000000,0.000000,0.000000,0.000000,0.000000,0.000001,0.000003,0.000012,0.000049,0.000173,0.000544,0.001544,0.003971,0.009312,0.019993,0.039470,0.071933,0.121480,0.190847,0.280032,0.385433,0.499999,0.614564,0.719955,0.809104,0.878347,0.927523,0.958986,0.976036,0.981376,0.976036,0.958986,0.927523,0.878347,0.809104,0.719955,0.614564,0.499999,0.385433,0.280032,0.190847,0.121480,0.071933,0.039470,0.019993,0.009312,0.003971,0.001544,0.000544,0.000173,0.000049,0.000012,0.000003,0.000001,0.000000,0.000000,0.000000,0.000000,0.000000,0.000000,0.000000,0.000000,0.000000,0.000000,0.000000,0.000000,0.000000,0.000000,0.000000,0.000000,0.000000,0.000000,0.000000,0.000000,0.000000,0.000000,0.000000,0.000000,0.000000,0.000000,0.000000,0.000000]
0.761598,1.000000,[0.000000,0.000000,0.000000,0.000000,0.000000,0.000000,0.000000,0.000000,0.000000,0.000000,0.000000,0.000000,0.000000,0.000000,0.000000,0.000000,0.000000,0.000000,0.000000,0.000000,0.000000,0.000000,0.000000,0.000000,0.000002,0.000008,0.000031,0.000111,0.000359,0.001044,0.002758,0.006642,0.014652,0.029732,0.055701,0.096706,0.156163,0.235439,0.332733,0.442716,0.557282,0.667259,0.764530,0.843725,0.902935,0.943255,0.967511,0.978706,0.978706,0.967511,0.943255,0.902935,0.843725,0.764530,0.667259,0.557282,0.442716,0.332733,0.235439,0.156163,0.096706,0.055701,0.029732,0.014652,0.006642,0.002758,0.001044,0.000359,0.000111,0.000031,0.000008,0.000002,0.000000,0.000000,0.000000,0.000000,0.000000,0.000000,0.000000,0.000000,0.000000,0.000000,0.000000,0.000000,0.000000,0.000000,0.000000,0.000000,0.000000,0.000000,0.000000,0.000000,0.000000,0.000000,0.000000,0.000000,0.000000,0.000000,0.000000,0.000000]
0.777465,1.000000,[0.000000,0.000000,0.000000,0.000000,0.000000,0.000000,0.000000,0.000000,0.000000,0.000000,0.000000,0.000000,0.000000,0.000000,0.000000,0.000000,0.000000,0.000000,0.000000,0.000000,0.000000,0.000000,0.000000,0.000000,0.000001,0.000005,0.000019,0.000071,0.000235,0.000701,0.001901,0.004700,0.010647,0.022192,0.042717,0.076204,0.126435,0.195801,0.284086,0.387725,0.499999,0.612271,0.715895,0.804128,0.873330,0.923095,0.955383,0.973108,0.978706,0.973108,0.955383,0.923095,0.873330,0.804128,0.715895,0.612271,0.499999,0.387725,0.284086,0.195801,0.126435,0.076204,0.042717,0.022192,0.010647,0.004700,0.001901,0.000701,0.000235,0.000071,0.000019,0.000005,0.000001,0.000000,0.000000,0.000000,0.000000,0.000000,0.000000,0.000000,0.000000,0.000000,0.000000,0.000000,0.000000,0.000000,0.000000,0.000000,0.000000,0.000000,0.000000,0.000000,0.000000,0.000000,0.000000,0.000000,0.000000,0.000000,0.000000,0.000000]
0.793331,1.000000,[0.000000,0.000000,0.000000,0.000000,0.000000,0.000000,0.000000,0.000000,0.000000,0.000000,0.000000,0.000000,0.000000,0.000000,0.000000,0.000000,0.000000,0.000000,0.000000,0.000000,0.000000,0.000000,0.000000,0.000000,0.000001,0.000003,0.000012,0.000045,0.000153,0.000468,0.001301,0.003300,0.007673,0.016420,0.032454,0.059460,0.101319,0.161118,0.239944,0.335905,0.443862,0.556135,0.664083,0.760011,0.838729,0.898213,0.939239,0.964245,0.975907,0.975907,0.964245,0.939239,0.898213,0.838729,0.760011,0.664083,0.556135,0.443862,0.335905,0.239944,0.161118,0.101319,0.059460,0.032454,0.016420,0.007673,0.003300,0.001301,0.000468,0.000153,0.000045,0.000012,0.000003,0.000001,0.000000,0.000000,0.000000,0.000000,0.000000,0.000000,0.000000,0.000000,0.000000,0.000000,0.000000,0.000000,0.000000,0.000000,0.000000,0.000000,0.000000,0.000000,0.000000,0.000000,0.000000,0.000000,0.000000,0.000000,0.000000,0.000000]
0.809198,1.000000,[0.000000,0.000000,0.000000,0.000000,0.000000,0.000000,0.000000,0.000000,0.000000,0.000000,0.000000,0.000000,0.000000,0.000000,0.000000,0.000000,0.000000,0.000000,0.000000,0.000000,0.000000,0.000000,0.000000,0.000000,0.000000,0.000002,0.000007,0.000029,0.000099,0.000311,0.000885,0.002301,0.005487,0.012046,0.024437,0.045957,0.080390,0.131219,0.200531,0.287925,0.389884,0.499998,0.610109,0.712047,0.799370,0.868471,0.918726,0.951742,0.970076,0.975907,0.970076,0.951742,0.918726,0.868471,0.799370,0.712047,0.610109,0.499998,0.389884,0.287925,0.200531,0.131219,0.080390,0.045957,0.024437,0.012046,0.005487,0.002301,0.000885,0.000311,0.000099,0.000029,0.000007,0.000002,0.000000,0.000000,0.000000,0.000000,0.000000,0.000000,0.000000,0.000000,0.000000,0.000000,0.000000,0.000000,0.000000,0.000000,0.000000,0.000000,0.000000,0.000000,0.000000,0.000000,0.000000,0.000000,0.000000,0.000000,0.000000,0.000000]
0.825065,1.000000,[0.000000,0.000000,0.000000,0.000000,0.000000,0.000000,0.000000,0.000000,0.000000,0.000000,0.000000,0.000000,0.000000,0.000000,0.000000,0.000000,0.000000,0.000000,0.000000,0.000000,0.000000,0.000000,0.000000,0.000000,0.000000,0.000001,0.000005,0.000018,0.000064,0.000205,0.000598,0.001593,0.003894,0.008767,0.018242,0.035197,0.063174,0.105804,0.165875,0.244228,0.338904,0.444941,0.555053,0.661078,0.755708,0.833920,0.893598,0.935234,0.960909,0.972992,0.972992,0.960909,0.935234,0.893598,0.833920,0.755708,0.661078,0.555053,0.444941,0.338904,0.244228,0.165875,0.105804,0.063174,0.035197,0.018242,0.008767,0.003894,0.001593,0.000598,0.000205,0.000064,0.000018,0.000005,0.000001,0.000000,0.000000,0.000000,0.000000,0.000000,0.000000,0.000000,0.000000,0.000000,0.000000,0.000000,0.000000,0.000000,0.000000,0.000000,0.000000,0.000000,0.000000,0.000000,0.000000,0.000000,0.000000,0.000000,0.000000,0.000000]
0.840931,1.000000,[0.000000,0.000000,0.000000,0.000000,0.000000,0.000000,0.000000,0.000000,0.000000,0.000000,0.000000,0.000000,0.000000,0.000000,0.000000,0.000000,0.000000,0.000000,0.000000,0.000000,0.000000,0.000000,0.000000,0.000000,0.000000,0.000001,0.000003,0.000011,0.000041,0.000134,0.000401,0.001095,0.002743,0.006330,0.013504,0.026719,0.049185,0.084489,0.135840,0.205051,0.291566,0.391923,0.499997,0.608066,0.708393,0.794814,0.863759,0.914416,0.948072,0.966950,0.972992,0.966950,0.948072,0.914416,0.863759,0.794814,0.708393,0.608066,0.499997,0.391923,0.291566,0.205051,0.135840,0.084489,0.049185,0.026719,0.013504,0.006330,0.002743,0.001095,0.000401,0.000134,0.000041,0.000011,0.000003,0.000001,0.000000,0.000000,0.000000,0.000000,0.000000,0.000000,0.000000,0.000000,0.000000,0.000000,0.000000,0.000000,0.000000,0.000000,0.000000,0.000000,0.000000,0.000000,0.000000,0.000000,0.000000,0.000000,0.000000,0.000000]
0.856798,1.000000,[0.000000,0.000000,0.000000,0.000000,0.000000,0.000000,0.000000,0.000000,0.000000,0.000000,0.000000,0.000000,0.000000,0.000000,0.000000,0.000000,0.000000,0.000000,0.000000,0.000000,0.000000,0.000000,0.000000,0.000000,0.000000,0.000000,0.000002,0.000007,0.000026,0.000088,0.000268,0.000748,0.001919,0.004537,0.009917,0.020112,0.037952,0.066837,0.110164,0.170445,0.248309,0.341744,0.445960,0.554031,0.658229,0.751604,0.829287,0.889088,0.931244,0.957511,0.969971,0.969971,0.957511,0.931244,0.889088,0.829287,0.751604,0.658229,0.554031,0.445960,0.341744,0.248309,0.170445,0.110164,0.066837,0.037952,0.020112,0.009917,0.004537,0.001919,0.000748,0.000268,0.000088,0.000026,0.000007,0.000002,0.000000,0.000000,0.000000,0.000000,0.000000,0.000000,0.000000,0.000000,0.000000,0.000000,0.000000,0.000000,0.000000,0.000000,0.000000,0.000000,0.000000,0.000000,0.000000,0.000000,0.000000,0.000000,0.000000,0.000000]
0.872665,1.000000,[0.000000,0.000000,0.000000,0.000000,0.000000,0.000000,0.000000,0.000000,0.000000,0.000000,0.000000,0.000000,0.000000,0.000000,0.000000,0.000000,0.000000,0.000000,0.000000,0.000000,0.000000,0.000000,0.000000,0.000000,0.000000,0.000000,0.000001,0.000004,0.000017,0.000057,0.000178,0.000508,0.001334,0.003228,0.007227,0.015014,0.029032,0.052395,0.088501,0.140305,0.209377,0.295026,0.393852,0.499996,0.606130,0.704917,0.790445,0.859187,0.910166,0.944377,0.963741,0.969971,0.963741,0.944377,0.910166,0.859187,0.790445,0.704917,0.606130,0.499996,0.393852,0.295026,0.209377,0.140305,0.088501,0.052395,0.029032,0.015014,0.007227,0.003228,0.001334,0.000508,0.000178,0.000057,0.000017,0.000004,0.000001,0.000000,0.000000,0.000000,0.000000,0.000000,0.000000,0.000000,0.000000,0.000000,0.000000,0.000000,0.000000,0.000000,0.000000,0.000000,0.000000,0.000000,0.000000,0.000000,0.000000,0.000000,0.000000,0.000000]
0.888531,1.000000,[0.000000,0.000000,0.000000,0.000000,0.000000,0.000000,0.000000,0.000000,0.000000,0.000000,0.000000,0.000000,0.000000,0.000000,0.000000,0.000000,0.000000,0.000000,0.000000,0.000000,0.000000,0.000000,0.000000,0.000000,0.000000,0.000000,0.000001,0.000003,0.000010,0.000037,0.000117,0.000343,0.000921,0.002281,0.005227,0.011121,0.022023,0.040713,0.070448,0.114403,0.174841,0.252202,0.344439,0.446924,0.553063,0.655523,0.747681,0.824816,0.884676,0.927272,0.954059,0.966856,0.966856,0.954059,0.927272,0.884676,0.824816,0.747681,0.655523,0.553063,0.446924,0.344439,0.252202,0.174841,0.114403,0.070448,0.040713,0.022023,0.011121,0.005227,0.002281,0.000921,0.000343,0.000117,0.000037,0.000010,0.000003,0.000001,0.000000,0.000000,0.000000,0.000000,0.000000,0.000000,0.000000,0.000000,0.000000,0.000000,0.000000,0.000000,0.000000,0.000000,0.000000,0.000000,0.000000,0.000000,0.000000,0.000000,0.000000,0.000000]
0.904398,1.000000,[0.000000,0.000000,0.000000,0.000000,0.000000,0.000000,0.000000,0.000000,0.000000,0.000000,0.000000,0.000000,0.000000,0.000000,0.000000,0.000000,0.000000,0.000000,0.000000,0.000000,0.000000,0.000000,0.000000,0.000000,0.000000,0.000000,0.000000,0.000002,0.000007,0.000024,0.000077,0.000230,0.000632,0.001601,0.003754,0.008174,0.016572,0.031368,0.055581,0.092425,0.144622,0.213521,0.298321,0.395682,0.499993,0.604293,0.701602,0.786249,0.854746,0.905974,0.940665,0.960458,0.966856,0.960458,0.940665,0.905974,0.854746,0.786249,0.701602,0.604293,0.499993,0.395682,0.298321,0.213521,0.144622,0.092425,0.055581,0.031368,0.016572,0.008174,0.003754,0.001601,0.000632,0.000230,0.000077,0.000024,0.000007,0.000002,0.000000,0.000000,0.000000,0.000000,0.000000,0.000000,0.000000,0.000000,0.000000,0.000000,0.000000,0.000000,0.000000,0.000000,0.000000,0.000000,0.000000,0.000000,0.000000,0.000000,0.000000,0.000000]
0.920265,1.000000,[0.000000,0.000000,0.000000,0.000000,0.000000,0.000000,0.000000,0.000000,0.000000,0.000000,0.000000,0.000000,0.000000,0.000000,0.000000,0.000000,0.000000,0.000000,0.000000,0.000000,0.000000,0.000000,0.000000,0.000000,0.000000,0.000000,0.000000,0.000001,0.000004,0.000015,0.000050,0.000153,0.000431,0.001116,0.002677,0.005964,0.012373,0.023970,0.043474,0.074003,0.118524,0.179072,0.255921,0.347001,0.447837,0.552143,0.652948,0.743925,0.820497,0.880360,0.923320,0.950561,0.963657,0.963657,0.950561,0.923320,0.880360,0.820497,0.743925,0.652948,0.552143,0.447837,0.347001,0.255921,0.179072,0.118524,0.074003,0.043474,0.023970,0.012373,0.005964,0.002677,0.001116,0.000431,0.000153,0.000050,0.000015,0.000004,0.000001,0.000000,0.000000,0.000000,0.000000,0.000000,0.000000,0.000000,0.000000,0.000000,0.000000,0.000000,0.000000,0.000000,0.000000,0.000000,0.000000,0.000000,0.000000,0.000000,0.000000,0.000000]
0.936131,1.000000,[0.000000,0.000000,0.000000,0.000000,0.000000,0.000000,0.000000,0.000000,0.000000,0.000000,0.000000,0.000000,0.000000,0.000000,0.000000,0.000000,0.000000,0.000000,0.000000,0.000000,0.000000,0.000000,0.000000,0.000000,0.000000,0.000000,0.000000,0.000001,0.000003,0.000010,0.000033,0.000102,0.000292,0.000774,0.001897,0.004321,0.009169,0.018172,0.033722,0.058739,0.096263,0.148798,0.217496,0.301461,0.397419,0.499990,0.602546,0.698437,0.782211,0.850429,0.901840,0.936941,0.957109,0.963657,0.957109,0.936941,0.901840,0.850429,0.782211,0.698437,0.602546,0.499990,0.397419,0.301461,0.217496,0.148798,0.096263,0.058739,0.033722,0.018172,0.009169,0.004321,0.001897,0.000774,0.000292,0.000102,0.000033,0.000010,0.000003,0.000001,0.000000,0.000000,0.000000,0.000000,0.000000,0.000000,0.000000,0.000000,0.000000,0.000000,0.000000,0.000000,0.000000,0.000000,0.000000,0.000000,0.000000,0.000000,0.000000,0.000000]
0.951998,1.000000,[0.000000,0.000000,0.000000,0.000000,0.000000,0.000000,0.000000,0.000000,0.000000,0.000000,0.000000,0.000000,0.000000,0.000000,0.000000,0.000000,0.000000,0.000000,0.000000,0.000000,0.000000,0.000000,0.000000,0.000000,0.000000,0.000000,0.000000,0.000000,0.000002,0.000006,0.000021,0.000067,0.000197,0.000533,0.001335,0.003109,0.006745,0.013670,0.025947,0.046230,0.077501,0.122530,0.183147,0.259479,0.349440,0.448705,0.551268,0.650491,0.740324,0.816320,0.876134,0.919390,0.947025,0.960383,0.960383,0.947025,0.919390,0.876134,0.816320,0.740324,0.650491,0.551268,0.448705,0.349440,0.259479,0.183147,0.122530,0.077501,0.046230,0.025947,0.013670,0.006745,0.003109,0.001335,0.000533,0.000197,0.000067,0.000021,0.000006,0.000002,0.000000,0.000000,0.000000,0.000000,0.000000,0.000000,0.000000,0.000000,0.000000,0.000000,0.000000,0.000000,0.000000,0.000000,0.000000,0.000000,0.000000,0.000000,0.000000,0.000000]
0.967864,1.000000,[0.000000,0.000000,0.000000,0.000000,0.000000,0.000000,0.000000,0.000000,0.000000,0.000000,0.000000,0.000000,0.000000,0.000000,0.000000,0.000000,0.000000,0.000000,0.000000,0.000000,0.000000,0.000000,0.000000,0.000000,0.000000,0.000000,0.000000,0.000000,0.000001,0.000004,0.000014,0.000044,0.000132,0.000365,0.000934,0.002222,0.004927,0.010207,0.019809,0.036089,0.061866,0.100016,0.152839,0.221313,0.304459,0.399072,0.499986,0.600879,0.695408,0.778322,0.846227,0.897762,0.933208,0.953704,0.960383,0.953704,0.933208,0.897762,0.846227,0.778322,0.695408,0.600879,0.499986,0.399072,0.304459,0.221313,0.152839,0.100016,0.061866,0.036089,0.019809,0.010207,0.004927,0.002222,0.000934,0.000365,0.000132,0.000044,0.000014,0.000004,0.000001,0.000000,0.000000,0.000000,0.000000,0.000000,0.000000,0.000000,0.000000,0.000000,0.000000,0.000000,0.000000,0.000000,0.000000,0.000000,0.000000,0.000000,0.000000,0.000000]
0.983731,1.000000,[0.000000,0.000000,0.000000,0.000000,0.000000,0.000000,0.000000,0.000000,0.000000,0.000000,0.000000,0.000000,0.000000,0.000000,0.000000,0.000000,0.000000,0.000000,0.000000,0.000000,0.000000,0.000000,0.000000,0.000000,0.000000,0.000000,0.000000,0.000000,0.000001,0.000002,0.000009,0.000029,0.000088,0.000249,0.000650,0.001578,0.003574,0.007567,0.015008,0.027949,0.048977,0.080941,0.126427,0.187076,0.262886,0.351766,0.449529,0.550433,0.648144,0.736865,0.812275,0.871995,0.915485,0.943456,0.957043,0.957043,0.943456,0.915485,0.871995,0.812275,0.736865,0.648144,0.550433,0.449529,0.351766,0.262886,0.187076,0.126427,0.080941,0.048977,0.027949,0.015008,0.007567,0.003574,0.001578,0.000650,0.000249,0.000088,0.000029,0.000009,0.000002,0.000001,0.000000,0.000000,0.000000,0.000000,0.000000,0.000000,0.000000,0.000000,0.000000,0.000000,0.000000,0.000000,0.000000,0.000000,0.000000,0.000000,0.000000,0.000000]
0.999598,1.000000,[0.000000,0.000000,0.000000,0.000000,0.000000,0.000000,0.000000,0.000000,0.000000,0.000000,0.000000,0.000000,0.000000,0.000000,0.000000,0.000000,0.000000,0.000000,0.000000,0.000000,0.000000,0.000000,0.000000,0.000000,0.000000,0.000000,0.000000,0.000000,0.000000,0.000002,0.000006,0.000019,0.000059,0.000168,0.000449,0.001114,0.002576,0.005571,0.011287,0.021478,0.038463,0.064959,0.103684,0.156751,0.224981,0.307326,0.400648,0.499981,0.599288,0.692504,0.774570,0.842135,0.893740,0.929470,0.950250,0.957043,0.950250,0.929470,0.893740,0.842135,0.774570,0.692504,0.599288,0.499981,0.400648,0.307326,0.224981,0.156751,0.103684,0.064959,0.038463,0.021478,0.011287,0.005571,0.002576,0.001114,0.000449,0.000168,0.000059,0.000019,0.000006,0.000002,0.000000,0.000000,0.000000,0.000000,0.000000,0.000000,0.000000,0.000000,0.000000,0.000000,0.000000,0.000000,0.000000,0.000000,0.000000,0.000000,0.000000,0.000000]
1.015464,1.000000,[0.000000,0.000000,0.000000,0.000000,0.000000,0.000000,0.000000,0.000000,0.000000,0.000000,0.000000,0.000000,0.000000,0.000000,0.000000,0.000000,0.000000,0.000000,0.000000,0.000000,0.000000,0.000000,0.000000,0.000000,0.000000,0.000000,0.000000,0.000000,0.000000,0.000001,0.000004,0.000012,0.000039,0.000113,0.000309,0.000781,0.001845,0.004073,0.008429,0.016383,0.029971,0.051711,0.084321,0.130218,0.190866,0.266153,0.353987,0.450314,0.549635,0.645896,0.733537,0.808352,0.867937,0.911605,0.939860,0.953647,0.953647,0.939860,0.911605,0.867937,0.808352,0.733537,0.645896,0.549635,0.450314,0.353987,0.266153,0.190866,0.130218,0.084321,0.051711,0.029971,0.016383,0.008429,0.004073,0.001845,0.000781,0.000309,0.000113,0.000039,0.000012,0.000004,0.000001,0.000000,0.000000,0.000000,0.000000,0.000000,0.000000,0.000000,0.000000,0.000000,0.000000,0.000000,0.000000,0.000000,0.000000,0.000000,0.000000,0.000000]
1.031331,1.000000,[0.000000,0.000000,0.000000,0.000000,0.000000,0.000000,0.000000,0.000000,0.000000,0.000000,0.000000,0.000000,0.000000,0.000000,0.000000,0.000000,0.000000,0.000000,0.000000,0.000000,0.000000,0.000000,0.000000,0.000000,0.000000,0.000000,0.000000,0.000000,0.000000,0.000001,0.000002,0.000008,0.000025,0.000076,0.000211,0.000545,0.001313,0.002959,0.006251,0.012406,0.023177,0.040841,0.068016,0.107270,0.160542,0.228510,0.310070,0.402151,0.499975,0.597765,0.689717,0.770945,0.838145,0.889771,0.925733,0.946753,0.953647,0.946753,0.925733,0.889771,0.838145,0.770945,0.689717,0.597765,0.499975,0.402151,0.310070,0.228510,0.160542,0.107270,0.068016,0.040841,0.023177,0.012406,0.006251,0.002959,0.001313,0.000545,0.000211,0.000076,0.000025,0.000008,0.000002,0.000001,0.000000,0.000000,0.000000,0.000000,0.000000,0.000000,0.000000,0.000000,0.000000,0.000000,0.000000,0.000000,0.000000,0.000000,0.000000,0.000000]
1.047198,1.000000,[0.000000,0.000000,0.000000,0.000000,0.000000,0.000000,0.000000,0.000000,0.000000,0.000000,0.000000,0.000000,0.000000,0.000000,0.000000,0.000000,0.000000,0.000000,0.000000,0.000000,0.000000,0.000000,0.000000,0.000000,0.000000,0.000000,0.000000,0.000000,0.000000,0.000000,0.000001,0.000005,0.000017,0.000051,0.000144,0.000378,0.000929,0.002136,0.004605,0.009329,0.017791,0.032009,0.054428,0.087643,0.133906,0.194526,0.269290,0.356110,0.451063,0.548870,0.643741,0.730331,0.804545,0.863958,0.907752,0.936243,0.950200,0.950200,0.936243,0.907752,0.863958,0.804545,0.730331,0.643741,0.548870,0.451063,0.356110,0.269290,0.194526,0.133906,0.087643,0.054428,0.032009,0.017791,0.009329,0.004605,0.002136,0.000929,0.000378,0.000144,0.000051,0.000017,0.000005,0.000001,0.000000,0.000000,0.000000,0.000000,0.000000,0.000000,0.000000,0.000000,0.000000,0.000000,0.000000,0.000000,0.000000,0.000000,0.000000,0.000000]
1.063064,1.000000,[0.000000,0.000000,0.000000,0.000000,0.000000,0.000000,0.000000,0.000000,0.000000,0.000000,0.000000,0.000000,0.000000,0.000000,0.000000,0.000000,0.000000,0.000000,0.000000,0.000000,0.000000,0.000000,0.000000,0.000000,0.000000,0.000000,0.000000,0.000000,0.000000,0.000000,0.000001,0.000003,0.000011,0.000034,0.000097,0.000261,0.000654,0.001533,0.003371,0.006967,0.013560,0.024900,0.043219,0.071036,0.110774,0.164216,0.231908,0.312700,0.403587,0.499966,0.596306,0.687036,0.767438,0.834251,0.885855,0.921997,0.943221,0.950200,0.943221,0.921997,0.885855,0.834251,0.767438,0.687036,0.596306,0.499966,0.403587,0.312700,0.231908,0.164216,0.110774,0.071036,0.043219,0.024900,0.013560,0.006967,0.003371,0.001533,0.000654,0.000261,0.000097,0.000034,0.000011,0.000003,0.000001,0.000000,0.000000,0.000000,0.000000,0.000000,0.000000,0.000000,0.000000,0.000000,0.000000,0.000000,0.000000,0.000000,0.000000,0.000000]
1.078931,1.000000,[0.000000,0.000000,0.000000,0.000000,0.000000,0.000000,0.000000,0.000000,0.000000,0.000000,0.000000,0.000000,0.000000,0.000000,0.000000,0.000000,0.000000,0.000000,0.000000,0.000000,0.000000,0.000000,0.000000,0.000000,0.000000,0.000000,0.000000,0.000000,0.000000,0.000000,0.000001,0.000002,0.000007,0.000022,0.000065,0.000179,0.000457,0.001093,0.002452,0.005169,0.010263,0.019230,0.034059,0.057127,0.090905,0.137495,0.198062,0.272304,0.358143,0.451776,0.548136,0.641671,0.727237,0.800844,0.860053,0.903926,0.932609,0.946711,0.946711,0.932609,0.903926,0.860053,0.800844,0.727237,0.641671,0.548136,0.451776,0.358143,0.272304,0.198062,0.137495,0.090905,0.057127,0.034059,0.019230,0.010263,0.005169,0.002452,0.001093,0.000457,0.000179,0.000065,0.000022,0.000007,0.000002,0.000001,0.000000,0.000000,0.000000,0.000000,0.000000,0.000000,0.000000,0.000000,0.000000,0.000000,0.000000,0.000000,0.000000,0.000000]
1.094797,1.000000,[0.000000,0.000000,0.000000,0.000000,0.000000,0.000000,0.000000,0.000000,0.000000,0.000000,0.000000,0.000000,0.000000,0.000000,0.000000,0.000000,0.000000,0.000000,0.000000,0.000000,0.000000,0.000000,0.000000,0.000000,0.000000,0.000000,0.000000,0.000000,0.000000,0.000000,0.000000,0.000001,0.000005,0.000015,0.000044,0.000122,0.000318,0.000775,0.001772,0.003810,0.007716,0.014747,0.026645,0.045593,0.074016,0.114200,0.167778,0.235183,0.315224,0.404960,0.499956,0.594903,0.684454,0.764041,0.830449,0.881990,0.918268,0.939660,0.946711,0.939660,0.918268,0.881990,0.830449,0.764041,0.684454,0.594903,0.499956,0.404960,0.315224,0.235183,0.167778,0.114200,0.074016,0.045593,0.026645,0.014747,0.007716,0.003810,0.001772,0.000775,0.000318,0.000122,0.000044,0.000015,0.000005,0.000001,0.000000,0.000000,0.000000,0.000000,0.000000,0.000000,0.000000,0.000000,0.000000,0.000000,0.000000,0.000000,0.000000,0.000000]
1.110664,1.000000,[0.000000,0.000000,0.000000,0.000000,0.000000,0.000000,0.000000,0.000000,0.000000,0.000000,0.000000,0.000000,0.000000,0.000000,0.000000,0.000000,0.000000,0.000000,0.000000,0.000000,0.000000,0.000000,0.000000,0.000000,0.000000,0.000000,0.000000,0.000000,0.000000,0.000000,0.000000,0.000001,0.000003,0.000010,0.000029,0.000083,0.000220,0.000547,0.001274,0.002791,0.005763,0.011231,0.020696,0.036119,0.059805,0.094108,0.140989,0.201481,0.275203,0.360092,0.452458,0.547430,0.639678,0.724247,0.797245,0.856219,0.900129,0.928964,0.943185,0.943185,0.928964,0.900129,0.856219,0.797245,0.724247,0.639678,0.547430,0.452458,0.360092,0.275203,0.201481,0.140989,0.094108,0.059805,0.036119,0.020696,0.011231,0.005763,0.002791,0.001274,0.000547,0.000220,0.000083,0.000029,0.000010,0.000003,0.000001,0.000000,0.000000,0.000000,0.000000,0.000000,0.000000,0.000000,0.000000,0.000000,0.000000,0.000000,0.000000,0.000000]
1.126531,1.000000,[0.000000,0.000000,0.000000,0.000000,0.000000,0.000000,0.000000,0.000000,0.000000,0.000000,0.000000,0.000000,0.000000,0.000000,0.000000,0.000000,0.000000,0.000000,0.000000,0.000000,0.000000,0.000000,0.000000,0.000000,0.000000,0.000000,0.000000,0.000000,0.000000,0.000000,0.000000,0.000001,0.000002,0.000006,0.000019,0.000056,0.000152,0.000383,0.000910,0.002033,0.004277,0.008497,0.015964,0.028407,0.047962,0.076956,0.117549,0.171235,0.238342,0.317648,0.406275,0.499944,0.593554,0.681963,0.760746,0.826732,0.878174,0.914546,0.936075,0.943185,0.936075,0.914546,0.878174,0.826732,0.760746,0.681963,0.593554,0.499944,0.406275,0.317648,0.238342,0.171235,0.117549,0.076956,0.047962,0.028407,0.015964,0.008497,0.004277,0.002033,0.000910,0.000383,0.000152,0.000056,0.000019,0.000006,0.000002,0.000001,0.000000,0.000000,0.000000,0.000000,0.000000,0.000000,0.000000,0.000000,0.000000,0.000000,0.000000,0.000000]
1.142397,1.000000,[0.000000,0.000000,0.000000,0.000000,0.000000,0.000000,0.000000,0.000000,0.000000,0.000000,0.000000,0.000000,0.000000,0.000000,0.000000,0.000000,0.000000,0.000000,0.000000,0.000000,0.000000,0.000000,0.000000,0.000000,0.000000,0.000000,0.000000,0.000000,0.000000,0.000000,0.000000,0.000000,0.000001,0.000004,0.000013,0.000038,0.000104,0.000267,0.000647,0.001471,0.003155,0.006387,0.012230,0.022185,0.038185,0.062459,0.097253,0.144392,0.204788,0.277995,0.361961,0.453109,0.546749,0.637758,0.721354,0.793739,0.852453,0.896360,0.925310,0.939630,0.939630,0.925310,0.896360,0.852453,0.793739,0.721354,0.637758,0.546749,0.453109,0.361961,0.277995,0.204788,0.144392,0.097253,0.062459,0.038185,0.022185,0.012230,0.006387,0.003155,0.001471,0.000647,0.000267,0.000104,0.000038,0.000013,0.000004,0.000001,0.000000,0.000000,0.000000,0.000000,0.000000,0.000000,0.000000,0.000000,0.000000,0.000000,0.000000,0.000000]
1.158264,1.000000,[0.000000,0.000000,0.000000,0.000000,0.000000,0.000000,0.000000,0.000000,0.000000,0.000000,0.000000,0.000000,0.000000,0.000000,0.000000,0.000000,0.000000,0.000000,0.000000,0.000000,0.000000,0.000000,0.000000,0.000000,0.000000,0.000000,0.000000,0.000000,0.000000,0.000000,0.000000,0.000000,0.000001,0.000003,0.000008,0.000025,0.000071,0.000186,0.000457,0.001059,0.002313,0.004771,0.009309,0.017208,0.030185,0.050322,0.079856,0.120822,0.174590,0.241392,0.319978,0.407535,0.499929,0.592254,0.679556,0.757547,0.823096,0.874407,0.910835,0.932470,0.939630,0.932470,0.910835,0.874407,0.823096,0.757547,0.679556,0.592254,0.499929,0.407535,0.319978,0.241392,0.174590,0.120822,0.079856,0.050322,0.030185,0.017208,0.009309,0.004771,0.002313,0.001059,0.000457,0.000186,0.000071,0.000025,0.000008,0.000003,0.000001,0.000000,0.000000,0.000000,0.000000,0.000000,0.000000,0.000000,0.000000,0.000000,0.000000,0.000000]
1.174131,1.000000,[0.000000,0.000000,0.000000,0.000000,0.000000,0.000000,0.000000,0.000000,0.000000,0.000000,0.000000,0.000000,0.000000,0.000000,0.000000,0.000000,0.000000,0.000000,0.000000,0.000000,0.000000,0.000000,0.000000,0.000000,0.000000,0.000000,0.000000,0.000000,0.000000,0.000000,0.000000,0.000000,0.000000,0.000002,0.000006,0.000017,0.000048,0.000128,0.000321,0.000758,0.001686,0.003542,0.007040,0.013258,0.023696,0.040253,0.065089,0.100339,0.147706,0.207991,0.280685,0.363757,0.453732,0.546091,0.635905,0.718552,0.790321,0.848751,0.892621,0.921653,0.936050,0.936050,0.921653,0.892621,0.848751,0.790321,0.718552,0.635905,0.546091,0.453732,0.363757,0.280685,0.207991,0.147706,0.100339,0.065089,0.040253,0.023696,0.013258,0.007040,0.003542,0.001686,0.000758,0.000321,0.000128,0.000048,0.000017,0.000006,0.000002,0.000000,0.000000,0.000000,0.000000,0.000000,0.000000,0.000000,0.000000,0.000000,0.000000,0.000000]
1.189997,1.000000,[0.000000,0.000000,0.000000,0.000000,0.000000,0.000000,0.000000,0.000000,0.000000,0.000000,0.000000,0.000000,0.000000,0.000000,0.000000,0.000000,0.000000,0.000000,0.000000,0.000000,0.000000,0.000000,0.000000,0.000000,0.000000,0.000000,0.000000,0.000000,0.000000,0.000000,0.000000,0.000000,0.000000,0.000001,0.000004,0.000011,0.000032,0.000088,0.000225,0.000540,0.001222,0.002614,0.005291,0.010149,0.018477,0.031975,0.052671,0.082714,0.124023,0.177849,0.244338,0.322221,0.408744,0.499912,0.590998,0.677228,0.754436,0.819536,0.870686,0.907137,0.928851,0.936050,0.928851,0.907137,0.870686,0.819536,0.754436,0.677228,0.590998,0.499912,0.408744,0.322221,0.244338,0.177849,0.124023,0.082714,0.052671,0.031975,0.018477,0.010149,0.005291,0.002614,0.001222,0.000540,0.000225,0.000088,0.000032,0.000011,0.000004,0.000001,0.000000,0.000000,0.000000,0.000000,0.000000,0.000000,0.000000,0.000000,0.000000,0.000000]
1.205864,1.000000,[0.000000,0.000000,0.000000,0.000000,0.000000,0.000000,0.000000,0.000000,0.000000,0.000000,0.000000,0.000000,0.000000,0.000000,0.000000,0.000000,0.000000,0.000000,0.000000,0.000000,0.000000,0.000000,0.000000,0.000000,0.000000,0.000000,0.000000,0.000000,0.000000,0.000000,0.000000,0.000000,0.000000,0.000001,0.000002,0.000007,0.000022,0.000060,0.000156,0.000382,0.000881,0.001918,0.003953,0.007720,0.014313,0.025226,0.042323,0.067693,0.103368,0.150936,0.211093,0.283279,0.365483,0.454328,0.545455,0.634113,0.715832,0.786986,0.845111,0.888911,0.917994,0.932451,0.932451,0.917994,0.888911,0.845111,0.786986,0.715832,0.634113,0.545455,0.454328,0.365483,0.283279,0.211093,0.150936,0.103368,0.067693,0.042323,0.025226,0.014313,0.007720,0.003953,0.001918,0.000881,0.000382,0.000156,0.000060,0.000022,0.000007,0.000002,0.000001,0.000000,0.000000,0.000000,0.000000,0.000000,0.000000,0.000000,0.000000,0.000000]
1.221730,1.000000,[0.000000,0.000000,0.000000,0.000000,0.000000,0.000000,0.000000,0.000000,0.000000,0.000000,0.000000,0.000000,0.000000,0.000000,0.000000,0.000000,0.000000,0.000000,0.000000,0.000000,0.000000,0.000000,0.000000,0.000000,0.000000,0.000000,0.000000,0.000000,0.000000,0.000000,0.000000,0.000000,0.000000,0.000000,0.000002,0.000005,0.000015,0.000041,0.000108,0.000269,0.000632,0.001400,0.002935,0.005836,0.011017,0.019770,0.033775,0.055008,0.085530,0.127152,0.181014,0.247186,0.324381,0.409905,0.499892,0.589784,0.674973,0.751409,0.816049,0.867011,0.903453,0.925222,0.932451,0.925222,0.903453,0.867011,0.816049,0.751409,0.674973,0.589784,0.499892,0.409905,0.324381,0.247186,0.181014,0.127152,0.085530,0.055008,0.033775,0.019770,0.011017,0.005836,0.002935,0.001400,0.000632,0.000269,0.000108,0.000041,0.000015,0.000005,0.000002,0.000000,0.000000,0.000000,0.000000,0.000000,0.000000,0.000000,0.000000,0.000000]
1.237597,1.000000,[0.000000,0.000000,0.000000,0.000000,0.000000,0.000000,0.000000,0.000000,0.000000,0.000000,0.000000,0.000000,0.000000,0.000000,0.000000,0.000000,0.000000,0.000000,0.000000,0.000000,0.000000,0.000000,0.000000,0.000000,0.000000,0.000000,0.000000,0.000000,0.000000,0.000000,0.000000,0.000000,0.000000,0.000000,0.000001,0.000003,0.000010,0.000028,0.000075,0.000189,0.000451,0.001016,0.002167,0.004386,0.008427,0.015393,0.026772,0.044391,0.070269,0.106341,0.154083,0.214100,0.285784,0.367143,0.454898,0.544838,0.632378,0.713191,0.783729,0.841530,0.885232,0.914338,0.928837,0.928837,0.914338,0.885232,0.841530,0.783729,0.713191,0.632378,0.544838,0.454898,0.367143,0.285784,0.214100,0.154083,0.106341,0.070269,0.044391,0.026772,0.015393,0.008427,0.004386,0.002167,0.001016,0.000451,0.000189,0.000075,0.000028,0.000010,0.000003,0.000001,0.000000,0.000000,0.000000,0.000000,0.000000,0.000000,0.000000,0.000000]
1.253464,1.000000,[0.000000,0.000000,0.000000,0.000000,0.000000,0.000000,0.000000,0.000000,0.000000,0.000000,0.000000,0.000000,0.000000,0.000000,0.000000,0.000000,0.000000,0.000000,0.000000,0.000000,0.000000,0.000000,0.000000,0.000000,0.000000,0.000000,0.000000,0.000000,0.000000,0.000000,0.000000,0.000000,0.000000,0.000000,0.000001,0.000002,0.000006,0.000019,0.000051,0.000132,0.000320,0.000733,0.001592,0.003277,0.006406,0.011910,0.021083,0.035582,0.057330,0.088305,0.130212,0.184092,0.249942,0.326463,0.411021,0.499868,0.588608,0.672785,0.748460,0.812630,0.863381,0.899785,0.921587,0.928837,0.921587,0.899785,0.863381,0.812630,0.748460,0.672785,0.588608,0.499868,0.411021,0.326463,0.249942,0.184092,0.130212,0.088305,0.057330,0.035582,0.021083,0.011910,0.006406,0.003277,0.001592,0.000733,0.000320,0.000132,0.000051,0.000019,0.000006,0.000002,0.000001,0.000000,0.000000,0.000000,0.000000,0.000000,0.000000,0.000000]
1.269330,1.000000,[0.000000,0.000000,0.000000,0.000000,0.000000,0.000000,0.000000,0.000000,0.000000,0.000000,0.000000,0.000000,0.000000,0.000000,0.000000,0.000000,0.000000,0.000000,0.000000,0.000000,0.000000,0.000000,0.000000,0.000000,0.000000,0.000000,0.000000,0.000000,0.000000,0.000000,0.000000,0.000000,0.000000,0.000000,0.000000,0.000001,0.000004,0.000013,0.000035,0.000092,0.000226,0.000526,0.001162,0.002434,0.004841,0.009158,0.016496,0.028332,0.046456,0.072818,0.109259,0.157152,0.217017,0.288203,0.368742,0.455445,0.544238,0.630696,0.710622,0.780545,0.838005,0.881583,0.910686,0.925212,0.925212,0.910686,0.881583,0.838005,0.780545,0.710622,0.630696,0.544238,0.455445,0.368742,0.288203,0.217017,0.157152,0.109259,0.072818,0.046456,0.028332,0.016496,0.009158,0.004841,0.002434,0.001162,0.000526,0.000226,0.000092,0.000035,0.000013,0.000004,0.000001,0.000000,0.000000,0.000000,0.000000,0.000000,0.000000,0.000000]
1.285197,1.000000,[0.000000,0.000000,0.000000,0.000000,0.000000,0.000000,0.000000,0.000000,0.000000,0.000000,0.000000,0.000000,0.000000,0.000000,0.000000,0.000000,0.000000,0.000000,0.000000,0.000000,0.000000,0.000000,0.000000,0.000000,0.000000,0.000000,0.000000,0.000000,0.000000,0.000000,0.000000,0.000000,0.000000,0.000000,0.000000,0.000001,0.000003,0.000008,0.000024,0.000063,0.000159,0.000376,0.000844,0.001798,0.003638,0.007000,0.012827,0.022414,0.037394,0.059637,0.091038,0.133205,0.187084,0.252610,0.328472,0.412093,0.499841,0.587467,0.670659,0.745584,0.809275,0.859794,0.896134,0.917949,0.925212,0.917949,0.896134,0.859794,0.809275,0.745584,0.670659,0.587467,0.499841,0.412093,0.328472,0.252610,0.187084,0.133205,0.091038,0.059637,0.037394,0.022414,0.012827,0.007000,0.003638,0.001798,0.000844,0.000376,0.000159,0.000063,0.000024,0.000008,0.000003,0.000001,0.000000,0.000000,0.000000,0.000000,0.000000,0.000000]
1.301064,1.000000,[0.000000,0.000000,0.000000,0.000000,0.000000,0.000000,0.000000,0.000000,0.000000,0.000000,0.000000,0.000000,0.000000,0.000000,0.000000,0.000000,0.000000,0.000000,0.000000,0.000000,0.000000,0.000000,0.000000,0.000000,0.000000,0.000000,0.000000,0.000000,0.000000,0.000000,0.000000,0.000000,0.000000,0.000000,0.000000,0.000001,0.000002,0.000006,0.000016,0.000044,0.000111,0.000267,0.000610,0.001321,0.002718,0.005319,0.009913,0.017621,0.029904,0.048515,0.075337,0.112122,0.160145,0.219847,0.290541,0.370283,0.455967,0.543654,0.629063,0.708122,0.777429,0.834535,0.877964,0.907042,0.921580,0.921580,0.907042,0.877964,0.834535,0.777429,0.708122,0.629063,0.543654,0.455967,0.370283,0.290541,0.219847,0.160145,0.112122,0.075337,0.048515,0.029904,0.017621,0.009913,0.005319,0.002718,0.001321,0.000610,0.000267,0.000111,0.000044,0.000016,0.000006,0.000002,0.000001,0.000000,0.000000,0.000000,0.000000,0.000000]
1.316930,1.000000,[0.000000,0.000000,0.000000,0.000000,0.000000,0.000000,0.000000,0.000000,0.000000,0.000000,0.000000,0.000000,0.000000,0.000000,0.000000,0.000000,0.000000,0.000000,0.000000,0.000000,0.000000,0.000000,0.000000,0.000000,0.000000,0.000000,0.000000,0.000000,0.000000,0.000000,0.000000,0.000000,0.000000,0.000000,0.000000,0.000000,0.000001,0.000004,0.000011,0.000030,0.000077,0.000189,0.000439,0.000966,0.002020,0.004018,0.007616,0.013767,0.023762,0.039210,0.061926,0.093730,0.136133,0.189996,0.255194,0.330412,0.413125,0.499811,0.586359,0.668592,0.742775,0.805982,0.856249,0.892503,0.914311,0.921580,0.914311,0.892503,0.856249,0.805982,0.742775,0.668592,0.586359,0.499811,0.413125,0.330412,0.255194,0.189996,0.136133,0.093730,0.061926,0.039210,0.023762,0.013767,0.007616,0.004018,0.002020,0.000966,0.000439,0.000189,0.000077,0.000030,0.000011,0.000004,0.000001,0.000000,0.000000,0.000000,0.000000,0.000000]
1.332797,1.000000,[0.000000,0.000000,0.000000,0.000000,0.000000,0.000000,0.000000,0.000000,0.000000,0.000000,0.000000,0.000000,0.000000,0.000000,0.000000,0.000000,0.000000,0.000000,0.000000,0.000000,0.000000,0.000000,0.000000,0.000000,0.000000,0.000000,0.000000,0.000000,0.000000,0.000000,0.000000,0.000000,0.000000,0.000000,0.000000,0.000000,0.000001,0.000002,0.000007,0.000020,0.000054,0.000133,0.000314,0.000702,0.001493,0.003019,0.005817,0.010692,0.018765,0.031486,0.050568,0.077828,0.114931,0.163065,0.222595,0.292803,0.371769,0.456468,0.543085,0.627476,0.705684,0.774379,0.831116,0.874376,0.903407,0.917946,0.917946,0.903407,0.874376,0.831116,0.774379,0.705684,0.627476,0.543085,0.456468,0.371769,0.292803,0.222595,0.163065,0.114931,0.077828,0.050568,0.031486,0.018765,0.010692,0.005817,0.003019,0.001493,0.000702,0.000314,0.000133,0.000054,0.000020,0.000007,0.000002,0.000001,0.000000,0.000000,0.000000,0.000000]
1.348664,1.000000,[0.000000,0.000000,0.000000,0.000000,0.000000,0.000000,0.000000,0.000000,0.000000,0.000000,0.000000,0.000000,0.000000,0.000000,0.000000,0.000000,0.000000,0.000000,0.000000,0.000000,0.000000,0.000000,0.000000,0.000000,0.000000,0.000000,0.000000,0.000000,0.000000,0.000000,0.000000,0.000000,0.000000,0.000000,0.000000,0.000000,0.000001,0.000002,0.000005,0.000014,0.000037,0.000093,0.000224,0.000508,0.001097,0.002256,0.004418,0.008254,0.014728,0.025125,0.041027,0.064198,0.096380,0.138998,0.192830,0.257699,0.332286,0.414118,0.499776,0.585280,0.666580,0.740031,0.802747,0.852746,0.888892,0.910676,0.917946,0.910676,0.888892,0.852746,0.802747,0.740031,0.666580,0.585280,0.499776,0.414118,0.332286,0.257699,0.192830,0.138998,0.096380,0.064198,0.041027,0.025125,0.014728,0.008254,0.004418,0.002256,0.001097,0.000508,0.000224,0.000093,0.000037,0.000014,0.000005,0.000002,0.000001,0.000000,0.000000,0.000000]
1.364530,1.000000,[0.000000,0.000000,0.000000,0.000000,0.000000,0.000000,0.000000,0.000000,0.000000,0.000000,0.000000,0.000000,0.000000,0.000000,0.000000,0.000000,0.000000,0.000000,0.000000,0.000000,0.000000,0.000000,0.000000,0.000000,0.000000,0.000000,0.000000,0.000000,0.000000,0.000000,0.000000,0.000000,0.000000,0.000000,0.000000,0.000000,0.000000,0.000001,0.000003,0.000009,0.000025,0.000065,0.000158,0.000366,0.000803,0.001677,0.003337,0.006336,0.011491,0.019927,0.033076,0.052613,0.080289,0.117689,0.165914,0.225264,0.294992,0.373202,0.456947,0.542528,0.625930,0.703306,0.771389,0.827747,0.870819,0.899784,0.914311,0.914311,0.899784,0.870819,0.827747,0.771389,0.703306,0.625930,0.542528,0.456947,0.373202,0.294992,0.225264,0.165914,0.117689,0.080289,0.052613,0.033076,0.019927,0.011491,0.006336,0.003337,0.001677,0.000803,0.000366,0.000158,0.000065,0.000025,0.000009,0.000003,0.000001,0.000000,0.000000,0.000000]
1.380397,1.000000,[0.000000,0.000000,0.000000,0.000000,0.000000,0.000000,0.000000,0.000000,0.000000,0.000000,0.000000,0.000000,0.000000,0.000000,0.000000,0.000000,0.000000,0.000000,0.000000,0.000000,0.000000,0.000000,0.000000,0.000000,0.000000,0.000000,0.000000,0.000000,0.000000,0.000000,0.000000,0.000000,0.000000,0.000000,0.000000,0.000000,0.000000,0.000001,0.000002,0.000006,0.000017,0.000045,0.000112,0.000262,0.000584,0.001240,0.002507,0.004837,0.008914,0.015709,0.026502,0.042844,0.066451,0.098989,0.141801,0.195589,0.260128,0.334097,0.415075,0.499738,0.584229,0.664618,0.737347,0.799568,0.849283,0.885301,0.907048,0.914311,0.907048,0.885301,0.849283,0.799568,0.737347,0.664618,0.584229,0.499738,0.415075,0.334097,0.260128,0.195589,0.141801,0.098989,0.066451,0.042844,0.026502,0.015709,0.008914,0.004837,0.002507,0.001240,0.000584,0.000262,0.000112,0.000045,0.000017,0.000006,0.000002,0.000001,0.000000,0.000000]
1.396263,1.000000,[0.000000,0.000000,0.000000,0.000000,0.000000,0.000000,0.000000,0.000000,0.000000,0.000000,0.000000,0.000000,0.000000,0.000000,0.000000,0.000000,0.000000,0.000000,0.000000,0.000000,0.000000,0.000000,0.000000,0.000000,0.000000,0.000000,0.000000,0.000000,0.000000,0.000000,0.000000,0.000000,0.000000,0.000000,0.000000,0.000000,0.000000,0.000000,0.000001,0.000004,0.000012,0.000031,0.000079,0.000187,0.000423,0.000912,0.001873,0.003672,0.006875,0.012311,0.021105,0.034673,0.054648,0.082720,0.120395,0.168695,0.227859,0.297113,0.374586,0.457406,0.541983,0.624423,0.700983,0.768458,0.824425,0.867292,0.896174,0.910679,0.910679,0.896174,0.867292,0.824425,0.768458,0.700983,0.624423,0.541983,0.457406,0.374586,0.297113,0.227859,0.168695,0.120395,0.082720,0.054648,0.034673,0.021105,0.012311,0.006875,0.003672,0.001873,0.000912,0.000423,0.000187,0.000079,0.000031,0.000012,0.000004,0.000001,0.000000,0.000000]
1.412130,1.000000,[0.000000,0.000000,0.000000,0.000000,0.000000,0.000000,0.000000,0.000000,0.000000,0.000000,0.000000,0.000000,0.000000,0.000000,0.000000,0.000000,0.000000,0.000000,0.000000,0.000000,0.000000,0.000000,0.000000,0.000000,0.000000,0.000000,0.000000,0.000000,0.000000,0.000000,0.000000,0.000000,0.000000,0.000000,0.000000,0.000000,0.000000,0.000000,0.000001,0.000003,0.000008,0.000022,0.000055,0.000133,0.000305,0.000668,0.001393,0.002772,0.005273,0.009593,0.016708,0.027889,0.044660,0.068684,0.101557,0.144545,0.198277,0.262486,0.335849,0.415996,0.499695,0.583203,0.662703,0.734720,0.796441,0.845859,0.881733,0.903427,0.910679,0.903427,0.881733,0.845859,0.796441,0.734720,0.662703,0.583203,0.499695,0.415996,0.335849,0.262486,0.198277,0.144545,0.101557,0.068684,0.044660,0.027889,0.016708,0.009593,0.005273,0.002772,0.001393,0.000668,0.000305,0.000133,0.000055,0.000022,0.000008,0.000003,0.000001,0.000000]
1.427997,1.000000,[0.000000,0.000000,0.000000,0.000000,0.000000,0.000000,0.000000,0.000000,0.000000,0.000000,0.000000,0.000000,0.000000,0.000000,0.000000,0.000000,0.000000,0.000000,0.000000,0.000000,0.000000,0.000000,0.000000,0.000000,0.000000,0.000000,0.000000,0.000000,0.000000,0.000000,0.000000,0.000000,0.000000,0.000000,0.000000,0.000000,0.000000,0.000000,0.000001,0.000002,0.000005,0.000015,0.000038,0.000094,0.000219,0.000486,0.001030,0.002083,0.004023,0.007433,0.013151,0.022299,0.036275,0.056672,0.085121,0.123051,0.171411,0.230381,0.299168,0.375923,0.457845,0.541449,0.622953,0.698712,0.765581,0.821150,0.863796,0.892580,0.907053,0.907053,0.892580,0.863796,0.821150,0.765581,0.698712,0.622953,0.541449,0.457845,0.375923,0.299168,0.230381,0.171411,0.123051,0.085121,0.056672,0.036275,0.022299,0.013151,0.007433,0.004023,0.002083,0.001030,0.000486,0.000219,0.000094,0.000038,0.000015,0.000005,0.000002,0.000000]
1.443863,1.000000,[0.000000,0.000000,0.000000,0.000000,0.000000,0.000000,0.000000,0.000000,0.000000,0.000000,0.000000,0.000000,0.000000,0.000000,0.000000,0.000000,0.000000,0.000000,0.000000,0.000000,0.000000,0.000000,0.000000,0.000000,0.000000,0.000000,0.000000,0.000000,0.000000,0.000000,0.000000,0.000000,0.000000,0.000000,0.000000,0.000000,0.000000,0.000000,0.000000,0.000001,0.000004,0.000010,0.000027,0.000066,0.000156,0.000353,0.000758,0.001556,0.003053,0.005728,0.010292,0.017725,0.029287,0.046473,0.070896,0.104086,0.147231,0.200896,0.264774,0.337545,0.416884,0.499647,0.582201,0.660832,0.732146,0.793365,0.842473,0.878188,0.899817,0.907053,0.899817,0.878188,0.842473,0.793365,0.732146,0.660832,0.582201,0.499647,0.416884,0.337545,0.264774,0.200896,0.147231,0.104086,0.070896,0.046473,0.029287,0.017725,0.010292,0.005728,0.003053,0.001556,0.000758,0.000353,0.000156,0.000066,0.000027,0.000010,0.000004,0.000000]
1.459730,1.000000,[0.000000,0.000000,0.000000,0.000000,0.000000,0.000000,0.000000,0.000000,0.000000,0.000000,0.000000,0.000000,0.000000,0.000000,0.000000,0.000000,0.000000,0.000000,0.000000,0.000000,0.000000,0.000000,0.000000,0.000000,0.000000,0.000000,0.000000,0.000000,0.000000,0.000000,0.000000,0.000000,0.000000,0.000000,0.000000,0.000000,0.000000,0.000000,0.000000,0.000001,0.000002,0.000007,0.000018,0.000046,0.000111,0.000255,0.000555,0.001157,0.002305,0.004390,0.008010,0.014008,0.023506,0.037880,0.058685,0.087491,0.125659,0.174064,0.232835,0.301160,0.377215,0.458266,0.540924,0.621517,0.696489,0.762756,0.817919,0.860330,0.889002,0.903435,0.903435,0.889002,0.860330,0.817919,0.762756,0.696489,0.621517,0.540924,0.458266,0.377215,0.301160,0.232835,0.174064,0.125659,0.087491,0.058685,0.037880,0.023506,0.014008,0.008010,0.004390,0.002305,0.001157,0.000555,0.000255,0.000111,0.000046,0.000018,0.000007,0.000000]
1.475597,1.000000,[0.000000,0.000000,0.000000,0.000000,0.000000,0.000000,0.000000,0.000000,0.000000,0.000000,0.000000,0.000000,0.000000,0.000000,0.000000,0.000000,0.000000,0.000000,0.000000,0.000000,0.000000,0.000000,0.000000,0.000000,0.000000,0.000000,0.000000,0.000000,0.000000,0.000000,0.000000,0.000000,0.000000,0.000000,0.000000,0.000000,0.000000,0.000000,0.000000,0.000001,0.000002,0.000005,0.000013,0.000032,0.000079,0.000183,0.000405,0.000856,0.001731,0.003348,0.006200,0.011009,0.018757,0.030693,0.048282,0.073088,0.106575,0.149861,0.203450,0.266998,0.339187,0.417740,0.499595,0.581221,0.659003,0.729623,0.790338,0.839125,0.874666,0.896219,0.903435,0.896219,0.874666,0.839125,0.790338,0.729623,0.659003,0.581221,0.499595,0.417740,0.339187,0.266998,0.203450,0.149861,0.106575,0.073088,0.048282,0.030693,0.018757,0.011009,0.006200,0.003348,0.001731,0.000856,0.000405,0.000183,0.000079,0.000032,0.000013,0.000000]
1.491463,1.000000,[0.000000,0.000000,0.000000,0.000000,0.000000,0.000000,0.000000,0.000000,0.000000,0.000000,0.000000,0.000000,0.000000,0.000000,0.000000,0.000000,0.000000,0.000000,0.000000,0.000000,0.000000,0.000000,0.000000,0.000000,0.000000,0.000000,0.000000,0.000000,0.000000,0.000000,0.000000,0.000000,0.000000,0.000000,0.000000,0.000000,0.000000,0.000000,0.000000,0.000000,0.000001,0.000003,0.000009,0.000022,0.000056,0.000131,0.000294,0.000631,0.001294,0.002539,0.004774,0.008605,0.014883,0.024725,0.039488,0.060685,0.089831,0.128218,0.176655,0.235224,0.303092,0.378464,0.458668,0.540408,0.620112,0.694313,0.759980,0.814731,0.856896,0.885442,0.899827,0.899827,0.885442,0.856896,0.814731,0.759980,0.694313,0.620112,0.540408,0.458668,0.378464,0.303092,0.235224,0.176655,0.128218,0.089831,0.060685,0.039488,0.024725,0.014883,0.008605,0.004774,0.002539,0.001294,0.000631,0.000294,0.000131,0.000056,0.000022,0.000000]
1.507330,1.000000,[0.000000,0.000000,0.000000,0.000000,0.000000,0.000000,0.000000,0.000000,0.000000,0.000000,0.000000,0.000000,0.000000,0.000000,0.000000,0.000000,0.000000,0.000000,0.000000,0.000000,0.000000,0.000000,0.000000,0.000000,0.000000,0.000000,0.000000,0.000000,0.000000,0.000000,0.000000,0.000000,0.000000,0.000000,0.000000,0.000000,0.000000,0.000000,0.000000,0.000000,0.000001,0.000002,0.000006,0.000016,0.000039,0.000093,0.000212,0.000462,0.000962,0.001916,0.003657,0.006689,0.011744,0.019804,0.032106,0.050086,0.075258,0.109025,0.152437,0.205939,0.269158,0.340778,0.418566,0.499538,0.580260,0.657212,0.727146,0.787356,0.835813,0.871169,0.892635,0.899827,0.892635,0.871169,0.835813,0.787356,0.727146,0.657212,0.580260,0.499538,0.418566,0.340778,0.269158,0.205939,0.152437,0.109025,0.075258,0.050086,0.032106,0.019804,0.011744,0.006689,0.003657,0.001916,0.000962,0.000462,0.000212,0.000093,0.000039,0.000000]
1.523196,1.000000,[0.000000,0.000000,0.000000,0.000000,0.000000,0.000000,0.000000,0.000000,0.000000,0.000000,0.000000,0.000000,0.000000,0.000000,0.000000,0.000000,0.000000,0.000000,0.000000,0.000000,0.000000,0.000000,0.000000,0.000000,0.000000,0.000000,0.000000,0.000000,0.000000,0.000000,0.000000,0.000000,0.000000,0.000000,0.000000,0.000000,0.000000,0.000000,0.000000,0.000000,0.000000,0.000001,0.000004,0.000011,0.000027,0.000066,0.000153,0.000337,0.000712,0.001439,0.002786,0.005173,0.009217,0.015774,0.025955,0.041096,0.062672,0.092142,0.130731,0.179188,0.237549,0.304968,0.379672,0.459052,0.539899,0.618736,0.692179,0.757251,0.811585,0.853491,0.881902,0.896231,0.896231,0.881902,0.853491,0.811585,0.757251,0.692179,0.618736,0.539899,0.459052,0.379672,0.304968,0.237549,0.179188,0.130731,0.092142,0.062672,0.041096,0.025955,0.015774,0.009217,0.005173,0.002786,0.001439,0.000712,0.000337,0.000153,0.000066,0.000000]
1.539063,1.000000,[0.000000,0.000000,0.000000,0.000000,0.000000,0.000000,0.000000,0.000000,0.000000,0.000000,0.000000,0.000000,0.000000,0.000000,0.000000,0.000000,0.000000,0.000000,0.000000,0.000000,0.000000,0.000000,0.000000,0.000000,0.000000,0.000000,0.000000,0.000000,0.000000,0.000000,0.000000,0.000000,0.000000,0.000000,0.000000,0.000000,0.000000,0.000000,0.000000,0.000000,0.000000,0.000001,0.000003,0.000007,0.000019,0.000047,0.000109,0.000245,0.000525,0.001076,0.002113,0.003980,0.007195,0.012495,0.020865,0.033526,0.051884,0.077407,0.111436,0.154959,0.208368,0.271258,0.342320,0.419362,0.499475,0.579317,0.655458,0.724715,0.784418,0.832538,0.867697,0.889066,0.896231,0.889066,0.867697,0.832538,0.784418,0.724715,0.655458,0.579317,0.499475,0.419362,0.342320,0.271258,0.208368,0.154959,0.111436,0.077407,0.051884,0.033526,0.020865,0.012495,0.007195,0.003980,0.002113,0.001076,0.000525,0.000245,0.000109,0.000000]
1.554930,1.000000,[0.000000,0.000000,0.000000,0.000000,0.000000,0.000000,0.000000,0.000000,0.000000,0.000000,0.000000,0.000000,0.000000,0.000000,0.000000,0.000000,0.000000,0.000000,0.000000,0.000000,0.000000,0.000000,0.000000,0.000000,0.000000,0.000000,0.000000,0.000000,0.000000,0.000000,0.000000,0.000000,0.000000,0.000000,0.000000,0.000000,0.000000,0.000000,0.000000,0.000000,0.000000,0.000001,0.000002,0.000005,0.000013,0.000033,0.000078,0.000177,0.000385,0.000800,0.001594,0.003046,0.005587,0.009845,0.016680,0.027195,0.042705,0.064646,0.094422,0.133198,0.181664,0.239813,0.306789,0.380841,0.459418,0.539396,0.617388,0.690086,0.754566,0.808478,0.850117,0.878381,0.892648,0.892648,0.878381,0.850117,0.808478,0.754566,0.690086,0.617388,0.539396,0.459418,0.380841,0.306789,0.239813,0.181664,0.133198,0.094422,0.064646,0.042705,0.027195,0.016680,0.009845,0.005587,0.003046,0.001594,0.000800,0.000385,0.000177,0.000000]
1.570796,1.000000,[0.000000,0.000000,0.000000,0.000000,0.000000,0.000000,0.000000,0.000000,0.000000,0.000000,0.000000,0.000000,0.000000,0.000000,0.000000,0.000000,0.000000,0.000000,0.000000,0.000000,0.000000,0.000000,0.000000,0.000000,0.000000,0.000000,0.000000,0.000000,0.000000,0.000000,0.000000,0.000000,0.000000,0.000000,0.000000,0.000000,0.000000,0.000000,0.000000,0.000000,0.000000,0.000000,0.000001,0.000003,0.000009,0.000023,0.000055,0.000128,0.000281,0.000593,0.001197,0.002320,0.004317,0.007716,0.013263,0.021938,0.034950,0.053675,0.079534,0.113810,0.157431,0.210739,0.273301,0.343815,0.420130,0.499407,0.578392,0.653737,0.722326,0.781522,0.829298,0.864249,0.885515,0.892648,0.885515,0.864249,0.829298,0.781522,0.722326,0.653737,0.578392,0.499407,0.420130,0.343815,0.273301,0.210739,0.157431,0.113810,0.079534,0.053675,0.034950,0.021938,0.013263,0.007716,0.004317,0.002320,0.001197,0.000593,0.000281,0.000000]
1.586663,1.000000,[0.000000,0.000000,0.000000,0.000000,0.000000,0.000000,0.000000,0.000000,0.000000,0.000000,0.000000,0.000000,0.000000,0.000000,0.000000,0.000000,0.000000,0.000000,0.000000,0.000000,0.000000,0.000000,0.000000,0.000000,0.000000,0.000000,0.000000,0.000000,0.000000,0.000000,0.000000,0.000000,0.000000,0.000000,0.000000,0.000000,0.000000,0.000000,0.000000,0.000000,0.000000,0.000000,0.000001,0.000002,0.000006,0.000016,0.000039,0.000092,0.000204,0.000437,0.000895,0.001759,0.003319,0.006016,0.010489,0.017600,0.028444,0.044313,0.066604,0.096672,0.135620,0.184085,0.242020,0.308558,0.381972,0.459769,0.538900,0.616064,0.688032,0.751924,0.805410,0.846773,0.874882,0.889082,0.889082,0.874882,0.846773,0.805410,0.751924,0.688032,0.616064,0.538900,0.459769,0.381972,0.308558,0.242020,0.184085,0.135620,0.096672,0.066604,0.044313,0.028444,0.017600,0.010489,0.006016,0.003319,0.001759,0.000895,0.000437,0.000000]
1.602530,1.000000,[0.000000,0.000000,0.000000,0.000000,0.000000,0.000000,0.000000,0.000000,0.000000,0.000000,0.000000,0.000000,0.000000,0.000000,0.000000,0.000000,0.000000,0.000000,0.000000,0.000000,0.000000,0.000000,0.000000,0.000000,0.000000,0.000000,0.000000,0.000000,0.000000,0.000000,0.000000,0.000000,0.000000,0.000000,0.000000,0.000000,0.000000,0.000000,0.000000,0.000000,0.000000,0.000000,0.000001,0.000002,0.000004,0.000011,0.000028,0.000065,0.000148,0.000321,0.000666,0.001327,0.002539,0.004668,0.008253,0.014045,0.023022,0.036378,0.055459,0.081638,0.116146,0.159852,0.213052,0.275289,0.345265,0.420870,0.499334,0.577482,0.652048,0.719978,0.778667,0.826092,0.860828,0.881982,0.889082,0.881982,0.860828,0.826092,0.778667,0.719978,0.652048,0.577482,0.499334,0.420870,0.345265,0.275289,0.213052,0.159852,0.116146,0.081638,0.055459,0.036378,0.023022,0.014045,0.008253,0.004668,0.002539,0.001327,0.000666,0.000000]
1.618396,1.000000,[0.000000,0.000000,0.000000,0.000000,0.000000,0.000000,0.000000,0.000000,0.000000,0.000000,0.000000,0.000000,0.000000,0.000000,0.000000,0.000000,0.000000,0.000000,0.000000,0.000000,0.000000,0.000000,0.000000,0.000000,0.000000,0.000000,0.000000,0.000000,0.000000,0.000000,0.000000,0.000000,0.000000,0.000000,0.000000,0.000000,0.000000,0.000000,0.000000,0.000000,0.000000,0.000000,0.000000,0.000001,0.000003,0.000008,0.000019,0.000047,0.000107,0.000234,0.000493,0.000996,0.001933,0.003603,0.006460,0.011149,0.018533,0.029700,0.045918,0.068548,0.098892,0.137999,0.186452,0.244171,0.310277,0.383068,0.460102,0.538408,0.614765,0.686013,0.749323,0.802379,0.843460,0.871405,0.885532,0.885532,0.871405,0.843460,0.802379,0.749323,0.686013,0.614765,0.538408,0.460102,0.383068,0.310277,0.244171,0.186452,0.137999,0.098892,0.068548,0.045918,0.029700,0.018533,0.011149,0.006460,0.003603,0.001933,0.000996,0.000000]
1.634263,1.000000,[0.000000,0.000000,0.000000,0.000000,0.000000,0.000000,0.000000,0.000000,0.000000,0.000000,0.000000,0.000000,0.000000,0.000000,0.000000,0.000000,0.000000,0.000000,0.000000,0.000000,0.000000,0.000000,0.000000,0.000000,0.000000,0.000000,0.000000,0.000000,0.000000,0.000000,0.000000,0.000000,0.000000,0.000000,0.000000,0.000000,0.000000,0.000000,0.000000,0.000000,0.000000,0.000000,0.000000,0.000001,0.000002,0.000005,0.000014,0.000033,0.000077,0.000170,0.000364,0.000745,0.001465,0.002768,0.005032,0.008805,0.014841,0.024117,0.037809,0.057233,0.083720,0.118446,0.162226,0.215312,0.277224,0.346672,0.421585,0.499255,0.576587,0.650389,0.717668,0.775851,0.822920,0.857432,0.878468,0.885532,0.878468,0.857432,0.822920,0.775851,0.717668,0.650389,0.576587,0.499255,0.421585,0.346672,0.277224,0.215312,0.162226,0.118446,0.083720,0.057233,0.037809,0.024117,0.014841,0.008805,0.005032,0.002768,0.001465,0.000000]
1.650129,1.000000,[0.000000,0.000000,0.000000,0.000000,0.000000,0.000000,0.000000,0.000000,0.000000,0.000000,0.000000,0.000000,0.000000,0.000000,0.000000,0.000000,0.000000,0.000000,0.000000,0.000000,0.000000,0.000000,0.000000,0.000000,0.000000,0.000000,0.000000,0.000000,0.000000,0.000000,0.000000,0.000000,0.000000,0.000000,0.000000,0.000000,0.000000,0.000000,0.000000,0.000000,0.000000,0.000000,0.000000,0.000000,0.000001,0.000004,0.000009,0.000023,0.000055,0.000124,0.000267,0.000554,0.001105,0.002116,0.003900,0.006918,0.011823,0.019479,0.030963,0.047521,0.070477,0.101083,0.140336,0.188769,0.246268,0.311948,0.384129,0.460420,0.537921,0.613488,0.684028,0.746759,0.799385,0.840176,0.867950,0.882000,0.882000,0.867950,0.840176,0.799385,0.746759,0.684028,0.613488,0.537921,0.460420,0.384129,0.311948,0.246268,0.188769,0.140336,0.101083,0.070477,0.047521,0.030963,0.019479,0.011823,0.006918,0.003900,0.002116,0.000000]
1.665996,1.000000,[0.000000,0.000000,0.000000,0.000000,0.000000,0.000000,0.000000,0.000000,0.000000,0.000000,0.000000,0.000000,0.000000,0.000000,0.000000,0.000000,0.000000,0.000000,0.000000,0.000000,0.000000,0.000000,0.000000,0.000000,0.000000,0.000000,0.000000,0.000000,0.000000,0.000000,0.000000,0.000000,0.000000,0.000000,0.000000,0.000000,0.000000,0.000000,0.000000,0.000000,0.000000,0.000000,0.000000,0.000000,0.000001,0.000003,0.000007,0.000016,0.000039,0.000089,0.000195,0.000411,0.000830,0.001610,0.003008,0.005409,0.009370,0.015651,0.025221,0.039242,0.058999,0.085780,0.120709,0.164552,0.217518,0.279108,0.348038,0.422274,0.499170,0.575704,0.648758,0.715394,0.773072,0.819781,0.854063,0.874975,0.882000,0.874975,0.854063,0.819781,0.773072,0.715394,0.648758,0.575704,0.499170,0.422274,0.348038,0.279108,0.217518,0.164552,0.120709,0.085780,0.058999,0.039242,0.025221,0.015651,0.009370,0.005409,0.003008,0.000000]
1.681863,1.000000,[0.000000,0.000000,0.000000,0.000000,0.000000,0.000000,0.000000,0.000000,0.000000,0.000000,0.000000,0.000000,0.000000,0.000000,0.000000,0.000000,0.000000,0.000000,0.000000,0.000000,0.000000,0.000000,0.000000,0.000000,0.000000,0.000000,0.000000,0.000000,0.000000,0.000000,0.000000,0.000000,0.000000,0.000000,0.000000,0.000000,0.000000,0.000000,0.000000,0.000000,0.000000,0.000000,0.000000,0.000000,0.000001,0.000002,0.000005,0.000011,0.000028,0.000064,0.000142,0.000303,0.000620,0.001220,0.002309,0.004208,0.007390,0.012511,0.020436,0.032232,0.049121,0.072389,0.103245,0.142631,0.191035,0.248313,0.313573,0.385156,0.460722,0.537437,0.612231,0.682076,0.744233,0.796426,0.836922,0.864519,0.878488,0.878488,0.864519,0.836922,0.796426,0.744233,0.682076,0.612231,0.537437,0.460722,0.385156,0.313573,0.248313,0.191035,0.142631,0.103245,0.072389,0.049121,0.032232,0.020436,0.012511,0.007390,0.004208,0.000000]
1.697729,1.000000,[0.000000,0.000000,0.000000,0.000000,0.000000,0.000000,0.000000,0.000000,0.000000,0.000000,0.000000,0.000000,0.000000,0.000000,0.000000,0.000000,0.000000,0.000000,0.000000,0.000000,0.000000,0.000000,0.000000,0.000000,0.000000,0.000000,0.000000,0.000000,0.000000,0.000000,0.000000,0.000000,0.000000,0.000000,0.000000,0.000000,0.000000,0.000000,0.000000,0.000000,0.000000,0.000000,0.000000,0.000000,0.000000,0.000001,0.000003,0.000008,0.000020,0.000046,0.000103,0.000223,0.000462,0.000920,0.001765,0.003259,0.005799,0.009950,0.016473,0.026334,0.040676,0.060755,0.087817,0.122938,0.166833,0.219674,0.280943,0.349365,0.422939,0.499080,0.574834,0.647154,0.713155,0.770330,0.816674,0.850720,0.871503,0.878488,0.871503,0.850720,0.816674,0.770330,0.713155,0.647154,0.574834,0.499080,0.422939,0.349365,0.280943,0.219674,0.166833,0.122938,0.087817,0.060755,0.040676,0.026334,0.016473,0.009950,0.005799,0.000000]
1.713596,1.000000,[0.000000,0.000000,0.000000,0.000000,0.000000,0.000000,0.000000,0.000000,0.000000,0.000000,0.000000,0.000000,0.000000,0.000000,0.000000,0.000000,0.000000,0.000000,0.000000,0.000000,0.000000,0.000000,0.000000,0.000000,0.000000,0.000000,0.000000,0.000000,0.000000,0.000000,0.000000,0.000000,0.000000,0.000000,0.000000,0.000000,0.000000,0.000000,0.000000,0.000000,0.000000,0.000000,0.000000,0.000000,0.000000,0.000001,0.000002,0.000006,0.000014,0.000033,0.000075,0.000163,0.000342,0.000691,0.001342,0.002512,0.004529,0.007875,0.013212,0.021404,0.033505,0.050716,0.074286,0.105377,0.144885,0.193254,0.250309,0.315154,0.386152,0.461010,0.536957,0.610994,0.680154,0.741742,0.793502,0.833697,0.861112,0.874995,0.874995,0.861112,0.833697,0.793502,0.741742,0.680154,0.610994,0.536957,0.461010,0.386152,0.315154,0.250309,0.193254,0.144885,0.105377,0.074286,0.050716,0.033505,0.021404,0.013212,0.007875,0.000000]
1.729463,1.000000,[0.000000,0.000000,0.000000,0.000000,0.000000,0.000000,0.000000,0.000000,0.000000,0.000000,0.000000,0.000000,0.000000,0.000000,0.000000,0.000000,0.000000,0.000000,0.000000,0.000000,0.000000,0.000000,0.000000,0.000000,0.000000,0.000000,0.000000,0.000000,0.000000,0.000000,0.000000,0.000000,0.000000,0.000000,0.000000,0.000000,0.000000,0.000000,0.000000,0.000000,0.000000,0.000000,0.000000,0.000000,0.000000,0.000001,0.000001,0.000004,0.000010,0.000023,0.000054,0.000119,0.000253,0.000516,0.001017,0.001927,0.003520,0.006202,0.010543,0.017308,0.027454,0.042110,0.062501,0.089832,0.125131,0.169069,0.221781,0.282731,0.350653,0.423581,0.498983,0.573976,0.645574,0.710948,0.767622,0.813600,0.847405,0.868054,0.874995,0.868054,0.847405,0.813600,0.767622,0.710948,0.645574,0.573976,0.498983,0.423581,0.350653,0.282731,0.221781,0.169069,0.125131,0.089832,0.062501,0.042110,0.027454,0.017308,0.010543,0.000000]
1.745329,1.000000,[0.000000,0.000000,0.000000,0.000000,0.000000,0.000000,0.000000,0.000000,0.000000,0.000000,0.000000,0.000000,0.000000,0.000000,0.000000,0.000000,0.000000,0.000000,0.000000,0.000000,0.000000,0.000000,0.000000,0.000000,0.000000,0.000000,0.000000,0.000000,0.000000,0.000000,0.000000,0.000000,0.000000,0.000000,0.000000,0.000000,0.000000,0.000000,0.000000,0.000000,0.000000,0.000000,0.000000,0.000000,0.000000,0.000000,0.000001,0.000003,0.000007,0.000016,0.000038,0.000086,0.000186,0.000384,0.000767,0.001472,0.002724,0.004861,0.008372,0.013925,0.022381,0.034782,0.052306,0.076166,0.107481,0.147100,0.195425,0.252256,0.316692,0.387117,0.461282,0.536479,0.609775,0.678261,0.739285,0.790611,0.830502,0.857729,0.871525,0.871525,0.857729,0.830502,0.790611,0.739285,0.678261,0.609775,0.536479,0.461282,0.387117,0.316692,0.252256,0.195425,0.147100,0.107481,0.076166,0.052306,0.034782,0.022381,0.013925,0.000000]
1.761196,1.000000,[0.000000,0.000000,0.000000,0.000000,0.000000,0.000000,0.000000,0.000000,0.000000,0.000000,0.000000,0.000000,0.000000,0.000000,0.000000,0.000000,0.000000,0.000000,0.000000,0.000000,0.000000,0.000000,0.000000,0.000000,0.000000,0.000000,0.000000,0.000000,0.000000,0.000000,0.000000,0.000000,0.000000,0.000000,0.000000,0.000000,0.000000,0.000000,0.000000,0.000000,0.000000,0.000000,0.000000,0.000000,0.000000,0.000000,0.000001,0.000002,0.000005,0.000012,0.000027,0.000062,0.000136,0.000285,0.000576,0.001119,0.002098,0.003792,0.006617,0.011149,0.018153,0.028582,0.043544,0.064236,0.091824,0.127291,0.171263,0.223841,0.284474,0.351905,0.424200,0.498881,0.573127,0.644018,0.708773,0.764948,0.810556,0.844116,0.864627,0.871525,0.864627,0.844116,0.810556,0.764948,0.708773,0.644018,0.573127,0.498881,0.424200,0.351905,0.284474,0.223841,0.171263,0.127291,0.091824,0.064236,0.043544,0.028582,0.018153,0.000000]
