t,c,u
0.000000,1.000000,[0.000000,0.000000,0.000000,0.000000,0.000000,0.000000,0.000000,0.000000,0.000000,0.000000,0.000000,0.000000,0.000000,0.000000,0.000000,0.000000,1.000000,1.000000,1.000000,1.000000,1.000000,1.000000,1.000000,1.000000,1.000000,1.000000,1.000000,1.000000,1.000000,1.000000,1.000000,1.000000,0.000000,0.000000,0.000000,0.000000,0.000000,0.000000,0.000000,0.000000,0.000000,0.000000,0.000000,0.000000,0.000000,0.000000,0.000000,0.000000,0.000000,0.000000,0.000000,0.000000,0.000000,0.000000,0.000000,0.000000,0.000000,0.000000,0.000000,0.000000,0.000000,0.000000,0.000000,0.000000,0.000000,0.000000,0.000000,0.000000,0.000000,0.000000,0.000000,0.000000,0.000000,0.000000,0.000000,0.000000,0.000000,0.000000,0.000000,0.000000,0.000000,0.000000,0.000000,0.000000,0.000000,0.000000,0.000000,0.000000,0.000000,0.000000,0.000000,0.000000,0.000000,0.000000,0.000000,0.000000,0.000000,0.000000,0.000000,0.000000]
0.015867,1.000000,[0.000000,0.000000,0.000000,0.000000,0.000000,0.000000,0.000000,0.000000,0.000000,0.000000,0.000000,0.000000,0.000000,0.000000,0.000000,0.250000,0.250000,1.000000,1.000000,1.000000,1.000000,1.000000,1.000000,1.000000,1.000000,1.000000,1.000000,1.000000,1.000000,1.000000,1.000000,0.750000,0.750000,0.000000,0.000000,0.000000,0.000000,0.000000,0.000000,0.000000,0.000000,0.000000,0.000000,0.000000,0.000000,0.000000,0.000000,0.000000,0.000000,0.000000,0.000000,0.000000,0.000000,0.000000,0.000000,0.000000,0.000000,0.000000,0.000000,0.000000,0.000000,0.000000,0.000000,0.000000,0.000000,0.000000,0.000000,0.000000,0.000000,0.000000,0.000000,0.000000,0.000000,0.000000,0.000000,0.000000,0.000000,0.000000,0.000000,0.000000,0.000000,0.000000,0.000000,0.000000,0.000000,0.000000,0.000000,0.000000,0.000000,0.000000,0.000000,0.000000,0.000000,0.000000,0.000000,0.000000,0.000000,0.000000,0.000000,0.000000]
0.031733,1.000000,[0.000000,0.000000,0.000000,0.000000,0.000000,0.000000,0.000000,0.000000,0.000000,0.000000,0.000000,0.000000,0.000000,0.000000,0.062500,0.062500,0.437500,0.437500,1.000000,1.000000,1.000000,1.000000,1.000000,1.000000,1.000000,1.000000,1.000000,1.000000,1.000000,1.000000,0.937500,0.937500,0.562500,0.562500,0.000000,0.000000,0.000000,0.000000,0.000000,0.000000,0.000000,0.000000,0.000000,0.000000,0.000000,0.000000,0.000000,0.000000,0.000000,0.000000,0.000000,0.000000,0.000000,0.000000,0.000000,0.000000,0.000000,0.000000,0.000000,0.000000,0.000000,0.000000,0.000000,0.000000,0.000000,0.000000,0.000000,0.000000,0.000000,0.000000,0.000000,0.000000,0.000000,0.000000,0.000000,0.000000,0.000000,0.000000,0.000000,0.000000,0.000000,0.000000,0.000000,0.000000,0.000000,0.000000,0.000000,0.000000,0.000000,0.000000,0.000000,0.000000,0.000000,0.000000,0.000000,0.000000,0.000000,0.000000,0.000000,0.000000]
0.047600,1.000000,[0.000000,0.000000,0.000000,0.000000,0.000000,0.000000,0.000000,0.000000,0.000000,0.000000,0.000000,0.000000,0.000000,0.015625,0.015625,0.156250,0.156250,0.578125,0.578125,1.000000,1.000000,1.000000,1.000000,1.000000,1.000000,1.000000,1.000000,1.000000,1.000000,0.984375,0.984375,0.843750,0.843750,0.421875,0.421875,0.000000,0.000000,0.000000,0.000000,0.000000,0.000000,0.000000,0.000000,0.000000,0.000000,0.000000,0.000000,0.000000,0.000000,0.000000,0.000000,0.000000,0.000000,0.000000,0.000000,0.000000,0.000000,0.000000,0.000000,0.000000,0.000000,0.000000,0.000000,0.000000,0.000000,0.000000,0.000000,0.000000,0.000000,0.000000,0.000000,0.000000,0.000000,0.000000,0.000000,0.000000,0.000000,0.000000,0.000000,0.000000,0.000000,0.000000,0.000000,0.000000,0.000000,0.000000,0.000000,0.000000,0.000000,0.000000,0.000000,0.000000,0.000000,0.000000,0.000000,0.000000,0.000000,0.000000,0.000000,0.000000]
0.063467,1.000000,[0.000000,0.000000,0.000000,0.000000,0.000000,0.000000,0.000000,0.000000,0.000000,0.000000,0.000000,0.000000,0.003906,0.003906,0.050781,0.050781,0.261719,0.261719,0.683594,0.683594,1.000000,1.000000,1.000000,1.000000,1.000000,1.000000,1.000000,1.000000,0.996094,0.996094,0.949219,0.949219,0.738281,0.738281,0.316406,0.316406,0.000000,0.000000,0.000000,0.000000,0.000000,0.000000,0.000000,0.000000,0.000000,0.000000,0.000000,0.000000,0.000000,0.000000,0.000000,0.000000,0.000000,0.000000,0.000000,0.000000,0.000000,0.000000,0.000000,0.000000,0.000000,0.000000,0.000000,0.000000,0.000000,0.000000,0.000000,0.000000,0.000000,0.000000,0.000000,0.000000,0.000000,0.000000,0.000000,0.000000,0.000000,0.000000,0.000000,0.000000,0.000000,0.000000,0.000000,0.000000,0.000000,0.000000,0.000000,0.000000,0.000000,0.000000,0.000000,0.000000,0.000000,0.000000,0.000000,0.000000,0.000000,0.000000,0.000000,0.000000]
0.079333,1.000000,[0.000000,0.000000,0.000000,0.000000,0.000000,0.000000,0.000000,0.000000,0.000000,0.000000,0.000000,0.000977,0.000977,0.015625,0.015625,0.103516,0.103516,0.367188,0.367188,0.762695,0.762695,1.000000,1.000000,1.000000,1.000000,1.000000,1.000000,0.999023,0.999023,0.984375,0.984375,0.896484,0.896484,0.632812,0.632812,0.237305,0.237305,0.000000,0.000000,0.000000,0.000000,0.000000,0.000000,0.000000,0.000000,0.000000,0.000000,0.000000,0.000000,0.000000,0.000000,0.000000,0.000000,0.000000,0.000000,0.000000,0.000000,0.000000,0.000000,0.000000,0.000000,0.000000,0.000000,0.000000,0.000000,0.000000,0.000000,0.000000,0.000000,0.000000,0.000000,0.000000,0.000000,0.000000,0.000000,0.000000,0.000000,0.000000,0.000000,0.000000,0.000000,0.000000,0.000000,0.000000,0.000000,0.000000,0.000000,0.000000,0.000000,0.000000,0.000000,0.000000,0.000000,0.000000,0.000000,0.000000,0.000000,0.000000,0.000000,0.000000]
0.095200,1.000000,[0.000000,0.000000,0.000000,0.000000,0.000000,0.000000,0.000000,0.000000,0.000000,0.000000,0.000244,0.000244,0.004639,0.004639,0.037598,0.037598,0.169434,0.169434,0.466064,0.466064,0.822021,0.822021,1.000000,1.000000,1.000000,1.000000,0.999756,0.999756,0.995361,0.995361,0.962402,0.962402,0.830566,0.830566,0.533936,0.533936,0.177979,0.177979,0.000000,0.000000,0.000000,0.000000,0.000000,0.000000,0.000000,0.000000,0.000000,0.000000,0.000000,0.000000,0.000000,0.000000,0.000000,0.000000,0.000000,0.000000,0.000000,0.000000,0.000000,0.000000,0.000000,0.000000,0.000000,0.000000,0.000000,0.000000,0.000000,0.000000,0.000000,0.000000,0.000000,0.000000,0.000000,0.000000,0.000000,0.000000,0.000000,0.000000,0.000000,0.000000,0.000000,0.000000,0.000000,0.000000,0.000000,0.000000,0.000000,0.000000,0.000000,0.000000,0.000000,0.000000,0.000000,0.000000,0.000000,0.000000,0.000000,0.000000,0.000000,0.000000]
0.111066,1.000000,[0.000000,0.000000,0.000000,0.000000,0.000000,0.000000,0.000000,0.000000,0.000000,0.000061,0.000061,0.001343,0.001343,0.012878,0.012878,0.070557,0.070557,0.243591,0.243591,0.555054,0.555054,0.866516,0.866516,1.000000,1.000000,0.999939,0.999939,0.998657,0.998657,0.987122,0.987122,0.929443,0.929443,0.756409,0.756409,0.444946,0.444946,0.133484,0.133484,0.000000,0.000000,0.000000,0.000000,0.000000,0.000000,0.000000,0.000000,0.000000,0.000000,0.000000,0.000000,0.000000,0.000000,0.000000,0.000000,0.000000,0.000000,0.000000,0.000000,0.000000,0.000000,0.000000,0.000000,0.000000,0.000000,0.000000,0.000000,0.000000,0.000000,0.000000,0.000000,0.000000,0.000000,0.000000,0.000000,0.000000,0.000000,0.000000,0.000000,0.000000,0.000000,0.000000,0.000000,0.000000,0.000000,0.000000,0.000000,0.000000,0.000000,0.000000,0.000000,0.000000,0.000000,0.000000,0.000000,0.000000,0.000000,0.000000,0.000000,0.000000]
0.126933,1.000000,[0.000000,0.000000,0.000000,0.000000,0.000000,0.000000,0.000000,0.000000,0.000015,0.000015,0.000381,0.000381,0.004227,0.004227,0.027298,0.027298,0.113815,0.113815,0.321457,0.321457,0.632919,0.632919,0.899887,0.899887,0.999985,0.999985,0.999619,0.999619,0.995773,0.995773,0.972702,0.972702,0.886185,0.886185,0.678543,0.678543,0.367081,0.367081,0.100113,0.100113,0.000000,0.000000,0.000000,0.000000,0.000000,0.000000,0.000000,0.000000,0.000000,0.000000,0.000000,0.000000,0.000000,0.000000,0.000000,0.000000,0.000000,0.000000,0.000000,0.000000,0.000000,0.000000,0.000000,0.000000,0.000000,0.000000,0.000000,0.000000,0.000000,0.000000,0.000000,0.000000,0.000000,0.000000,0.000000,0.000000,0.000000,0.000000,0.000000,0.000000,0.000000,0.000000,0.000000,0.000000,0.000000,0.000000,0.000000,0.000000,0.000000,0.000000,0.000000,0.000000,0.000000,0.000000,0.000000,0.000000,0.000000,0.000000,0.000000,0.000000]
0.142800,1.000000,[0.000000,0.000000,0.000000,0.000000,0.000000,0.000000,0.000000,0.000004,0.000004,0.000107,0.000107,0.001343,0.001343,0.009995,0.009995,0.048927,0.048927,0.165726,0.165726,0.399323,0.399323,0.699661,0.699661,0.924911,0.924911,0.999893,0.999893,0.998657,0.998657,0.990005,0.990005,0.951073,0.951073,0.834274,0.834274,0.600677,0.600677,0.300339,0.300339,0.075085,0.075085,0.000000,0.000000,0.000000,0.000000,0.000000,0.000000,0.000000,0.000000,0.000000,0.000000,0.000000,0.000000,0.000000,0.000000,0.000000,0.000000,0.000000,0.000000,0.000000,0.000000,0.000000,0.000000,0.000000,0.000000,0.000000,0.000000,0.000000,0.000000,0.000000,0.000000,0.000000,0.000000,0.000000,0.000000,0.000000,0.000000,0.000000,0.000000,0.000000,0.000000,0.000000,0.000000,0.000000,0.000000,0.000000,0.000000,0.000000,0.000000,0.000000,0.000000,0.000000,0.000000,0.000000,0.000000,0.000000,0.000000,0.000000,0.000000,0.000000]
0.158666,1.000000,[0.000000,0.000000,0.000000,0.000000,0.000000,0.000000,0.000001,0.000001,0.000030,0.000030,0.000416,0.000416,0.003506,0.003506,0.019728,0.019728,0.078127,0.078127,0.224125,0.224125,0.474407,0.474407,0.755974,0.755974,0.943657,0.943657,0.999584,0.999584,0.996494,0.996494,0.980272,0.980272,0.921873,0.921873,0.775875,0.775875,0.525593,0.525593,0.244025,0.244025,0.056314,0.056314,0.000000,0.000000,0.000000,0.000000,0.000000,0.000000,0.000000,0.000000,0.000000,0.000000,0.000000,0.000000,0.000000,0.000000,0.000000,0.000000,0.000000,0.000000,0.000000,0.000000,0.000000,0.000000,0.000000,0.000000,0.000000,0.000000,0.000000,0.000000,0.000000,0.000000,0.000000,0.000000,0.000000,0.000000,0.000000,0.000000,0.000000,0.000000,0.000000,0.000000,0.000000,0.000000,0.000000,0.000000,0.000000,0.000000,0.000000,0.000000,0.000000,0.000000,0.000000,0.000000,0.000000,0.000000,0.000000,0.000000,0.000000,0.000000]
0.174533,1.000000,[0.000000,0.000000,0.000000,0.000000,0.000000,0.000000,0.000000,0.000008,0.000008,0.000126,0.000126,0.001188,0.001188,0.007561,0.007561,0.034328,0.034328,0.114626,0.114626,0.286695,0.286695,0.544799,0.544799,0.802895,0.802895,0.957639,0.957639,0.998812,0.998812,0.992439,0.992439,0.965672,0.965672,0.885374,0.885374,0.713305,0.713305,0.455201,0.455201,0.197097,0.197097,0.042235,0.042235,0.000000,0.000000,0.000000,0.000000,0.000000,0.000000,0.000000,0.000000,0.000000,0.000000,0.000000,0.000000,0.000000,0.000000,0.000000,0.000000,0.000000,0.000000,0.000000,0.000000,0.000000,0.000000,0.000000,0.000000,0.000000,0.000000,0.000000,0.000000,0.000000,0.000000,0.000000,0.000000,0.000000,0.000000,0.000000,0.000000,0.000000,0.000000,0.000000,0.000000,0.000000,0.000000,0.000000,0.000000,0.000000,0.000000,0.000000,0.000000,0.000000,0.000000,0.000000,0.000000,0.000000,0.000000,0.000000,0.000000,0.000000]
0.190400,1.000000,[0.000000,0.000000,0.000000,0.000000,0.000000,0.000000,0.000002,0.000002,0.000038,0.000038,0.000392,0.000392,0.002782,0.002782,0.014253,0.014253,0.054402,0.054402,0.157644,0.157644,0.351221,0.351221,0.609323,0.609323,0.841581,0.841581,0.967932,0.967932,0.997218,0.997218,0.985747,0.985747,0.945598,0.945598,0.842356,0.842356,0.648779,0.648779,0.390675,0.390675,0.158382,0.158382,0.031676,0.031676,0.000000,0.000000,0.000000,0.000000,0.000000,0.000000,0.000000,0.000000,0.000000,0.000000,0.000000,0.000000,0.000000,0.000000,0.000000,0.000000,0.000000,0.000000,0.000000,0.000000,0.000000,0.000000,0.000000,0.000000,0.000000,0.000000,0.000000,0.000000,0.000000,0.000000,0.000000,0.000000,0.000000,0.000000,0.000000,0.000000,0.000000,0.000000,0.000000,0.000000,0.000000,0.000000,0.000000,0.000000,0.000000,0.000000,0.000000,0.000000,0.000000,0.000000,0.000000,0.000000,0.000000,0.000000,0.000000,0.000000]
0.206266,1.000000,[0.000000,0.000000,0.000000,0.000000,0.000000,0.000001,0.000001,0.000011,0.000011,0.000126,0.000126,0.000989,0.000989,0.005649,0.005649,0.024290,0.024290,0.080213,0.080213,0.206038,0.206038,0.415747,0.415747,0.667387,0.667387,0.873168,0.873168,0.975254,0.975254,0.994351,0.994351,0.975710,0.975710,0.919787,0.919787,0.793962,0.793962,0.584253,0.584253,0.332602,0.332602,0.126705,0.126705,0.023757,0.023757,0.000000,0.000000,0.000000,0.000000,0.000000,0.000000,0.000000,0.000000,0.000000,0.000000,0.000000,0.000000,0.000000,0.000000,0.000000,0.000000,0.000000,0.000000,0.000000,0.000000,0.000000,0.000000,0.000000,0.000000,0.000000,0.000000,0.000000,0.000000,0.000000,0.000000,0.000000,0.000000,0.000000,0.000000,0.000000,0.000000,0.000000,0.000000,0.000000,0.000000,0.000000,0.000000,0.000000,0.000000,0.000000,0.000000,0.000000,0.000000,0.000000,0.000000,0.000000,0.000000,0.000000,0.000000,0.000000]
0.222133,1.000000,[0.000000,0.000000,0.000000,0.000000,0.000000,0.000000,0.000003,0.000003,0.000040,0.000040,0.000342,0.000342,0.002154,0.002154,0.010310,0.010310,0.038271,0.038271,0.111669,0.111669,0.258465,0.258465,0.478657,0.478657,0.718833,0.718833,0.898690,0.898690,0.980028,0.980028,0.989690,0.989690,0.961729,0.961729,0.888331,0.888331,0.741535,0.741535,0.521340,0.521340,0.281128,0.281128,0.100968,0.100968,0.017818,0.017818,0.000000,0.000000,0.000000,0.000000,0.000000,0.000000,0.000000,0.000000,0.000000,0.000000,0.000000,0.000000,0.000000,0.000000,0.000000,0.000000,0.000000,0.000000,0.000000,0.000000,0.000000,0.000000,0.000000,0.000000,0.000000,0.000000,0.000000,0.000000,0.000000,0.000000,0.000000,0.000000,0.000000,0.000000,0.000000,0.000000,0.000000,0.000000,0.000000,0.000000,0.000000,0.000000,0.000000,0.000000,0.000000,0.000000,0.000000,0.000000,0.000000,0.000000,0.000000,0.000000,0.000000,0.000000]
0.237999,1.000000,[0.000000,0.000000,0.000000,0.000000,0.000000,0.000001,0.000001,0.000012,0.000012,0.000115,0.000115,0.000795,0.000795,0.004193,0.004193,0.017300,0.017300,0.056620,0.056620,0.148368,0.148368,0.313513,0.313513,0.538701,0.538701,0.763797,0.763797,0.919024,0.919024,0.982444,0.982444,0.982700,0.982700,0.943380,0.943380,0.851632,0.851632,0.686486,0.686486,0.461287,0.461287,0.236088,0.236088,0.080181,0.080181,0.013363,0.013363,0.000000,0.000000,0.000000,0.000000,0.000000,0.000000,0.000000,0.000000,0.000000,0.000000,0.000000,0.000000,0.000000,0.000000,0.000000,0.000000,0.000000,0.000000,0.000000,0.000000,0.000000,0.000000,0.000000,0.000000,0.000000,0.000000,0.000000,0.000000,0.000000,0.000000,0.000000,0.000000,0.000000,0.000000,0.000000,0.000000,0.000000,0.000000,0.000000,0.000000,0.000000,0.000000,0.000000,0.000000,0.000000,0.000000,0.000000,0.000000,0.000000,0.000000,0.000000,0.000000,0.000000]
0.253866,1.000000,[0.000000,0.000000,0.000000,0.000000,0.000000,0.000000,0.000004,0.000004,0.000038,0.000038,0.000285,0.000285,0.001644,0.001644,0.007470,0.007470,0.027130,0.027130,0.079557,0.079557,0.189654,0.189654,0.369810,0.369810,0.594975,0.594975,0.802604,0.802604,0.934879,0.934879,0.982508,0.982508,0.972870,0.972870,0.920443,0.920443,0.810345,0.810345,0.630186,0.630186,0.404987,0.404987,0.197111,0.197111,0.063476,0.063476,0.010023,0.010023,0.000000,0.000000,0.000000,0.000000,0.000000,0.000000,0.000000,0.000000,0.000000,0.000000,0.000000,0.000000,0.000000,0.000000,0.000000,0.000000,0.000000,0.000000,0.000000,0.000000,0.000000,0.000000,0.000000,0.000000,0.000000,0.000000,0.000000,0.000000,0.000000,0.000000,0.000000,0.000000,0.000000,0.000000,0.000000,0.000000,0.000000,0.000000,0.000000,0.000000,0.000000,0.000000,0.000000,0.000000,0.000000,0.000000,0.000000,0.000000,0.000000,0.000000,0.000000,0.000000]
0.269733,1.000000,[0.000000,0.000000,0.000000,0.000000,0.000000,0.000001,0.000001,0.000012,0.000012,0.000100,0.000100,0.000625,0.000625,0.003101,0.003101,0.012385,0.012385,0.040237,0.040237,0.107082,0.107082,0.234693,0.234693,0.426101,0.426101,0.646882,0.646882,0.835673,0.835673,0.946786,0.946786,0.980098,0.980098,0.959763,0.959763,0.892918,0.892918,0.765306,0.765306,0.573886,0.573886,0.353018,0.353018,0.163702,0.163702,0.050113,0.050113,0.007517,0.007517,0.000000,0.000000,0.000000,0.000000,0.000000,0.000000,0.000000,0.000000,0.000000,0.000000,0.000000,0.000000,0.000000,0.000000,0.000000,0.000000,0.000000,0.000000,0.000000,0.000000,0.000000,0.000000,0.000000,0.000000,0.000000,0.000000,0.000000,0.000000,0.000000,0.000000,0.000000,0.000000,0.000000,0.000000,0.000000,0.000000,0.000000,0.000000,0.000000,0.000000,0.000000,0.000000,0.000000,0.000000,0.000000,0.000000,0.000000,0.000000,0.000000,0.000000,0.000000]
0.285599,1.000000,[0.000000,0.000000,0.000000,0.000000,0.000000,0.000000,0.000004,0.000004,0.000034,0.000034,0.000231,0.000231,0.001244,0.001244,0.005422,0.005422,0.019348,0.019348,0.056948,0.056948,0.138984,0.138984,0.282545,0.282545,0.481296,0.481296,0.694080,0.694080,0.863451,0.863451,0.955114,0.955114,0.975015,0.975015,0.943052,0.943052,0.861015,0.861015,0.717451,0.717451,0.518669,0.518669,0.305689,0.305689,0.135305,0.135305,0.039464,0.039464,0.005638,0.005638,0.000000,0.000000,0.000000,0.000000,0.000000,0.000000,0.000000,0.000000,0.000000,0.000000,0.000000,0.000000,0.000000,0.000000,0.000000,0.000000,0.000000,0.000000,0.000000,0.000000,0.000000,0.000000,0.000000,0.000000,0.000000,0.000000,0.000000,0.000000,0.000000,0.000000,0.000000,0.000000,0.000000,0.000000,0.000000,0.000000,0.000000,0.000000,0.000000,0.000000,0.000000,0.000000,0.000000,0.000000,0.000000,0.000000,0.000000,0.000000,0.000000,0.000000]
0.301466,1.000000,[0.000000,0.000000,0.000000,0.000000,0.000000,0.000001,0.000001,0.000012,0.000012,0.000083,0.000083,0.000484,0.000484,0.002288,0.002288,0.008903,0.008903,0.028748,0.028748,0.077457,0.077457,0.174875,0.174875,0.332233,0.332233,0.534492,0.534492,0.736422,0.736422,0.886367,0.886367,0.960089,0.960089,0.967024,0.967024,0.922543,0.922543,0.825124,0.825124,0.667755,0.667755,0.465424,0.465424,0.263093,0.263093,0.111345,0.111345,0.031007,0.031007,0.004228,0.004228,0.000000,0.000000,0.000000,0.000000,0.000000,0.000000,0.000000,0.000000,0.000000,0.000000,0.000000,0.000000,0.000000,0.000000,0.000000,0.000000,0.000000,0.000000,0.000000,0.000000,0.000000,0.000000,0.000000,0.000000,0.000000,0.000000,0.000000,0.000000,0.000000,0.000000,0.000000,0.000000,0.000000,0.000000,0.000000,0.000000,0.000000,0.000000,0.000000,0.000000,0.000000,0.000000,0.000000,0.000000,0.000000,0.000000,0.000000,0.000000,0.000000]
0.317333,1.000000,[0.000000,0.000000,0.000000,0.000000,0.000000,0.000000,0.000004,0.000004,0.000030,0.000030,0.000184,0.000184,0.000935,0.000935,0.003942,0.003942,0.013864,0.013864,0.040925,0.040925,0.101811,0.101811,0.214214,0.214214,0.382798,0.382798,0.584975,0.584975,0.773909,0.773909,0.904797,0.904797,0.961823,0.961823,0.955904,0.955904,0.898188,0.898188,0.785782,0.785782,0.617173,0.617173,0.414842,0.414842,0.225156,0.225156,0.091260,0.091260,0.024313,0.024313,0.003171,0.003171,0.000000,0.000000,0.000000,0.000000,0.000000,0.000000,0.000000,0.000000,0.000000,0.000000,0.000000,0.000000,0.000000,0.000000,0.000000,0.000000,0.000000,0.000000,0.000000,0.000000,0.000000,0.000000,0.000000,0.000000,0.000000,0.000000,0.000000,0.000000,0.000000,0.000000,0.000000,0.000000,0.000000,0.000000,0.000000,0.000000,0.000000,0.000000,0.000000,0.000000,0.000000,0.000000,0.000000,0.000000,0.000000,0.000000,0.000000,0.000000]
0.333199,1.000000,[0.000000,0.000000,0.000000,0.000000,0.000000,0.000001,0.000001,0.000010,0.000010,0.000068,0.000068,0.000372,0.000372,0.001687,0.001687,0.006423,0.006423,0.020630,0.020630,0.056147,0.056147,0.129912,0.129912,0.256360,0.256360,0.433342,0.433342,0.632208,0.632208,0.806631,0.806631,0.919054,0.919054,0.960343,0.960343,0.941475,0.941475,0.870087,0.870087,0.743630,0.743630,0.566590,0.566590,0.367420,0.367420,0.191682,0.191682,0.074523,0.074523,0.019027,0.019027,0.002378,0.002378,0.000000,0.000000,0.000000,0.000000,0.000000,0.000000,0.000000,0.000000,0.000000,0.000000,0.000000,0.000000,0.000000,0.000000,0.000000,0.000000,0.000000,0.000000,0.000000,0.000000,0.000000,0.000000,0.000000,0.000000,0.000000,0.000000,0.000000,0.000000,0.000000,0.000000,0.000000,0.000000,0.000000,0.000000,0.000000,0.000000,0.000000,0.000000,0.000000,0.000000,0.000000,0.000000,0.000000,0.000000,0.000000,0.000000,0.000000]
0.349066,1.000000,[0.000000,0.000000,0.000000,0.000000,0.000000,0.000000,0.000003,0.000003,0.000025,0.000025,0.000144,0.000144,0.000700,0.000700,0.002871,0.002871,0.009974,0.009974,0.029509,0.029509,0.074588,0.074588,0.161524,0.161524,0.300606,0.300606,0.483059,0.483059,0.675814,0.675814,0.834737,0.834737,0.929376,0.929376,0.955626,0.955626,0.923628,0.923628,0.838472,0.838472,0.699370,0.699370,0.516797,0.516797,0.323486,0.323486,0.162392,0.162392,0.060649,0.060649,0.014865,0.014865,0.001784,0.001784,0.000000,0.000000,0.000000,0.000000,0.000000,0.000000,0.000000,0.000000,0.000000,0.000000,0.000000,0.000000,0.000000,0.000000,0.000000,0.000000,0.000000,0.000000,0.000000,0.000000,0.000000,0.000000,0.000000,0.000000,0.000000,0.000000,0.000000,0.000000,0.000000,0.000000,0.000000,0.000000,0.000000,0.000000,0.000000,0.000000,0.000000,0.000000,0.000000,0.000000,0.000000,0.000000,0.000000,0.000000,0.000000,0.000000]
0.364932,1.000000,[0.000000,0.000000,0.000000,0.000000,0.000000,0.000001,0.000001,0.000009,0.000009,0.000055,0.000055,0.000283,0.000283,0.001243,0.001243,0.004647,0.004647,0.014858,0.014858,0.040779,0.040779,0.096322,0.096322,0.196295,0.196295,0.346219,0.346219,0.531247,0.531247,0.715545,0.715545,0.858396,0.858396,0.935939,0.935939,0.947626,0.947626,0.902339,0.902339,0.803697,0.803697,0.653727,0.653727,0.468469,0.468469,0.283212,0.283212,0.136957,0.136957,0.049203,0.049203,0.011595,0.011595,0.001338,0.001338,0.000000,0.000000,0.000000,0.000000,0.000000,0.000000,0.000000,0.000000,0.000000,0.000000,0.000000,0.000000,0.000000,0.000000,0.000000,0.000000,0.000000,0.000000,0.000000,0.000000,0.000000,0.000000,0.000000,0.000000,0.000000,0.000000,0.000000,0.000000,0.000000,0.000000,0.000000,0.000000,0.000000,0.000000,0.000000,0.000000,0.000000,0.000000,0.000000,0.000000,0.000000,0.000000,0.000000,0.000000,0.000000]
0.380799,1.000000,[0.000000,0.000000,0.000000,0.000000,0.000000,0.000000,0.000003,0.000003,0.000020,0.000020,0.000112,0.000112,0.000523,0.000523,0.002094,0.002094,0.007200,0.007200,0.021338,0.021338,0.054665,0.054665,0.121315,0.121315,0.233776,0.233776,0.392476,0.392476,0.577322,0.577322,0.751258,0.751258,0.877782,0.877782,0.938861,0.938861,0.936305,0.936305,0.877678,0.877678,0.766204,0.766204,0.607412,0.607412,0.422155,0.422155,0.246648,0.246648,0.115018,0.115018,0.039801,0.039801,0.009031,0.009031,0.001003,0.001003,0.000000,0.000000,0.000000,0.000000,0.000000,0.000000,0.000000,0.000000,0.000000,0.000000,0.000000,0.000000,0.000000,0.000000,0.000000,0.000000,0.000000,0.000000,0.000000,0.000000,0.000000,0.000000,0.000000,0.000000,0.000000,0.000000,0.000000,0.000000,0.000000,0.000000,0.000000,0.000000,0.000000,0.000000,0.000000,0.000000,0.000000,0.000000,0.000000,0.000000,0.000000,0.000000,0.000000,0.000000]
0.396666,1.000000,[0.000000,0.000000,0.000000,0.000000,0.000000,0.000001,0.000001,0.000007,0.000007,0.000043,0.000043,0.000215,0.000215,0.000916,0.000916,0.003370,0.003370,0.010734,0.010734,0.029670,0.029670,0.071327,0.071327,0.149430,0.149430,0.273451,0.273451,0.438687,0.438687,0.620806,0.620806,0.782889,0.782889,0.893052,0.893052,0.938222,0.938222,0.921648,0.921648,0.849810,0.849810,0.726506,0.726506,0.561098,0.561098,0.378279,0.378279,0.213741,0.213741,0.096214,0.096214,0.032109,0.032109,0.007024,0.007024,0.000753,0.000753,0.000000,0.000000,0.000000,0.000000,0.000000,0.000000,0.000000,0.000000,0.000000,0.000000,0.000000,0.000000,0.000000,0.000000,0.000000,0.000000,0.000000,0.000000,0.000000,0.000000,0.000000,0.000000,0.000000,0.000000,0.000000,0.000000,0.000000,0.000000,0.000000,0.000000,0.000000,0.000000,0.000000,0.000000,0.000000,0.000000,0.000000,0.000000,0.000000,0.000000,0.000000,0.000000,0.000000]
0.412532,1.000000,[0.000000,0.000000,0.000000,0.000000,0.000000,0.000000,0.000003,0.000003,0.000016,0.000016,0.000086,0.000086,0.000390,0.000390,0.001529,0.001529,0.005211,0.005211,0.015468,0.015468,0.040084,0.040084,0.090853,0.090853,0.180435,0.180435,0.314760,0.314760,0.484217,0.484217,0.661326,0.661326,0.810429,0.810429,0.904344,0.904344,0.934078,0.934078,0.903688,0.903688,0.818984,0.818984,0.685154,0.685154,0.515393,0.515393,0.337144,0.337144,0.184359,0.184359,0.080188,0.080188,0.025837,0.025837,0.005456,0.005456,0.000564,0.000564,0.000000,0.000000,0.000000,0.000000,0.000000,0.000000,0.000000,0.000000,0.000000,0.000000,0.000000,0.000000,0.000000,0.000000,0.000000,0.000000,0.000000,0.000000,0.000000,0.000000,0.000000,0.000000,0.000000,0.000000,0.000000,0.000000,0.000000,0.000000,0.000000,0.000000,0.000000,0.000000,0.000000,0.000000,0.000000,0.000000,0.000000,0.000000,0.000000,0.000000,0.000000,0.000000]
0.428399,1.000000,[0.000000,0.000000,0.000000,0.000000,0.000000,0.000001,0.000001,0.000006,0.000006,0.000034,0.000034,0.000162,0.000162,0.000675,0.000675,0.002450,0.002450,0.007776,0.007776,0.021622,0.021622,0.052776,0.052776,0.113249,0.113249,0.214017,0.214017,0.357124,0.357124,0.528494,0.528494,0.698602,0.698602,0.833908,0.833908,0.911778,0.911778,0.926481,0.926481,0.882512,0.882512,0.785526,0.785526,0.642714,0.642714,0.470831,0.470831,0.298948,0.298948,0.158316,0.158316,0.066600,0.066600,0.020742,0.020742,0.004233,0.004233,0.000423,0.000423,0.000000,0.000000,0.000000,0.000000,0.000000,0.000000,0.000000,0.000000,0.000000,0.000000,0.000000,0.000000,0.000000,0.000000,0.000000,0.000000,0.000000,0.000000,0.000000,0.000000,0.000000,0.000000,0.000000,0.000000,0.000000,0.000000,0.000000,0.000000,0.000000,0.000000,0.000000,0.000000,0.000000,0.000000,0.000000,0.000000,0.000000,0.000000,0.000000,0.000000,0.000000]
0.444266,1.000000,[0.000000,0.000000,0.000000,0.000000,0.000000,0.000000,0.000002,0.000002,0.000013,0.000013,0.000066,0.000066,0.000290,0.000290,0.001119,0.001119,0.003781,0.003781,0.011237,0.011237,0.029411,0.029411,0.067894,0.067894,0.138441,0.138441,0.249793,0.249793,0.399967,0.399967,0.571021,0.571021,0.732429,0.732429,0.853375,0.853375,0.915453,0.915453,0.915489,0.915489,0.858266,0.858266,0.749823,0.749823,0.599743,0.599743,0.427860,0.427860,0.263790,0.263790,0.135387,0.135387,0.055136,0.055136,0.016615,0.016615,0.003281,0.003281,0.000317,0.000317,0.000000,0.000000,0.000000,0.000000,0.000000,0.000000,0.000000,0.000000,0.000000,0.000000,0.000000,0.000000,0.000000,0.000000,0.000000,0.000000,0.000000,0.000000,0.000000,0.000000,0.000000,0.000000,0.000000,0.000000,0.000000,0.000000,0.000000,0.000000,0.000000,0.000000,0.000000,0.000000,0.000000,0.000000,0.000000,0.000000,0.000000,0.000000,0.000000,0.000000]
0.460132,1.000000,[0.000000,0.000000,0.000000,0.000000,0.000000,0.000001,0.000001,0.000005,0.000005,0.000026,0.000026,0.000122,0.000122,0.000497,0.000497,0.001784,0.001784,0.005645,0.005645,0.015781,0.015781,0.039032,0.039032,0.085531,0.085531,0.166279,0.166279,0.287337,0.287337,0.442730,0.442730,0.611373,0.611373,0.762665,0.762665,0.868895,0.868895,0.915462,0.915462,0.901183,0.901183,0.831155,0.831155,0.712303,0.712303,0.556772,0.556772,0.386843,0.386843,0.231689,0.231689,0.115324,0.115324,0.045505,0.045505,0.013281,0.013281,0.002540,0.002540,0.000238,0.000238,0.000000,0.000000,0.000000,0.000000,0.000000,0.000000,0.000000,0.000000,0.000000,0.000000,0.000000,0.000000,0.000000,0.000000,0.000000,0.000000,0.000000,0.000000,0.000000,0.000000,0.000000,0.000000,0.000000,0.000000,0.000000,0.000000,0.000000,0.000000,0.000000,0.000000,0.000000,0.000000,0.000000,0.000000,0.000000,0.000000,0.000000,0.000000,0.000000]
0.475999,1.000000,[0.000000,0.000000,0.000000,0.000000,0.000000,0.000000,0.000002,0.000002,0.000010,0.000010,0.000050,0.000050,0.000216,0.000216,0.000819,0.000819,0.002750,0.002750,0.008179,0.008179,0.021593,0.021593,0.050656,0.050656,0.105718,0.105718,0.196543,0.196543,0.326185,0.326185,0.484891,0.484891,0.649196,0.649196,0.789223,0.789223,0.880537,0.880537,0.911892,0.911892,0.883676,0.883676,0.801442,0.801442,0.673421,0.673421,0.514290,0.514290,0.348054,0.348054,0.202598,0.202598,0.097870,0.097870,0.037449,0.037449,0.010596,0.010596,0.001964,0.001964,0.000179,0.000179,0.000000,0.000000,0.000000,0.000000,0.000000,0.000000,0.000000,0.000000,0.000000,0.000000,0.000000,0.000000,0.000000,0.000000,0.000000,0.000000,0.000000,0.000000,0.000000,0.000000,0.000000,0.000000,0.000000,0.000000,0.000000,0.000000,0.000000,0.000000,0.000000,0.000000,0.000000,0.000000,0.000000,0.000000,0.000000,0.000000,0.000000,0.000000]
0.491866,1.000000,[0.000000,0.000000,0.000000,0.000000,0.000000,0.000001,0.000001,0.000004,0.000004,0.000020,0.000020,0.000091,0.000091,0.000367,0.000367,0.001302,0.001302,0.004107,0.004107,0.011533,0.011533,0.028859,0.028859,0.064422,0.064422,0.128424,0.128424,0.228954,0.228954,0.365862,0.365862,0.525967,0.525967,0.684203,0.684203,0.812051,0.812051,0.888376,0.888376,0.904838,0.904838,0.863118,0.863118,0.769437,0.769437,0.633638,0.633638,0.472731,0.472731,0.311690,0.311690,0.176416,0.176416,0.082765,0.082765,0.030736,0.030736,0.008438,0.008438,0.001518,0.001518,0.000134,0.000134,0.000000,0.000000,0.000000,0.000000,0.000000,0.000000,0.000000,0.000000,0.000000,0.000000,0.000000,0.000000,0.000000,0.000000,0.000000,0.000000,0.000000,0.000000,0.000000,0.000000,0.000000,0.000000,0.000000,0.000000,0.000000,0.000000,0.000000,0.000000,0.000000,0.000000,0.000000,0.000000,0.000000,0.000000,0.000000,0.000000,0.000000]
0.507732,1.000000,[0.000000,0.000000,0.000000,0.000000,0.000000,0.000000,0.000001,0.000001,0.000008,0.000008,0.000038,0.000038,0.000160,0.000160,0.000600,0.000600,0.002003,0.002003,0.005963,0.005963,0.015864,0.015864,0.037750,0.037750,0.080422,0.080422,0.153557,0.153557,0.263181,0.263181,0.405888,0.405888,0.565526,0.565526,0.716165,0.716165,0.831132,0.831132,0.892491,0.892491,0.894408,0.894408,0.839697,0.839697,0.735487,0.735487,0.593411,0.593411,0.432471,0.432471,0.277872,0.277872,0.153003,0.153003,0.069757,0.069757,0.025161,0.025161,0.006708,0.006708,0.001172,0.001172,0.000100,0.000100,0.000000,0.000000,0.000000,0.000000,0.000000,0.000000,0.000000,0.000000,0.000000,0.000000,0.000000,0.000000,0.000000,0.000000,0.000000,0.000000,0.000000,0.000000,0.000000,0.000000,0.000000,0.000000,0.000000,0.000000,0.000000,0.000000,0.000000,0.000000,0.000000,0.000000,0.000000,0.000000,0.000000,0.000000,0.000000,0.000000]
0.523599,1.000000,[0.000000,0.000000,0.000000,0.000000,0.000000,0.000001,0.000001,0.000003,0.000003,0.000015,0.000015,0.000069,0.000069,0.000270,0.000270,0.000951,0.000951,0.002993,0.002993,0.008439,0.008439,0.021336,0.021336,0.048418,0.048418,0.098706,0.098706,0.180963,0.180963,0.298858,0.298858,0.445798,0.445798,0.603186,0.603186,0.744907,0.744907,0.846472,0.846472,0.892971,0.892971,0.880730,0.880730,0.813645,0.813645,0.699968,0.699968,0.553176,0.553176,0.393821,0.393821,0.246655,0.246655,0.132192,0.132192,0.058608,0.058608,0.020548,0.020548,0.005324,0.005324,0.000904,0.000904,0.000075,0.000075,0.000000,0.000000,0.000000,0.000000,0.000000,0.000000,0.000000,0.000000,0.000000,0.000000,0.000000,0.000000,0.000000,0.000000,0.000000,0.000000,0.000000,0.000000,0.000000,0.000000,0.000000,0.000000,0.000000,0.000000,0.000000,0.000000,0.000000,0.000000,0.000000,0.000000,0.000000,0.000000,0.000000,0.000000,0.000000]
0.539465,1.000000,[0.000000,0.000000,0.000000,0.000000,0.000000,0.000000,0.000001,0.000001,0.000006,0.000006,0.000029,0.000029,0.000119,0.000119,0.000440,0.000440,0.001461,0.001461,0.004354,0.004354,0.011663,0.011663,0.028106,0.028106,0.060990,0.060990,0.119270,0.119270,0.210436,0.210436,0.335593,0.335593,0.485145,0.485145,0.638616,0.638616,0.770298,0.770298,0.858097,0.858097,0.889910,0.889910,0.863959,0.863959,0.785226,0.785226,0.663270,0.663270,0.513337,0.513337,0.357029,0.357029,0.218039,0.218039,0.113796,0.113796,0.049093,0.049093,0.016742,0.016742,0.004219,0.004219,0.000697,0.000697,0.000057,0.000057,0.000000,0.000000,0.000000,0.000000,0.000000,0.000000,0.000000,0.000000,0.000000,0.000000,0.000000,0.000000,0.000000,0.000000,0.000000,0.000000,0.000000,0.000000,0.000000,0.000000,0.000000,0.000000,0.000000,0.000000,0.000000,0.000000,0.000000,0.000000,0.000000,0.000000,0.000000,0.000000,0.000000,0.000000]
0.555332,1.000000,[0.000000,0.000000,0.000000,0.000000,0.000000,0.000000,0.000000,0.000002,0.000002,0.000012,0.000012,0.000051,0.000051,0.000199,0.000199,0.000696,0.000696,0.002185,0.002185,0.006182,0.006182,0.015774,0.015774,0.036327,0.036327,0.075560,0.075560,0.142062,0.142062,0.241725,0.241725,0.372981,0.372981,0.523513,0.523513,0.671537,0.671537,0.792248,0.792248,0.866050,0.866050,0.883423,0.883423,0.844276,0.844276,0.754737,0.754737,0.625787,0.625787,0.474260,0.474260,0.322282,0.322282,0.191978,0.191978,0.097620,0.097620,0.041006,0.041006,0.013611,0.013611,0.003338,0.003338,0.000537,0.000537,0.000042,0.000042,0.000000,0.000000,0.000000,0.000000,0.000000,0.000000,0.000000,0.000000,0.000000,0.000000,0.000000,0.000000,0.000000,0.000000,0.000000,0.000000,0.000000,0.000000,0.000000,0.000000,0.000000,0.000000,0.000000,0.000000,0.000000,0.000000,0.000000,0.000000,0.000000,0.000000,0.000000,0.000000,0.000000]
0.571199,1.000000,[0.000000,0.000000,0.000000,0.000000,0.000000,0.000000,0.000001,0.000001,0.000005,0.000005,0.000022,0.000022,0.000088,0.000088,0.000323,0.000323,0.001068,0.001068,0.003184,0.003184,0.008580,0.008580,0.020912,0.020912,0.046135,0.046135,0.092185,0.092185,0.166978,0.166978,0.274539,0.274539,0.410614,0.410614,0.560519,0.560519,0.701714,0.701714,0.810698,0.810698,0.870393,0.870393,0.873636,0.873636,0.821891,0.821891,0.722499,0.722499,0.587905,0.587905,0.436266,0.436266,0.289706,0.289706,0.168389,0.168389,0.083467,0.083467,0.034157,0.034157,0.011043,0.011043,0.002638,0.002638,0.000413,0.000413,0.000032,0.000032,0.000000,0.000000,0.000000,0.000000,0.000000,0.000000,0.000000,0.000000,0.000000,0.000000,0.000000,0.000000,0.000000,0.000000,0.000000,0.000000,0.000000,0.000000,0.000000,0.000000,0.000000,0.000000,0.000000,0.000000,0.000000,0.000000,0.000000,0.000000,0.000000,0.000000,0.000000,0.000000]
0.587065,1.000000,[0.000000,0.000000,0.000000,0.000000,0.000000,0.000000,0.000000,0.000002,0.000002,0.000009,0.000009,0.000038,0.000038,0.000147,0.000147,0.000510,0.000510,0.001597,0.001597,0.004533,0.004533,0.011663,0.011663,0.027218,0.027218,0.057648,0.057648,0.110883,0.110883,0.193868,0.193868,0.308558,0.308558,0.448090,0.448090,0.595818,0.595818,0.728960,0.728960,0.825622,0.825622,0.871204,0.871204,0.860700,0.860700,0.797043,0.797043,0.688851,0.688851,0.549995,0.549995,0.399626,0.399626,0.259377,0.259377,0.147158,0.147158,0.071139,0.071139,0.028378,0.028378,0.008942,0.008942,0.002082,0.002082,0.000318,0.000318,0.000024,0.000024,0.000000,0.000000,0.000000,0.000000,0.000000,0.000000,0.000000,0.000000,0.000000,0.000000,0.000000,0.000000,0.000000,0.000000,0.000000,0.000000,0.000000,0.000000,0.000000,0.000000,0.000000,0.000000,0.000000,0.000000,0.000000,0.000000,0.000000,0.000000,0.000000,0.000000,0.000000]
0.602932,1.000000,[0.000000,0.000000,0.000000,0.000000,0.000000,0.000000,0.000001,0.000001,0.000004,0.000004,0.000016,0.000016,0.000066,0.000066,0.000238,0.000238,0.000781,0.000781,0.002331,0.002331,0.006315,0.006315,0.015552,0.015552,0.034825,0.034825,0.070957,0.070957,0.131630,0.131630,0.222540,0.222540,0.343441,0.343441,0.485022,0.485022,0.629103,0.629103,0.753126,0.753126,0.837018,0.837018,0.868578,0.868578,0.844786,0.844786,0.769995,0.769995,0.654137,0.654137,0.512403,0.512403,0.364563,0.364563,0.231322,0.231322,0.128153,0.128153,0.060449,0.060449,0.023519,0.023519,0.007227,0.007227,0.001641,0.001641,0.000244,0.000244,0.000018,0.000018,0.000000,0.000000,0.000000,0.000000,0.000000,0.000000,0.000000,0.000000,0.000000,0.000000,0.000000,0.000000,0.000000,0.000000,0.000000,0.000000,0.000000,0.000000,0.000000,0.000000,0.000000,0.000000,0.000000,0.000000,0.000000,0.000000,0.000000,0.000000,0.000000,0.000000]
0.618799,1.000000,[0.000000,0.000000,0.000000,0.000000,0.000000,0.000000,0.000000,0.000001,0.000001,0.000007,0.000007,0.000029,0.000029,0.000109,0.000109,0.000374,0.000374,0.001169,0.001169,0.003327,0.003327,0.008624,0.008624,0.020370,0.020370,0.043858,0.043858,0.086125,0.086125,0.154357,0.154357,0.252766,0.252766,0.378836,0.378836,0.521042,0.521042,0.660109,0.660109,0.774099,0.774099,0.844908,0.844908,0.862630,0.862630,0.826088,0.826088,0.741030,0.741030,0.618703,0.618703,0.475443,0.475443,0.331253,0.331253,0.205530,0.205530,0.111227,0.111227,0.051217,0.051217,0.019446,0.019446,0.005830,0.005830,0.001292,0.001292,0.000188,0.000188,0.000013,0.000013,0.000000,0.000000,0.000000,0.000000,0.000000,0.000000,0.000000,0.000000,0.000000,0.000000,0.000000,0.000000,0.000000,0.000000,0.000000,0.000000,0.000000,0.000000,0.000000,0.000000,0.000000,0.000000,0.000000,0.000000,0.000000,0.000000,0.000000,0.000000,0.000000]
0.634665,1.000000,[0.000000,0.000000,0.000000,0.000000,0.000000,0.000000,0.000001,0.000001,0.000003,0.000003,0.000012,0.000012,0.000049,0.000049,0.000175,0.000175,0.000572,0.000572,0.001708,0.001708,0.004651,0.004651,0.011561,0.011561,0.026242,0.026242,0.054425,0.054425,0.103183,0.103183,0.178959,0.178959,0.284283,0.284283,0.414388,0.414388,0.555809,0.555809,0.688606,0.688606,0.791801,0.791801,0.849338,0.849338,0.853494,0.853494,0.804824,0.804824,0.710449,0.710449,0.582888,0.582888,0.439396,0.439396,0.299822,0.299822,0.181954,0.181954,0.096225,0.096225,0.043274,0.043274,0.016042,0.016042,0.004696,0.004696,0.001016,0.001016,0.000144,0.000144,0.000010,0.000010,0.000000,0.000000,0.000000,0.000000,0.000000,0.000000,0.000000,0.000000,0.000000,0.000000,0.000000,0.000000,0.000000,0.000000,0.000000,0.000000,0.000000,0.000000,0.000000,0.000000,0.000000,0.000000,0.000000,0.000000,0.000000,0.000000,0.000000,0.000000]
0.650532,1.000000,[0.000000,0.000000,0.000000,0.000000,0.000000,0.000000,0.000000,0.000001,0.000001,0.000005,0.000005,0.000021,0.000021,0.000080,0.000080,0.000274,0.000274,0.000856,0.000856,0.002444,0.002444,0.006379,0.006379,0.015231,0.015231,0.033288,0.033288,0.066614,0.066614,0.122127,0.122127,0.205290,0.205290,0.316809,0.316809,0.449743,0.449743,0.589008,0.589008,0.714405,0.714405,0.806185,0.806185,0.850377,0.850377,0.841327,0.841327,0.781230,0.781230,0.678559,0.678559,0.547015,0.547015,0.404502,0.404502,0.270355,0.270355,0.160522,0.160522,0.082987,0.082987,0.036466,0.036466,0.013206,0.013206,0.003776,0.003776,0.000798,0.000798,0.000111,0.000111,0.000008,0.000008,0.000000,0.000000,0.000000,0.000000,0.000000,0.000000,0.000000,0.000000,0.000000,0.000000,0.000000,0.000000,0.000000,0.000000,0.000000,0.000000,0.000000,0.000000,0.000000,0.000000,0.000000,0.000000,0.000000,0.000000,0.000000,0.000000,0.000000]
0.666398,1.000000,[0.000000,0.000000,0.000000,0.000000,0.000000,0.000000,0.000000,0.000000,0.000002,0.000002,0.000009,0.000009,0.000036,0.000036,0.000129,0.000129,0.000420,0.000420,0.001253,0.001253,0.003428,0.003428,0.008592,0.008592,0.019745,0.019745,0.041619,0.041619,0.080493,0.080493,0.142918,0.142918,0.233170,0.233170,0.350043,0.350043,0.484559,0.484559,0.620357,0.620357,0.737350,0.737350,0.817233,0.817233,0.848115,0.848115,0.826302,0.826302,0.755562,0.755562,0.645673,0.645673,0.511387,0.511387,0.370965,0.370965,0.242897,0.242897,0.141138,0.141138,0.071357,0.071357,0.030651,0.030651,0.010848,0.010848,0.003031,0.003031,0.000626,0.000626,0.000085,0.000085,0.000006,0.000006,0.000000,0.000000,0.000000,0.000000,0.000000,0.000000,0.000000,0.000000,0.000000,0.000000,0.000000,0.000000,0.000000,0.000000,0.000000,0.000000,0.000000,0.000000,0.000000,0.000000,0.000000,0.000000,0.000000,0.000000,0.000000,0.000000]
0.682265,1.000000,[0.000000,0.000000,0.000000,0.000000,0.000000,0.000000,0.000000,0.000001,0.000001,0.000004,0.000004,0.000016,0.000016,0.000059,0.000059,0.000201,0.000201,0.000628,0.000628,0.001797,0.001797,0.004719,0.004719,0.011380,0.011380,0.025214,0.025214,0.051338,0.051338,0.096099,0.096099,0.165481,0.165481,0.262388,0.262388,0.383672,0.383672,0.518509,0.518509,0.649606,0.649606,0.757321,0.757321,0.824954,0.824954,0.842662,0.842662,0.808617,0.808617,0.728090,0.728090,0.612101,0.612101,0.476282,0.476282,0.338948,0.338948,0.217457,0.217457,0.123693,0.123693,0.061180,0.061180,0.025700,0.025700,0.008894,0.008894,0.002430,0.002430,0.000491,0.000491,0.000065,0.000065,0.000004,0.000004,0.000000,0.000000,0.000000,0.000000,0.000000,0.000000,0.000000,0.000000,0.000000,0.000000,0.000000,0.000000,0.000000,0.000000,0.000000,0.000000,0.000000,0.000000,0.000000,0.000000,0.000000,0.000000,0.000000,0.000000,0.000000]
0.698132,1.000000,[0.000000,0.000000,0.000000,0.000000,0.000000,0.000000,0.000000,0.000000,0.000002,0.000002,0.000007,0.000007,0.000027,0.000027,0.000095,0.000095,0.000308,0.000308,0.000920,0.000920,0.002527,0.002527,0.006384,0.006384,0.014839,0.014839,0.031745,0.031745,0.062528,0.062528,0.113444,0.113444,0.189708,0.189708,0.292709,0.292709,0.417381,0.417381,0.551283,0.551283,0.676534,0.676534,0.774229,0.774229,0.829381,0.829381,0.834150,0.834150,0.788485,0.788485,0.699093,0.699093,0.578146,0.578146,0.441948,0.441948,0.308576,0.308576,0.194016,0.194016,0.108065,0.108065,0.052310,0.052310,0.021499,0.021499,0.007278,0.007278,0.001945,0.001945,0.000384,0.000384,0.000050,0.000050,0.000003,0.000003,0.000000,0.000000,0.000000,0.000000,0.000000,0.000000,0.000000,0.000000,0.000000,0.000000,0.000000,0.000000,0.000000,0.000000,0.000000,0.000000,0.000000,0.000000,0.000000,0.000000,0.000000,0.000000,0.000000,0.000000]
0.713998,1.000000,[0.000000,0.000000,0.000000,0.000000,0.000000,0.000000,0.000000,0.000001,0.000001,0.000003,0.000003,0.000012,0.000012,0.000044,0.000044,0.000148,0.000148,0.000461,0.000461,0.001322,0.001322,0.003492,0.003492,0.008498,0.008498,0.019065,0.019065,0.039441,0.039441,0.075257,0.075257,0.132510,0.132510,0.215458,0.215458,0.323877,0.323877,0.450857,0.450857,0.582596,0.582596,0.700958,0.700958,0.788017,0.788017,0.830573,0.830573,0.822734,0.822734,0.766137,0.766137,0.668856,0.668856,0.544097,0.544097,0.408605,0.408605,0.279936,0.279936,0.172528,0.172528,0.094126,0.094126,0.044607,0.044607,0.017943,0.017943,0.005945,0.005945,0.001555,0.001555,0.000301,0.000301,0.000038,0.000038,0.000002,0.000002,0.000000,0.000000,0.000000,0.000000,0.000000,0.000000,0.000000,0.000000,0.000000,0.000000,0.000000,0.000000,0.000000,0.000000,0.000000,0.000000,0.000000,0.000000,0.000000,0.000000,0.000000,0.000000,0.000000]
0.729865,1.000000,[0.000000,0.000000,0.000000,0.000000,0.000000,0.000000,0.000000,0.000000,0.000001,0.000001,0.000005,0.000005,0.000020,0.000020,0.000070,0.000070,0.000226,0.000226,0.000676,0.000676,0.001864,0.001864,0.004743,0.004743,0.011140,0.011140,0.024159,0.024159,0.048395,0.048395,0.089570,0.089570,0.153247,0.153247,0.242563,0.242563,0.355622,0.355622,0.483791,0.483791,0.612186,0.612186,0.722723,0.722723,0.798656,0.798656,0.828613,0.828613,0.808585,0.808585,0.741817,0.741817,0.637666,0.637666,0.510224,0.510224,0.376438,0.376438,0.253084,0.253084,0.152928,0.152928,0.081746,0.081746,0.037941,0.037941,0.014944,0.014944,0.004847,0.004847,0.001241,0.001241,0.000235,0.000235,0.000029,0.000029,0.000002,0.000002,0.000000,0.000000,0.000000,0.000000,0.000000,0.000000,0.000000,0.000000,0.000000,0.000000,0.000000,0.000000,0.000000,0.000000,0.000000,0.000000,0.000000,0.000000,0.000000,0.000000,0.000000,0.000000]
0.745732,1.000000,[0.000000,0.000000,0.000000,0.000000,0.000000,0.000000,0.000000,0.000001,0.000001,0.000002,0.000002,0.000009,0.000009,0.000032,0.000032,0.000109,0.000109,0.000339,0.000339,0.000973,0.000973,0.002584,0.002584,0.006342,0.006342,0.014394,0.014394,0.030218,0.030218,0.058689,0.058689,0.105490,0.105490,0.175576,0.175576,0.270828,0.270828,0.387664,0.387664,0.515890,0.515890,0.639820,0.639820,0.741706,0.741706,0.806145,0.806145,0.823606,0.823606,0.791893,0.791893,0.715779,0.715779,0.605806,0.605806,0.476777,0.476777,0.345599,0.345599,0.228045,0.228045,0.135132,0.135132,0.070795,0.070795,0.032192,0.032192,0.012420,0.012420,0.003946,0.003946,0.000990,0.000990,0.000184,0.000184,0.000022,0.000022,0.000001,0.000001,0.000000,0.000000,0.000000,0.000000,0.000000,0.000000,0.000000,0.000000,0.000000,0.000000,0.000000,0.000000,0.000000,0.000000,0.000000,0.000000,0.000000,0.000000,0.000000,0.000000,0.000000]
0.761598,1.000000,[0.000000,0.000000,0.000000,0.000000,0.000000,0.000000,0.000000,0.000000,0.000001,0.000001,0.000004,0.000004,0.000015,0.000015,0.000052,0.000052,0.000166,0.000166,0.000498,0.000498,0.001376,0.001376,0.003524,0.003524,0.008355,0.008355,0.018350,0.018350,0.037336,0.037336,0.070389,0.070389,0.123011,0.123011,0.199389,0.199389,0.300037,0.300037,0.419721,0.419721,0.546873,0.546873,0.665292,0.665292,0.757816,0.757816,0.810511,0.810511,0.815678,0.815678,0.772865,0.772865,0.688286,0.688286,0.573549,0.573549,0.443983,0.443983,0.316211,0.316211,0.204817,0.204817,0.119048,0.119048,0.061144,0.061144,0.027249,0.027249,0.010301,0.010301,0.003207,0.003207,0.000788,0.000788,0.000143,0.000143,0.000017,0.000017,0.000001,0.000001,0.000000,0.000000,0.000000,0.000000,0.000000,0.000000,0.000000,0.000000,0.000000,0.000000,0.000000,0.000000,0.000000,0.000000,0.000000,0.000000,0.000000,0.000000,0.000000,0.000000]
0.777465,1.000000,[0.000000,0.000000,0.000000,0.000000,0.000000,0.000000,0.000000,0.000000,0.000000,0.000002,0.000002,0.000007,0.000007,0.000024,0.000024,0.000080,0.000080,0.000249,0.000249,0.000717,0.000717,0.001913,0.001913,0.004732,0.004732,0.010854,0.010854,0.023097,0.023097,0.045599,0.045599,0.083545,0.083545,0.142106,0.142106,0.224551,0.224551,0.329958,0.329958,0.451509,0.451509,0.576477,0.576477,0.688423,0.688423,0.770990,0.770990,0.811802,0.811802,0.804975,0.804975,0.751720,0.751720,0.659602,0.659602,0.541157,0.541157,0.412040,0.412040,0.288362,0.288362,0.183374,0.183374,0.104572,0.104572,0.052670,0.052670,0.023012,0.023012,0.008528,0.008528,0.002602,0.002602,0.000627,0.000627,0.000112,0.000112,0.000013,0.000013,0.000001,0.000001,0.000000,0.000000,0.000000,0.000000,0.000000,0.000000,0.000000,0.000000,0.000000,0.000000,0.000000,0.000000,0.000000,0.000000,0.000000,0.000000,0.000000,0.000000,0.000000]
0.793331,1.000000,[0.000000,0.000000,0.000000,0.000000,0.000000,0.000000,0.000000,0.000000,0.000001,0.000001,0.000003,0.000003,0.000011,0.000011,0.000038,0.000038,0.000123,0.000123,0.000366,0.000366,0.001016,0.001016,0.002618,0.002618,0.006262,0.006262,0.013915,0.013915,0.028722,0.028722,0.055085,0.055085,0.098185,0.098185,0.162717,0.162717,0.250903,0.250903,0.360346,0.360346,0.482751,0.482751,0.604464,0.604464,0.709065,0.709065,0.781193,0.781193,0.810095,0.810095,0.791661,0.791661,0.728690,0.728690,0.629990,0.629990,0.508878,0.508878,0.381120,0.381120,0.262115,0.262115,0.163674,0.163674,0.091597,0.091597,0.045256,0.045256,0.019391,0.019391,0.007046,0.007046,0.002108,0.002108,0.000498,0.000498,0.000087,0.000087,0.000010,0.000010,0.000001,0.000001,0.000000,0.000000,0.000000,0.000000,0.000000,0.000000,0.000000,0.000000,0.000000,0.000000,0.000000,0.000000,0.000000,0.000000,0.000000,0.000000,0.000000,0.000000]
0.809198,1.000000,[0.000000,0.000000,0.000000,0.000000,0.000000,0.000000,0.000000,0.000000,0.000000,0.000001,0.000001,0.000005,0.000005,0.000018,0.000018,0.000059,0.000059,0.000183,0.000183,0.000529,0.000529,0.001417,0.001417,0.003529,0.003529,0.008175,0.008175,0.017617,0.017617,0.035313,0.035313,0.065860,0.065860,0.114318,0.114318,0.184763,0.184763,0.278263,0.278263,0.390947,0.390947,0.513179,0.513179,0.630614,0.630614,0.727097,0.727097,0.788418,0.788418,0.805487,0.805487,0.775918,0.775918,0.704015,0.704015,0.599712,0.599712,0.476938,0.476938,0.351369,0.351369,0.237505,0.237505,0.145655,0.145655,0.080011,0.080011,0.038790,0.038790,0.016305,0.016305,0.005812,0.005812,0.001706,0.001706,0.000395,0.000395,0.000068,0.000068,0.000008,0.000008,0.000000,0.000000,0.000000,0.000000,0.000000,0.000000,0.000000,0.000000,0.000000,0.000000,0.000000,0.000000,0.000000,0.000000,0.000000,0.000000,0.000000,0.000000,0.000000]
0.825065,1.000000,[0.000000,0.000000,0.000000,0.000000,0.000000,0.000000,0.000000,0.000000,0.000001,0.000001,0.000002,0.000002,0.000008,0.000008,0.000028,0.000028,0.000090,0.000090,0.000270,0.000270,0.000751,0.000751,0.001945,0.001945,0.004690,0.004690,0.010536,0.010536,0.022041,0.022041,0.042950,0.042950,0.077975,0.077975,0.131929,0.131929,0.208138,0.208138,0.306434,0.306434,0.421505,0.421505,0.542538,0.542538,0.654735,0.654735,0.742427,0.742427,0.792686,0.792686,0.798095,0.798095,0.757943,0.757943,0.677940,0.677940,0.569019,0.569019,0.445546,0.445546,0.322903,0.322903,0.214542,0.214542,0.129244,0.129244,0.069706,0.069706,0.033168,0.033168,0.013681,0.013681,0.004785,0.004785,0.001378,0.001378,0.000314,0.000314,0.000053,0.000053,0.000006,0.000006,0.000000,0.000000,0.000000,0.000000,0.000000,0.000000,0.000000,0.000000,0.000000,0.000000,0.000000,0.000000,0.000000,0.000000,0.000000,0.000000,0.000000,0.000000]
0.840931,1.000000,[0.000000,0.000000,0.000000,0.000000,0.000000,0.000000,0.000000,0.000000,0.000000,0.000001,0.000001,0.000004,0.000004,0.000013,0.000013,0.000044,0.000044,0.000135,0.000135,0.000390,0.000390,0.001049,0.001049,0.002631,0.002631,0.006152,0.006152,0.013412,0.013412,0.027268,0.027268,0.051706,0.051706,0.091463,0.091463,0.150982,0.150982,0.232712,0.232712,0.335202,0.335202,0.451763,0.451763,0.570587,0.570587,0.676658,0.676658,0.754992,0.754992,0.794038,0.794038,0.788057,0.788057,0.737942,0.737942,0.650709,0.650709,0.538151,0.538151,0.414885,0.414885,0.295813,0.295813,0.193218,0.193218,0.114359,0.114359,0.060572,0.060572,0.028297,0.028297,0.011457,0.011457,0.003934,0.003934,0.001112,0.001112,0.000248,0.000248,0.000041,0.000041,0.000004,0.000004,0.000000,0.000000,0.000000,0.000000,0.000000,0.000000,0.000000,0.000000,0.000000,0.000000,0.000000,0.000000,0.000000,0.000000,0.000000,0.000000,0.000000]
0.856798,1.000000,[0.000000,0.000000,0.000000,0.000000,0.000000,0.000000,0.000000,0.000000,0.000000,0.000000,0.000002,0.000002,0.000006,0.000006,0.000021,0.000021,0.000066,0.000066,0.000199,0.000199,0.000555,0.000555,0.001445,0.001445,0.003511,0.003511,0.007967,0.007967,0.016876,0.016876,0.033377,0.033377,0.061645,0.061645,0.106343,0.106343,0.171414,0.171414,0.258335,0.258335,0.364342,0.364342,0.481469,0.481469,0.597105,0.597105,0.696241,0.696241,0.764753,0.764753,0.792542,0.792542,0.775528,0.775528,0.716134,0.716134,0.622570,0.622570,0.507334,0.507334,0.385117,0.385117,0.270164,0.270164,0.173503,0.173503,0.100912,0.100912,0.052503,0.052503,0.024087,0.024087,0.009576,0.009576,0.003228,0.003228,0.000896,0.000896,0.000197,0.000197,0.000032,0.000032,0.000003,0.000003,0.000000,0.000000,0.000000,0.000000,0.000000,0.000000,0.000000,0.000000,0.000000,0.000000,0.000000,0.000000,0.000000,0.000000,0.000000,0.000000]
0.872665,1.000000,[0.000000,0.000000,0.000000,0.000000,0.000000,0.000000,0.000000,0.000000,0.000000,0.000001,0.000001,0.000003,0.000003,0.000010,0.000010,0.000032,0.000032,0.000100,0.000100,0.000288,0.000288,0.000777,0.000777,0.001961,0.001961,0.004625,0.004625,0.010194,0.010194,0.021001,0.021001,0.040444,0.040444,0.072820,0.072820,0.122611,0.122611,0.193144,0.193144,0.284837,0.284837,0.393624,0.393624,0.510378,0.510378,0.621889,0.621889,0.713369,0.713369,0.771701,0.771701,0.788289,0.788289,0.760679,0.760679,0.692743,0.692743,0.593761,0.593761,0.476780,0.476780,0.356379,0.356379,0.245999,0.245999,0.155355,0.155355,0.088810,0.088810,0.045399,0.045399,0.020459,0.020459,0.007989,0.007989,0.002645,0.002645,0.000721,0.000721,0.000155,0.000155,0.000025,0.000025,0.000003,0.000003,0.000000,0.000000,0.000000,0.000000,0.000000,0.000000,0.000000,0.000000,0.000000,0.000000,0.000000,0.000000,0.000000,0.000000,0.000000]
0.888531,1.000000,[0.000000,0.000000,0.000000,0.000000,0.000000,0.000000,0.000000,0.000000,0.000000,0.000000,0.000001,0.000001,0.000004,0.000004,0.000015,0.000015,0.000049,0.000049,0.000147,0.000147,0.000410,0.000410,0.001073,0.001073,0.002627,0.002627,0.006017,0.006017,0.012896,0.012896,0.025862,0.025862,0.048538,0.048538,0.085267,0.085267,0.140244,0.140244,0.216067,0.216067,0.312033,0.312033,0.422812,0.422812,0.538256,0.538256,0.644759,0.644759,0.727952,0.727952,0.775848,0.775848,0.781386,0.781386,0.743695,0.743695,0.667997,0.667997,0.564516,0.564516,0.446680,0.446680,0.328784,0.328784,0.223338,0.223338,0.138719,0.138719,0.077957,0.077957,0.039164,0.039164,0.017342,0.017342,0.006653,0.006653,0.002164,0.002164,0.000580,0.000580,0.000123,0.000123,0.000019,0.000019,0.000002,0.000002,0.000000,0.000000,0.000000,0.000000,0.000000,0.000000,0.000000,0.000000,0.000000,0.000000,0.000000,0.000000,0.000000,0.000000]
0.904398,1.000000,[0.000000,0.000000,0.000000,0.000000,0.000000,0.000000,0.000000,0.000000,0.000000,0.000001,0.000001,0.000002,0.000002,0.000007,0.000007,0.000024,0.000024,0.000073,0.000073,0.000213,0.000213,0.000576,0.000576,0.001462,0.001462,0.003475,0.003475,0.007737,0.007737,0.016137,0.016137,0.031531,0.031531,0.057721,0.057721,0.099012,0.099012,0.159200,0.159200,0.240059,0.240059,0.339728,0.339728,0.451673,0.451673,0.564882,0.564882,0.665557,0.665557,0.739926,0.739926,0.777232,0.777232,0.771964,0.771964,0.724771,0.724771,0.642127,0.642127,0.535057,0.535057,0.417206,0.417206,0.302422,0.302422,0.202183,0.202183,0.123529,0.123529,0.068259,0.068259,0.033708,0.033708,0.014670,0.014670,0.005531,0.005531,0.001768,0.001768,0.000465,0.000465,0.000097,0.000097,0.000015,0.000015,0.000002,0.000002,0.000000,0.000000,0.000000,0.000000,0.000000,0.000000,0.000000,0.000000,0.000000,0.000000,0.000000,0.000000,0.000000]
0.920265,1.000000,[0.000000,0.000000,0.000000,0.000000,0.000000,0.000000,0.000000,0.000000,0.000000,0.000000,0.000001,0.000001,0.000003,0.000003,0.000011,0.000011,0.000036,0.000036,0.000108,0.000108,0.000303,0.000303,0.000797,0.000797,0.001965,0.001965,0.004540,0.004540,0.009837,0.009837,0.019986,0.019986,0.038078,0.038078,0.068043,0.068043,0.114059,0.114059,0.179415,0.179415,0.264976,0.264976,0.367714,0.367714,0.479975,0.479975,0.590050,0.590050,0.684149,0.684149,0.749253,0.749253,0.775915,0.775915,0.760165,0.760165,0.704110,0.704110,0.615359,0.615359,0.505594,0.505594,0.388510,0.388510,0.277363,0.277363,0.182520,0.182520,0.109711,0.109711,0.059621,0.059621,0.028949,0.028949,0.012385,0.012385,0.004590,0.004590,0.001442,0.001442,0.000373,0.000373,0.000076,0.000076,0.000012,0.000012,0.000001,0.000001,0.000000,0.000000,0.000000,0.000000,0.000000,0.000000,0.000000,0.000000,0.000000,0.000000,0.000000,0.000000]
0.936131,1.000000,[0.000000,0.000000,0.000000,0.000000,0.000000,0.000000,0.000000,0.000000,0.000000,0.000000,0.000000,0.000002,0.000002,0.000005,0.000005,0.000018,0.000018,0.000054,0.000054,0.000157,0.000157,0.000427,0.000427,0.001089,0.001089,0.002609,0.002609,0.005864,0.005864,0.012374,0.012374,0.024509,0.024509,0.045570,0.045570,0.079547,0.079547,0.130398,0.130398,0.200805,0.200805,0.290661,0.290661,0.395780,0.395780,0.507494,0.507494,0.613575,0.613575,0.700425,0.700425,0.755918,0.755918,0.771978,0.771978,0.746151,0.746151,0.681922,0.681922,0.587918,0.587918,0.476323,0.476323,0.360723,0.360723,0.253652,0.253652,0.164317,0.164317,0.097189,0.097189,0.051953,0.051953,0.024808,0.024808,0.010436,0.010436,0.003803,0.003803,0.001175,0.001175,0.000299,0.000299,0.000060,0.000060,0.000009,0.000009,0.000001,0.000001,0.000000,0.000000,0.000000,0.000000,0.000000,0.000000,0.000000,0.000000,0.000000,0.000000,0.000000]
0.951998,1.000000,[0.000000,0.000000,0.000000,0.000000,0.000000,0.000000,0.000000,0.000000,0.000000,0.000000,0.000001,0.000001,0.000002,0.000002,0.000008,0.000008,0.000027,0.000027,0.000080,0.000080,0.000224,0.000224,0.000592,0.000592,0.001469,0.001469,0.003423,0.003423,0.007492,0.007492,0.015408,0.015408,0.029774,0.029774,0.054064,0.054064,0.092260,0.092260,0.148000,0.148000,0.223269,0.223269,0.316941,0.316941,0.423708,0.423708,0.534014,0.534014,0.635288,0.635288,0.714298,0.714298,0.759933,0.759933,0.765521,0.765521,0.730094,0.730094,0.658421,0.658421,0.560019,0.560019,0.447423,0.447423,0.333955,0.333955,0.231318,0.231318,0.147535,0.147535,0.085880,0.085880,0.045167,0.045167,0.021215,0.021215,0.008778,0.008778,0.003146,0.003146,0.000956,0.000956,0.000239,0.000239,0.000047,0.000047,0.000007,0.000007,0.000001,0.000001,0.000000,0.000000,0.000000,0.000000,0.000000,0.000000,0.000000,0.000000,0.000000,0.000000]
0.967864,1.000000,[0.000000,0.000000,0.000000,0.000000,0.000000,0.000000,0.000000,0.000000,0.000000,0.000000,0.000000,0.000001,0.000001,0.000004,0.000004,0.000013,0.000013,0.000040,0.000040,0.000116,0.000116,0.000316,0.000316,0.000812,0.000812,0.001958,0.001958,0.004440,0.004440,0.009471,0.009471,0.019000,0.019000,0.035847,0.035847,0.063613,0.063613,0.106195,0.106195,0.166817,0.166817,0.246687,0.246687,0.343632,0.343632,0.451285,0.451285,0.559333,0.559333,0.655040,0.655040,0.725707,0.725707,0.761330,0.761330,0.756664,0.756664,0.712176,0.712176,0.633821,0.633821,0.531870,0.531870,0.419056,0.419056,0.308296,0.308296,0.210373,0.210373,0.132121,0.132121,0.075702,0.075702,0.039179,0.039179,0.018106,0.018106,0.007370,0.007370,0.002599,0.002599,0.000777,0.000777,0.000191,0.000191,0.000037,0.000037,0.000005,0.000005,0.000001,0.000001,0.000000,0.000000,0.000000,0.000000,0.000000,0.000000,0.000000,0.000000,0.000000]
0.983731,1.000000,[0.000000,0.000000,0.000000,0.000000,0.000000,0.000000,0.000000,0.000000,0.000000,0.000000,0.000001,0.000001,0.000002,0.000002,0.000006,0.000006,0.000020,0.000020,0.000059,0.000059,0.000166,0.000166,0.000440,0.000440,0.001098,0.001098,0.002578,0.002578,0.005698,0.005698,0.011853,0.011853,0.023211,0.023211,0.042788,0.042788,0.074258,0.074258,0.121350,0.121350,0.186784,0.186784,0.270923,0.270923,0.370546,0.370546,0.478297,0.478297,0.583260,0.583260,0.672707,0.672707,0.734613,0.734613,0.760164,0.760164,0.745542,0.745542,0.692587,0.692587,0.608333,0.608333,0.503667,0.503667,0.391366,0.391366,0.283815,0.283815,0.190810,0.190810,0.118016,0.118016,0.066571,0.066571,0.033911,0.033911,0.015422,0.015422,0.006177,0.006177,0.002143,0.002143,0.000631,0.000631,0.000153,0.000153,0.000029,0.000029,0.000004,0.000004,0.000000,0.000000,0.000000,0.000000,0.000000,0.000000,0.000000,0.000000,0.000000,0.000000]
0.999598,1.000000,[0.000000,0.000000,0.000000,0.000000,0.000000,0.000000,0.000000,0.000000,0.000000,0.000000,0.000000,0.000001,0.000001,0.000003,0.000003,0.000010,0.000010,0.000030,0.000030,0.000086,0.000086,0.000235,0.000235,0.000605,0.000605,0.001468,0.001468,0.003358,0.003358,0.007237,0.007237,0.014693,0.014693,0.028106,0.028106,0.050656,0.050656,0.086031,0.086031,0.137709,0.137709,0.207819,0.207819,0.295829,0.295829,0.397483,0.397483,0.504538,0.504538,0.605621,0.605621,0.688183,0.688183,0.741001,0.741001,0.756508,0.756508,0.732303,0.732303,0.671524,0.671524,0.582166,0.582166,0.475591,0.475591,0.364478,0.364478,0.260564,0.260564,0.172611,0.172611,0.105155,0.105155,0.058406,0.058406,0.029288,0.029288,0.013111,0.013111,0.005169,0.005169,0.001765,0.001765,0.000511,0.000511,0.000122,0.000122,0.000023,0.000023,0.000003,0.000003,0.000000,0.000000,0.000000,0.000000,0.000000,0.000000,0.000000,0.000000,0.000000]
1.015464,1.000000,[0.000000,0.000000,0.000000,0.000000,0.000000,0.000000,0.000000,0.000000,0.000000,0.000000,0.000000,0.000000,0.000001,0.000001,0.000005,0.000005,0.000015,0.000015,0.000044,0.000044,0.000123,0.000123,0.000327,0.000327,0.000821,0.000821,0.001941,0.001941,0.004328,0.004328,0.009101,0.009101,0.018046,0.018046,0.033743,0.033743,0.059500,0.059500,0.098951,0.098951,0.155236,0.155236,0.229822,0.229822,0.321243,0.321243,0.424247,0.424247,0.529809,0.529809,0.626262,0.626262,0.701388,0.701388,0.744877,0.744877,0.750457,0.750457,0.717108,0.717108,0.649184,0.649184,0.555523,0.555523,0.447813,0.447813,0.338500,0.338500,0.238576,0.238576,0.155747,0.155747,0.093468,0.093468,0.051126,0.051126,0.025244,0.025244,0.011125,0.011125,0.004318,0.004318,0.001452,0.001452,0.000414,0.000414,0.000097,0.000097,0.000018,0.000018,0.000002,0.000002,0.000000,0.000000,0.000000,0.000000,0.000000,0.000000,0.000000,0.000000]
1.031331,1.000000,[0.000000,0.000000,0.000000,0.000000,0.000000,0.000000,0.000000,0.000000,0.000000,0.000000,0.000000,0.000001,0.000001,0.000002,0.000002,0.000007,0.000007,0.000022,0.000022,0.000063,0.000063,0.000174,0.000174,0.000451,0.000451,0.001101,0.001101,0.002537,0.002537,0.005521,0.005521,0.011337,0.011337,0.021970,0.021970,0.040182,0.040182,0.069362,0.069362,0.113022,0.113022,0.173883,0.173883,0.252677,0.252677,0.346994,0.346994,0.450637,0.450637,0.553922,0.553922,0.645043,0.645043,0.712260,0.712260,0.746272,0.746272,0.742120,0.742120,0.700127,0.700127,0.625769,0.625769,0.528595,0.528595,0.420485,0.420485,0.313519,0.313519,0.217869,0.217869,0.140177,0.140177,0.082882,0.082882,0.044656,0.044656,0.021714,0.021714,0.009423,0.009423,0.003601,0.003601,0.001192,0.001192,0.000335,0.000335,0.000077,0.000077,0.000014,0.000014,0.000002,0.000002,0.000000,0.000000,0.000000,0.000000,0.000000,0.000000,0.000000]
1.047198,1.000000,[0.000000,0.000000,0.000000,0.000000,0.000000,0.000000,0.000000,0.000000,0.000000,0.000000,0.000000,0.000000,0.000001,0.000001,0.000003,0.000003,0.000011,0.000011,0.000032,0.000032,0.000091,0.000091,0.000243,0.000243,0.000613,0.000613,0.001460,0.001460,0.003283,0.003283,0.006975,0.006975,0.013995,0.013995,0.026523,0.026523,0.047477,0.047477,0.080277,0.080277,0.128237,0.128237,0.193581,0.193581,0.276256,0.276256,0.372905,0.372905,0.476458,0.476458,0.576702,0.576702,0.661848,0.661848,0.720763,0.720763,0.745234,0.745234,0.731622,0.731622,0.681538,0.681538,0.601475,0.601475,0.501568,0.501568,0.393743,0.393743,0.289606,0.289606,0.198446,0.198446,0.125854,0.125854,0.073326,0.073326,0.038920,0.038920,0.018642,0.018642,0.007968,0.007968,0.002999,0.002999,0.000978,0.000978,0.000270,0.000270,0.000062,0.000062,0.000011,0.000011,0.000001,0.000001,0.000000,0.000000,0.000000,0.000000,0.000000,0.000000]
1.063064,1.000000,[0.000000,0.000000,0.000000,0.000000,0.000000,0.000000,0.000000,0.000000,0.000000,0.000000,0.000000,0.000000,0.000000,0.000002,0.000002,0.000005,0.000005,0.000016,0.000016,0.000047,0.000047,0.000129,0.000129,0.000336,0.000336,0.000825,0.000825,0.001916,0.001916,0.004206,0.004206,0.008730,0.008730,0.017127,0.017127,0.031762,0.031762,0.055677,0.055677,0.092267,0.092267,0.144573,0.144573,0.214250,0.214250,0.300418,0.300418,0.398793,0.398793,0.501519,0.501519,0.597989,0.597989,0.676577,0.676577,0.726881,0.726881,0.741831,0.741831,0.719101,0.719101,0.661522,0.661522,0.576499,0.576499,0.474612,0.474612,0.367709,0.367709,0.266816,0.266816,0.180298,0.180298,0.112722,0.112722,0.064724,0.064724,0.033851,0.033851,0.015973,0.015973,0.006726,0.006726,0.002494,0.002494,0.000801,0.000801,0.000218,0.000218,0.000049,0.000049,0.000009,0.000009,0.000001,0.000001,0.000000,0.000000,0.000000,0.000000,0.000000]
1.078931,1.000000,[0.000000,0.000000,0.000000,0.000000,0.000000,0.000000,0.000000,0.000000,0.000000,0.000000,0.000000,0.000000,0.000001,0.000001,0.000003,0.000003,0.000008,0.000008,0.000024,0.000024,0.000067,0.000067,0.000181,0.000181,0.000458,0.000458,0.001097,0.001097,0.002488,0.002488,0.005337,0.005337,0.010829,0.010829,0.020786,0.020786,0.037741,0.037741,0.064825,0.064825,0.105344,0.105344,0.161992,0.161992,0.235792,0.235792,0.325012,0.325012,0.424475,0.424475,0.525637,0.525637,0.617636,0.617636,0.689153,0.689153,0.730619,0.730619,0.736149,0.736149,0.704706,0.704706,0.640266,0.640266,0.551027,0.551027,0.447886,0.447886,0.342486,0.342486,0.245187,0.245187,0.163404,0.163404,0.100722,0.100722,0.057006,0.057006,0.029381,0.029381,0.013661,0.013661,0.005668,0.005668,0.002071,0.002071,0.000655,0.000655,0.000176,0.000176,0.000039,0.000039,0.000007,0.000007,0.000001,0.000001,0.000000,0.000000,0.000000,0.000000]
1.094797,1.000000,[0.000000,0.000000,0.000000,0.000000,0.000000,0.000000,0.000000,0.000000,0.000000,0.000000,0.000000,0.000000,0.000000,0.000001,0.000001,0.000004,0.000004,0.000012,0.000012,0.000035,0.000035,0.000096,0.000096,0.000250,0.000250,0.000618,0.000618,0.001445,0.001445,0.003201,0.003201,0.006710,0.006710,0.013318,0.013318,0.025025,0.025025,0.044512,0.044512,0.074955,0.074955,0.119506,0.119506,0.180442,0.180442,0.258097,0.258097,0.349878,0.349878,0.449765,0.449765,0.548636,0.548636,0.635515,0.635515,0.699519,0.699519,0.732001,0.732001,0.728288,0.728288,0.688596,0.688596,0.617956,0.617956,0.525242,0.525242,0.421536,0.421536,0.318161,0.318161,0.224741,0.224741,0.147733,0.147733,0.089793,0.089793,0.050100,0.050100,0.025451,0.025451,0.011663,0.011663,0.004768,0.004768,0.001717,0.001717,0.000535,0.000535,0.000142,0.000142,0.000031,0.000031,0.000005,0.000005,0.000001,0.000001,0.000000,0.000000,0.000000]
1.110664,1.000000,[0.000000,0.000000,0.000000,0.000000,0.000000,0.000000,0.000000,0.000000,0.000000,0.000000,0.000000,0.000000,0.000001,0.000001,0.000002,0.000002,0.000006,0.000006,0.000018,0.000018,0.000050,0.000050,0.000134,0.000134,0.000342,0.000342,0.000825,0.000825,0.001884,0.001884,0.004078,0.004078,0.008362,0.008362,0.016245,0.016245,0.029896,0.029896,0.052122,0.052122,0.086092,0.086092,0.134740,0.134740,0.199856,0.199856,0.281042,0.281042,0.374849,0.374849,0.474483,0.474483,0.570356,0.570356,0.651516,0.651516,0.707640,0.707640,0.731073,0.731073,0.718365,0.718365,0.670936,0.670936,0.594778,0.594778,0.499315,0.499315,0.395692,0.395692,0.294806,0.294806,0.205489,0.205489,0.133248,0.133248,0.079870,0.079870,0.043938,0.043938,0.022004,0.022004,0.009939,0.009939,0.004005,0.004005,0.001421,0.001421,0.000437,0.000437,0.000114,0.000114,0.000024,0.000024,0.000004,0.000004,0.000001,0.000001,0.000000,0.000000]
1.126531,1.000000,[0.000000,0.000000,0.000000,0.000000,0.000000,0.000000,0.000000,0.000000,0.000000,0.000000,0.000000,0.000000,0.000000,0.000001,0.000001,0.000003,0.000003,0.000009,0.000009,0.000026,0.000026,0.000071,0.000071,0.000186,0.000186,0.000463,0.000463,0.001089,0.001089,0.002432,0.002432,0.005149,0.005149,0.010333,0.010333,0.019658,0.019658,0.035453,0.035453,0.060615,0.060615,0.098254,0.098254,0.151019,0.151019,0.220153,0.220153,0.304494,0.304494,0.399758,0.399758,0.498451,0.498451,0.590646,0.590646,0.665547,0.665547,0.713498,0.713498,0.727896,0.727896,0.706508,0.706508,0.651897,0.651897,0.570912,0.570912,0.473409,0.473409,0.370471,0.370471,0.272477,0.272477,0.187429,0.187429,0.119904,0.119904,0.070887,0.070887,0.038454,0.038454,0.018988,0.018988,0.008456,0.008456,0.003359,0.003359,0.001175,0.001175,0.000356,0.000356,0.000092,0.000092,0.000019,0.000019,0.000003,0.000003,0.000000,0.000000,0.000000]
1.142397,1.000000,[0.000000,0.000000,0.000000,0.000000,0.000000,0.000000,0.000000,0.000000,0.000000,0.000000,0.000000,0.000000,0.000000,0.000000,0.000001,0.000001,0.000004,0.000004,0.000013,0.000013,0.000037,0.000037,0.000100,0.000100,0.000255,0.000255,0.000619,0.000619,0.001425,0.001425,0.003112,0.003112,0.006445,0.006445,0.012664,0.012664,0.023607,0.023607,0.041743,0.041743,0.070025,0.070025,0.111446,0.111446,0.168302,0.168302,0.241238,0.241238,0.328310,0.328310,0.424431,0.424431,0.521500,0.521500,0.609371,0.609371,0.677535,0.677535,0.717097,0.717097,0.722549,0.722549,0.692855,0.692855,0.631650,0.631650,0.546536,0.546536,0.447675,0.447675,0.345972,0.345972,0.251215,0.251215,0.170548,0.170548,0.107650,0.107650,0.062779,0.062779,0.033588,0.033588,0.016355,0.016355,0.007182,0.007182,0.002813,0.002813,0.000970,0.000970,0.000290,0.000290,0.000074,0.000074,0.000015,0.000015,0.000003,0.000003,0.000000,0.000000]
1.158264,1.000000,[0.000000,0.000000,0.000000,0.000000,0.000000,0.000000,0.000000,0.000000,0.000000,0.000000,0.000000,0.000000,0.000000,0.000001,0.000001,0.000002,0.000002,0.000007,0.000007,0.000019,0.000019,0.000053,0.000053,0.000139,0.000139,0.000346,0.000346,0.000821,0.000821,0.001847,0.001847,0.003945,0.003945,0.008000,0.008000,0.015400,0.015400,0.028141,0.028141,0.048814,0.048814,0.080380,0.080380,0.125660,0.125660,0.186536,0.186536,0.263006,0.263006,0.352340,0.352340,0.448698,0.448698,0.543468,0.543468,0.626412,0.626412,0.687425,0.687425,0.718460,0.718460,0.715125,0.715125,0.677554,0.677554,0.610372,0.610372,0.521821,0.521821,0.422249,0.422249,0.322283,0.322283,0.231048,0.231048,0.154823,0.154823,0.096432,0.096432,0.055481,0.055481,0.029280,0.029280,0.014062,0.014062,0.006090,0.006090,0.002353,0.002353,0.000800,0.000800,0.000236,0.000236,0.000059,0.000059,0.000012,0.000012,0.000002,0.000002,0.000000]
1.174131,1.000000,[0.000000,0.000000,0.000000,0.000000,0.000000,0.000000,0.000000,0.000000,0.000000,0.000000,0.000000,0.000000,0.000000,0.000000,0.000001,0.000001,0.000003,0.000003,0.000010,0.000010,0.000027,0.000027,0.000074,0.000074,0.000191,0.000191,0.000465,0.000465,0.001077,0.001077,0.002371,0.002371,0.004959,0.004959,0.009850,0.009850,0.018585,0.018585,0.033309,0.033309,0.056705,0.056705,0.091700,0.091700,0.140879,0.140879,0.205654,0.205654,0.285339,0.285339,0.376430,0.376430,0.472391,0.472391,0.564204,0.564204,0.641665,0.641665,0.695184,0.695184,0.717627,0.717627,0.705733,0.705733,0.660758,0.660758,0.588234,0.588234,0.496928,0.496928,0.397258,0.397258,0.299474,0.299474,0.211992,0.211992,0.140225,0.140225,0.086194,0.086194,0.048931,0.048931,0.025475,0.025475,0.012069,0.012069,0.005155,0.005155,0.001965,0.001965,0.000659,0.000659,0.000192,0.000192,0.000047,0.000047,0.000010,0.000010,0.000001,0.000000]
1.189997,1.000000,[0.000000,0.000000,0.000000,0.000000,0.000000,0.000000,0.000000,0.000000,0.000000,0.000000,0.000000,0.000000,0.000000,0.000000,0.000000,0.000002,0.000002,0.000005,0.000005,0.000014,0.000014,0.000039,0.000039,0.000103,0.000103,0.000259,0.000259,0.000618,0.000618,0.001401,0.001401,0.003018,0.003018,0.006181,0.006181,0.012034,0.012034,0.022266,0.022266,0.039158,0.039158,0.065454,0.065454,0.103995,0.103995,0.157073,0.157073,0.225575,0.225575,0.308112,0.308112,0.400420,0.400420,0.495344,0.495344,0.583569,0.583569,0.655045,0.655045,0.700795,0.700795,0.714653,0.714653,0.694489,0.694489,0.642627,0.642627,0.565408,0.565408,0.472010,0.472010,0.372812,0.372812,0.277603,0.277603,0.194050,0.194050,0.126717,0.126717,0.076878,0.076878,0.043067,0.043067,0.022123,0.022123,0.010340,0.010340,0.004358,0.004358,0.001638,0.001638,0.000542,0.000542,0.000156,0.000156,0.000038,0.000038,0.000008,0.000007,0.000000]
1.205864,1.000000,[0.000000,0.000000,0.000000,0.000000,0.000000,0.000000,0.000000,0.000000,0.000000,0.000000,0.000000,0.000000,0.000000,0.000000,0.000001,0.000001,0.000002,0.000002,0.000007,0.000007,0.000020,0.000020,0.000055,0.000055,0.000142,0.000142,0.000349,0.000349,0.000814,0.000814,0.001805,0.001805,0.003809,0.003809,0.007644,0.007644,0.014592,0.014592,0.026489,0.026489,0.045732,0.045732,0.075089,0.075089,0.117264,0.117264,0.174198,0.174198,0.246209,0.246209,0.331189,0.331189,0.424151,0.424151,0.517400,0.517400,0.601438,0.601438,0.666482,0.666482,0.704259,0.704259,0.709612,0.709612,0.681524,0.681524,0.623322,0.623322,0.542058,0.542058,0.447211,0.447211,0.349010,0.349010,0.256715,0.256715,0.177217,0.177217,0.114258,0.114258,0.068425,0.068425,0.037831,0.037831,0.019178,0.019178,0.008845,0.008845,0.003678,0.003678,0.001364,0.001364,0.000446,0.000446,0.000126,0.000126,0.000030,0.000030,0.000006,0.000000]
1.221730,1.000000,[0.000000,0.000000,0.000000,0.000000,0.000000,0.000000,0.000000,0.000000,0.000000,0.000000,0.000000,0.000000,0.000000,0.000000,0.000000,0.000001,0.000001,0.000004,0.000004,0.000010,0.000010,0.000029,0.000029,0.000077,0.000077,0.000194,0.000194,0.000465,0.000465,0.001062,0.001062,0.002306,0.002306,0.004768,0.004768,0.009381,0.009381,0.017566,0.017566,0.031300,0.031300,0.053071,0.053071,0.085633,0.085633,0.131498,0.131498,0.192201,0.192201,0.267454,0.267454,0.354430,0.354430,0.447463,0.447463,0.538410,0.538410,0.617699,0.617699,0.675927,0.675927,0.705597,0.705597,0.702590,0.702590,0.666973,0.666973,0.603006,0.603006,0.518346,0.518346,0.422660,0.422660,0.325936,0.325936,0.236841,0.236841,0.161477,0.161477,0.102800,0.102800,0.060777,0.060777,0.033168,0.033168,0.016594,0.016594,0.007553,0.007553,0.003099,0.003099,0.001135,0.001135,0.000366,0.000366,0.000102,0.000102,0.000024,0.000023,0.000000]
1.237597,1.000000,[0.000000,0.000000,0.000000,0.000000,0.000000,0.000000,0.000000,0.000000,0.000000,0.000000,0.000000,0.000000,0.000000,0.000000,0.000001,0.000001,0.000002,0.000002,0.000005,0.000005,0.000015,0.000015,0.000041,0.000041,0.000106,0.000106,0.000262,0.000262,0.000614,0.000614,0.001373,0.001373,0.002922,0.002922,0.005921,0.005921,0.011427,0.011427,0.020999,0.020999,0.036743,0.036743,0.061212,0.061212,0.097099,0.097099,0.146673,0.146673,0.211014,0.211014,0.289198,0.289198,0.377688,0.377688,0.470200,0.470200,0.558232,0.558232,0.632256,0.632256,0.683344,0.683344,0.704846,0.704846,0.693686,0.693686,0.650982,0.650982,0.581841,0.581841,0.494425,0.494425,0.398479,0.398479,0.303662,0.303662,0.218000,0.218000,0.146808,0.146808,0.092294,0.092294,0.053874,0.053874,0.029024,0.029024,0.014334,0.014334,0.006440,0.006440,0.002608,0.002608,0.000942,0.000942,0.000300,0.000300,0.000083,0.000082,0.000018,0.000000]
1.253464,1.000000,[0.000000,0.000000,0.000000,0.000000,0.000000,0.000000,0.000000,0.000000,0.000000,0.000000,0.000000,0.000000,0.000000,0.000000,0.000000,0.000001,0.000001,0.000003,0.000003,0.000008,0.000008,0.000022,0.000022,0.000057,0.000057,0.000145,0.000145,0.000350,0.000350,0.000804,0.000804,0.001760,0.001760,0.003671,0.003671,0.007298,0.007298,0.013820,0.013820,0.024935,0.024935,0.042860,0.042860,0.070184,0.070184,0.109493,0.109493,0.162759,0.162759,0.230560,0.230560,0.311321,0.311321,0.400816,0.400816,0.492208,0.492208,0.576738,0.576738,0.645028,0.645028,0.688720,0.688720,0.702056,0.702056,0.683010,0.683010,0.633697,0.633697,0.559987,0.559987,0.470439,0.470439,0.374775,0.374775,0.282247,0.282247,0.200202,0.200202,0.133179,0.133179,0.082689,0.082689,0.047662,0.047662,0.025352,0.025352,0.012360,0.012360,0.005482,0.005482,0.002192,0.002192,0.000782,0.000782,0.000246,0.000245,0.000067,0.000062,0.000000]
1.269330,1.000000,[0.000000,0.000000,0.000000,0.000000,0.000000,0.000000,0.000000,0.000000,0.000000,0.000000,0.000000,0.000000,0.000000,0.000000,0.000000,0.000000,0.000001,0.000001,0.000004,0.000004,0.000011,0.000011,0.000031,0.000031,0.000079,0.000079,0.000196,0.000196,0.000463,0.000463,0.001043,0.001043,0.002238,0.002238,0.004578,0.004578,0.008928,0.008928,0.016599,0.016599,0.029416,0.029416,0.049691,0.049691,0.080011,0.080011,0.122809,0.122809,0.179709,0.179709,0.250750,0.250750,0.333694,0.333694,0.423664,0.423664,0.513341,0.513341,0.593811,0.593811,0.655951,0.655951,0.692054,0.692054,0.697294,0.697294,0.670681,0.670681,0.615269,0.615269,0.537600,0.537600,0.446523,0.446523,0.351643,0.351643,0.261735,0.261735,0.183446,0.183446,0.120557,0.120557,0.073932,0.073932,0.042084,0.042084,0.022104,0.022104,0.010641,0.010641,0.004659,0.004659,0.001839,0.001839,0.000648,0.000648,0.000201,0.000200,0.000050,0.000000]
1.285197,1.000000,[0.000000,0.000000,0.000000,0.000000,0.000000,0.000000,0.000000,0.000000,0.000000,0.000000,0.000000,0.000000,0.000000,0.000000,0.000000,0.000001,0.000001,0.000002,0.000002,0.000006,0.000006,0.000016,0.000016,0.000043,0.000043,0.000109,0.000109,0.000263,0.000263,0.000608,0.000608,0.001342,0.001342,0.002823,0.002823,0.005666,0.005666,0.010846,0.010846,0.019803,0.019803,0.034485,0.034485,0.057271,0.057271,0.090710,0.090710,0.137034,0.137034,0.197469,0.197469,0.271486,0.271486,0.356187,0.356187,0.446083,0.446083,0.533458,0.533458,0.609346,0.609346,0.664977,0.664977,0.693364,0.693364,0.690641,0.690641,0.656828,0.656828,0.595852,0.595852,0.514831,0.514831,0.422803,0.422803,0.329166,0.329166,0.242163,0.242163,0.167724,0.167724,0.108901,0.108901,0.065970,0.065970,0.037089,0.037089,0.019238,0.019238,0.009145,0.009145,0.003954,0.003954,0.001541,0.001541,0.000536,0.000536,0.000163,0.000150,0.000000]
1.301064,1.000000,[0.000000,0.000000,0.000000,0.000000,0.000000,0.000000,0.000000,0.000000,0.000000,0.000000,0.000000,0.000000,0.000000,0.000000,0.000000,0.000000,0.000001,0.000001,0.000003,0.000003,0.000008,0.000008,0.000023,0.000023,0.000059,0.000059,0.000147,0.000147,0.000349,0.000349,0.000792,0.000792,0.001712,0.001712,0.003534,0.003534,0.006961,0.006961,0.013085,0.013085,0.023474,0.023474,0.040181,0.040181,0.065631,0.065631,0.102291,0.102291,0.152143,0.152143,0.215974,0.215974,0.292661,0.292661,0.378661,0.378661,0.467927,0.467927,0.552430,0.552430,0.623253,0.623253,0.672073,0.672073,0.692683,0.692683,0.682188,0.682188,0.641584,0.641584,0.575597,0.575597,0.491824,0.491824,0.399394,0.399394,0.307415,0.307415,0.223553,0.223553,0.153018,0.153018,0.098168,0.098168,0.058750,0.058750,0.032626,0.032626,0.016715,0.016715,0.007848,0.007848,0.003351,0.003351,0.001290,0.001290,0.000443,0.000439,0.000122,0.000000]
1.316930,1.000000,[0.000000,0.000000,0.000000,0.000000,0.000000,0.000000,0.000000,0.000000,0.000000,0.000000,0.000000,0.000000,0.000000,0.000000,0.000000,0.000000,0.000000,0.000001,0.000001,0.000004,0.000004,0.000012,0.000012,0.000032,0.000032,0.000081,0.000081,0.000198,0.000198,0.000460,0.000460,0.001022,0.001022,0.002167,0.002167,0.004390,0.004390,0.008492,0.008492,0.015683,0.015683,0.027651,0.027651,0.046544,0.046544,0.074796,0.074796,0.114754,0.114754,0.168101,0.168101,0.235146,0.235146,0.314161,0.314161,0.400977,0.400977,0.489053,0.489053,0.570136,0.570136,0.635458,0.635458,0.677226,0.677226,0.690059,0.690059,0.672037,0.672037,0.625087,0.625087,0.554653,0.554653,0.468716,0.468716,0.376399,0.376399,0.286450,0.286450,0.205919,0.205919,0.139305,0.139305,0.088314,0.088314,0.052219,0.052219,0.028649,0.028649,0.014498,0.014498,0.006723,0.006723,0.002836,0.002836,0.001078,0.001077,0.000363,0.000329,0.000000]
1.332797,1.000000,[0.000000,0.000000,0.000000,0.000000,0.000000,0.000000,0.000000,0.000000,0.000000,0.000000,0.000000,0.000000,0.000000,0.000000,0.000000,0.000000,0.000001,0.000001,0.000002,0.000002,0.000006,0.000006,0.000017,0.000017,0.000044,0.000044,0.000110,0.000110,0.000263,0.000263,0.000600,0.000600,0.001308,0.001308,0.002723,0.002723,0.005416,0.005416,0.010290,0.010290,0.018675,0.018675,0.032374,0.032374,0.053607,0.053607,0.084785,0.084785,0.128091,0.128091,0.184862,0.184862,0.254900,0.254900,0.335865,0.335865,0.422996,0.422996,0.509323,0.509323,0.586466,0.586466,0.645900,0.645900,0.680434,0.680434,0.685554,0.685554,0.660300,0.660300,0.607479,0.607479,0.533169,0.533169,0.445637,0.445637,0.353912,0.353912,0.266317,0.266317,0.189266,0.189266,0.126558,0.126558,0.079290,0.079290,0.046326,0.046326,0.025111,0.025111,0.012554,0.012554,0.005752,0.005752,0.002396,0.002396,0.000899,0.000890,0.000272,0.000000]
1.348664,1.000000,[0.000000,0.000000,0.000000,0.000000,0.000000,0.000000,0.000000,0.000000,0.000000,0.000000,0.000000,0.000000,0.000000,0.000000,0.000000,0.000000,0.000000,0.000001,0.000001,0.000003,0.000003,0.000009,0.000009,0.000024,0.000024,0.000061,0.000061,0.000149,0.000149,0.000348,0.000348,0.000777,0.000777,0.001662,0.001662,0.003396,0.003396,0.006634,0.006634,0.012386,0.012386,0.022099,0.022099,0.037682,0.037682,0.061401,0.061401,0.095612,0.095612,0.142284,0.142284,0.202371,0.202371,0.275141,0.275141,0.357648,0.357648,0.444578,0.444578,0.528609,0.528609,0.601325,0.601325,0.654534,0.654534,0.681714,0.681714,0.679240,0.679240,0.647094,0.647094,0.588901,0.588901,0.511286,0.511286,0.422706,0.422706,0.332013,0.332013,0.247054,0.247054,0.173589,0.173589,0.114741,0.114741,0.071049,0.071049,0.041023,0.041023,0.021972,0.021972,0.010854,0.010854,0.004913,0.004913,0.002022,0.002020,0.000743,0.000668,0.000000]
1.364530,1.000000,[0.000000,0.000000,0.000000,0.000000,0.000000,0.000000,0.000000,0.000000,0.000000,0.000000,0.000000,0.000000,0.000000,0.000000,0.000000,0.000000,0.000001,0.000001,0.000002,0.000002,0.000005,0.000005,0.000013,0.000013,0.000033,0.000033,0.000083,0.000083,0.000198,0.000198,0.000455,0.000455,0.000998,0.000998,0.002095,0.002095,0.004206,0.004206,0.008072,0.008072,0.014814,0.014814,0.025995,0.025995,0.043612,0.043612,0.069954,0.069954,0.107280,0.107280,0.157306,0.157306,0.220564,0.220564,0.295768,0.295768,0.379381,0.379381,0.465586,0.465586,0.546788,0.546788,0.614627,0.614627,0.661329,0.661329,0.681096,0.681096,0.671204,0.671204,0.632546,0.632546,0.569498,0.569498,0.489141,0.489141,0.400032,0.400032,0.310773,0.310773,0.228688,0.228688,0.158877,0.158877,0.103818,0.103818,0.063542,0.063542,0.036260,0.036260,0.019192,0.019192,0.009368,0.009368,0.004190,0.004189,0.001702,0.001682,0.000557,0.000000]
1.380397,1.000000,[0.000000,0.000000,0.000000,0.000000,0.000000,0.000000,0.000000,0.000000,0.000000,0.000000,0.000000,0.000000,0.000000,0.000000,0.000000,0.000000,0.000000,0.000001,0.000001,0.000002,0.000002,0.000007,0.000007,0.000018,0.000018,0.000045,0.000045,0.000112,0.000112,0.000262,0.000262,0.000591,0.000591,0.001273,0.001273,0.002623,0.002623,0.005172,0.005172,0.009758,0.009758,0.017609,0.017609,0.030399,0.030399,0.050198,0.050198,0.079285,0.079285,0.119786,0.119786,0.173120,0.173120,0.239365,0.239365,0.316671,0.316671,0.400932,0.400932,0.485886,0.485886,0.563748,0.563748,0.626303,0.626303,0.666271,0.666271,0.678623,0.678623,0.661539,0.661539,0.616784,0.616784,0.549408,0.549408,0.466864,0.466864,0.377718,0.377718,0.290252,0.290252,0.211235,0.211235,0.145112,0.145112,0.093749,0.093749,0.056722,0.056722,0.031993,0.031993,0.016736,0.016736,0.008074,0.008074,0.003568,0.003563,0.001416,0.001261,0.000000]
1.396263,1.000000,[0.000000,0.000000,0.000000,0.000000,0.000000,0.000000,0.000000,0.000000,0.000000,0.000000,0.000000,0.000000,0.000000,0.000000,0.000000,0.000000,0.000000,0.000000,0.000001,0.000001,0.000003,0.000003,0.000009,0.000009,0.000025,0.000025,0.000062,0.000062,0.000149,0.000149,0.000345,0.000345,0.000761,0.000761,0.001610,0.001610,0.003260,0.003260,0.006319,0.006319,0.011721,0.011721,0.020807,0.020807,0.035349,0.035349,0.057470,0.057470,0.089411,0.089411,0.133120,0.133120,0.189681,0.189681,0.258691,0.258691,0.337736,0.337736,0.422170,0.422170,0.505352,0.505352,0.579387,0.579387,0.636295,0.636295,0.669359,0.669359,0.674352,0.674352,0.650350,0.650350,0.599940,0.599940,0.528772,0.528772,0.444577,0.444577,0.355851,0.355851,0.270498,0.270498,0.194704,0.194704,0.132271,0.132271,0.084492,0.084492,0.050540,0.050540,0.028179,0.028179,0.014571,0.014571,0.006947,0.006946,0.003030,0.002987,0.001062,0.000000]
1.412130,1.000000,[0.000000,0.000000,0.000000,0.000000,0.000000,0.000000,0.000000,0.000000,0.000000,0.000000,0.000000,0.000000,0.000000,0.000000,0.000000,0.000000,0.000000,0.000001,0.000001,0.000002,0.000002,0.000005,0.000005,0.000013,0.000013,0.000034,0.000034,0.000084,0.000084,0.000198,0.000198,0.000449,0.000449,0.000974,0.000974,0.002023,0.002023,0.004025,0.004025,0.007669,0.007669,0.013992,0.013992,0.024442,0.024442,0.040879,0.040879,0.065455,0.065455,0.100338,0.100338,0.147260,0.147260,0.206934,0.206934,0.278452,0.278452,0.358845,0.358845,0.442966,0.442966,0.523860,0.523860,0.593614,0.593614,0.644561,0.644561,0.670607,0.670607,0.668351,0.668351,0.637748,0.637748,0.582148,0.582148,0.507724,0.507724,0.422396,0.422396,0.334513,0.334513,0.251549,0.251549,0.179096,0.179096,0.120326,0.120326,0.076004,0.076004,0.044949,0.044949,0.024777,0.024777,0.012665,0.012664,0.005968,0.005956,0.002538,0.002240,0.000000]
1.427997,1.000000,[0.000000,0.000000,0.000000,0.000000,0.000000,0.000000,0.000000,0.000000,0.000000,0.000000,0.000000,0.000000,0.000000,0.000000,0.000000,0.000000,0.000000,0.000000,0.000001,0.000001,0.000003,0.000003,0.000007,0.000007,0.000018,0.000018,0.000046,0.000046,0.000112,0.000112,0.000261,0.000261,0.000580,0.000580,0.001236,0.001236,0.002523,0.002523,0.004936,0.004936,0.009250,0.009250,0.016605,0.016605,0.028552,0.028552,0.047023,0.047023,0.074176,0.074176,0.112068,0.112068,0.162178,0.162178,0.224813,0.224813,0.298551,0.298551,0.379875,0.379875,0.463189,0.463189,0.541299,0.541299,0.606350,0.606350,0.651072,0.651072,0.670043,0.670043,0.660701,0.660701,0.623848,0.623848,0.563542,0.563542,0.486392,0.486392,0.400425,0.400425,0.313772,0.313772,0.233436,0.233436,0.164404,0.164404,0.109246,0.109246,0.068240,0.068240,0.039906,0.039906,0.021749,0.021749,0.010991,0.010987,0.005111,0.005027,0.001904,0.000000]
1.443863,1.000000,[0.000000,0.000000,0.000000,0.000000,0.000000,0.000000,0.000000,0.000000,0.000000,0.000000,0.000000,0.000000,0.000000,0.000000,0.000000,0.000000,0.000000,0.000000,0.000000,0.000001,0.000001,0.000004,0.000004,0.000010,0.000010,0.000025,0.000025,0.000063,0.000063,0.000149,0.000149,0.000341,0.000341,0.000744,0.000744,0.001558,0.001558,0.003127,0.003127,0.006014,0.006014,0.011089,0.011089,0.019591,0.019591,0.033169,0.033169,0.053811,0.053811,0.083649,0.083649,0.124596,0.124596,0.177837,0.177837,0.243248,0.243248,0.318882,0.318882,0.400704,0.400704,0.482717,0.482717,0.557562,0.557562,0.617531,0.617531,0.655815,0.655815,0.667707,0.667707,0.651487,0.651487,0.608771,0.608771,0.544254,0.544254,0.464900,0.464900,0.378762,0.378762,0.293688,0.293688,0.216178,0.216178,0.150614,0.150614,0.098994,0.098994,0.061157,0.061157,0.035367,0.035367,0.019059,0.019058,0.009521,0.009497,0.004309,0.003770,0.000000]
1.459730,1.000000,[0.000000,0.000000,0.000000,0.000000,0.000000,0.000000,0.000000,0.000000,0.000000,0.000000,0.000000,0.000000,0.000000,0.000000,0.000000,0.000000,0.000000,0.000000,0.000001,0.000001,0.000002,0.000002,0.000005,0.000005,0.000014,0.000014,0.000035,0.000035,0.000085,0.000085,0.000197,0.000197,0.000441,0.000441,0.000947,0.000947,0.001950,0.001950,0.003848,0.003849,0.007283,0.007283,0.013214,0.013214,0.022986,0.022986,0.038330,0.038330,0.061271,0.061271,0.093886,0.093886,0.137906,0.137906,0.194190,0.194190,0.262156,0.262156,0.339337,0.339337,0.421207,0.421207,0.501428,0.501428,0.572554,0.572554,0.627102,0.627102,0.658788,0.658788,0.663652,0.663652,0.640808,0.640808,0.592642,0.592642,0.524416,0.524416,0.443365,0.443365,0.357493,0.357493,0.274311,0.274311,0.199787,0.199787,0.137709,0.137709,0.089535,0.089535,0.054709,0.054709,0.031290,0.031290,0.016675,0.016668,0.008218,0.008066,0.003232,0.000000]
1.475597,1.000000,[0.000000,0.000000,0.000000,0.000000,0.000000,0.000000,0.000000,0.000000,0.000000,0.000000,0.000000,0.000000,0.000000,0.000000,0.000000,0.000000,0.000000,0.000000,0.000000,0.000001,0.000001,0.000003,0.000003,0.000007,0.000007,0.000019,0.000019,0.000047,0.000047,0.000113,0.000113,0.000258,0.000258,0.000568,0.000568,0.001198,0.001198,0.002425,0.002425,0.004707,0.004707,0.008766,0.008766,0.015657,0.015657,0.026822,0.026822,0.044065,0.044065,0.069424,0.069424,0.104891,0.104891,0.151977,0.151977,0.211181,0.211181,0.281451,0.281451,0.359805,0.359805,0.441262,0.441262,0.519209,0.519209,0.586191,0.586191,0.635023,0.635023,0.660004,0.660004,0.657941,0.657941,0.628767,0.628767,0.575586,0.575586,0.504153,0.504153,0.421897,0.421897,0.336698,0.336698,0.255680,0.255680,0.184268,0.184268,0.125666,0.125666,0.080829,0.080829,0.048855,0.048854,0.027636,0.027634,0.014560,0.014518,0.006971,0.006049,0.000000]
1.491463,1.000000,[0.000000,0.000000,0.000000,0.000000,0.000000,0.000000,0.000000,0.000000,0.000000,0.000000,0.000000,0.000000,0.000000,0.000000,0.000000,0.000000,0.000000,0.000000,0.000000,0.000000,0.000001,0.000001,0.000004,0.000004,0.000010,0.000010,0.000026,0.000026,0.000064,0.000064,0.000149,0.000149,0.000336,0.000336,0.000725,0.000725,0.001505,0.001505,0.002995,0.002995,0.005722,0.005722,0.010489,0.010489,0.018448,0.018448,0.031133,0.031133,0.050405,0.050405,0.078291,0.078291,0.116662,0.116662,0.166778,0.166778,0.228749,0.228749,0.301040,0.301040,0.380169,0.380169,0.460749,0.460749,0.535955,0.535955,0.598399,0.598399,0.641269,0.641269,0.659488,0.659488,0.650648,0.650648,0.615472,0.615472,0.557727,0.557727,0.483589,0.483589,0.400597,0.400597,0.316443,0.316443,0.237827,0.237827,0.169617,0.169617,0.114456,0.114456,0.072835,0.072835,0.043550,0.043549,0.024367,0.024355,0.012663,0.012400,0.005228,0.000000]
1.507330,1.000000,[0.000000,0.000000,0.000000,0.000000,0.000000,0.000000,0.000000,0.000000,0.000000,0.000000,0.000000,0.000000,0.000000,0.000000,0.000000,0.000000,0.000000,0.000000,0.000000,0.000001,0.000001,0.000002,0.000002,0.000005,0.000005,0.000014,0.000014,0.000035,0.000035,0.000085,0.000085,0.000196,0.000196,0.000433,0.000433,0.000920,0.000920,0.001877,0.001877,0.003677,0.003677,0.006914,0.006914,0.012479,0.012479,0.021619,0.021619,0.035951,0.035951,0.057376,0.057376,0.087884,0.087884,0.129191,0.129191,0.182271,0.182271,0.246822,0.246822,0.320822,0.320822,0.400314,0.400314,0.479550,0.479550,0.551566,0.551566,0.609116,0.609116,0.645824,0.645824,0.657278,0.657278,0.641854,0.641854,0.601036,0.601036,0.539193,0.539193,0.462841,0.462841,0.379559,0.379559,0.296789,0.296789,0.220774,0.220774,0.155827,0.155827,0.104051,0.104051,0.065514,0.065514,0.038754,0.038751,0.021441,0.021366,0.010804,0.009300,0.000000]
1.523196,1.000000,[0.000000,0.000000,0.000000,0.000000,0.000000,0.000000,0.000000,0.000000,0.000000,0.000000,0.000000,0.000000,0.000000,0.000000,0.000000,0.000000,0.000000,0.000000,0.000000,0.000000,0.000001,0.000001,0.000003,0.000003,0.000008,0.000008,0.000019,0.000019,0.000048,0.000048,0.000113,0.000113,0.000255,0.000255,0.000555,0.000555,0.001160,0.001160,0.002327,0.002327,0.004486,0.004486,0.008305,0.008305,0.014764,0.014764,0.025202,0.025202,0.041307,0.041307,0.065003,0.065003,0.098211,0.098211,0.142461,0.142461,0.198409,0.198409,0.265322,0.265322,0.340695,0.340695,0.420123,0.420123,0.497554,0.497554,0.565953,0.565953,0.618293,0.618293,0.648687,0.648687,0.653422,0.653422,0.631649,0.631649,0.585575,0.585575,0.520105,0.520105,0.442021,0.442021,0.358866,0.358866,0.277785,0.277785,0.204537,0.204537,0.142883,0.142883,0.094417,0.094417,0.058824,0.058823,0.034426,0.034405,0.018782,0.018350,0.008103,0.000000]
1.539063,1.000000,[0.000000,0.000000,0.000000,0.000000,0.000000,0.000000,0.000000,0.000000,0.000000,0.000000,0.000000,0.000000,0.000000,0.000000,0.000000,0.000000,0.000000,0.000000,0.000000,0.000001,0.000001,0.000001,0.000001,0.000004,0.000004,0.000011,0.000011,0.000027,0.000027,0.000064,0.000064,0.000148,0.000148,0.000330,0.000330,0.000706,0.000706,0.001451,0.001451,0.002867,0.002867,0.005441,0.005441,0.009920,0.009920,0.017373,0.017373,0.029229,0.029229,0.047231,0.047231,0.073305,0.073305,0.109273,0.109273,0.156448,0.156448,0.215137,0.215137,0.284165,0.284165,0.360552,0.360552,0.439481,0.439481,0.514654,0.514654,0.579038,0.579038,0.625892,0.625892,0.649871,0.649871,0.647979,0.647979,0.620131,0.620131,0.569207,0.569207,0.500584,0.500584,0.421232,0.421232,0.338596,0.338596,0.259473,0.259473,0.189124,0.189124,0.130766,0.130766,0.085519,0.085518,0.052724,0.052718,0.030515,0.030391,0.016112,0.013762,0.000000]
1.554930,1.000000,[0.000000,0.000000,0.000000,0.000000,0.000000,0.000000,0.000000,0.000000,0.000000,0.000000,0.000000,0.000000,0.000000,0.000000,0.000000,0.000000,0.000000,0.000000,0.000000,0.000000,0.000001,0.000001,0.000002,0.000002,0.000006,0.000006,0.000015,0.000015,0.000036,0.000036,0.000085,0.000085,0.000194,0.000194,0.000424,0.000424,0.000892,0.000892,0.001805,0.001805,0.003510,0.003510,0.006560,0.006560,0.011783,0.011783,0.020337,0.020337,0.033729,0.033729,0.053750,0.053750,0.082297,0.082297,0.121067,0.121067,0.171120,0.171120,0.232394,0.232394,0.303262,0.303262,0.380284,0.380284,0.458274,0.458274,0.530750,0.530750,0.590752,0.590752,0.631886,0.631886,0.649398,0.649398,0.641017,0.641017,0.607400,0.607400,0.552052,0.552052,0.480746,0.480746,0.400573,0.400573,0.318815,0.318815,0.241886,0.241886,0.174534,0.174534,0.119454,0.119454,0.077320,0.077318,0.047172,0.047137,0.026914,0.026234,0.012084,0.000000]
1.570796,1.000000,[0.000000,0.000000,0.000000,0.000000,0.000000,0.000000,0.000000,0.000000,0.000000,0.000000,0.000000,0.000000,0.000000,0.000000,0.000000,0.000000,0.000000,0.000000,0.000000,0.000000,0.000000,0.000001,0.000001,0.000003,0.000003,0.000008,0.000008,0.000020,0.000020,0.000048,0.000048,0.000112,0.000112,0.000251,0.000251,0.000541,0.000541,0.001121,0.001121,0.002232,0.002232,0.004273,0.004273,0.007866,0.007866,0.013922,0.013922,0.023685,0.023685,0.038734,0.038734,0.060887,0.060887,0.091990,0.091990,0.133580,0.133580,0.186439,0.186439,0.250111,0.250111,0.322517,0.322517,0.399782,0.399782,0.476393,0.476393,0.545751,0.545751,0.601035,0.601035,0.636264,0.636264,0.647303,0.647303,0.632613,0.632613,0.593563,0.593563,0.534225,0.534225,0.460703,0.460703,0.380134,0.380134,0.299583,0.299583,0.225048,0.225048,0.160764,0.160764,0.108921,0.108920,0.069783,0.069773,0.042108,0.041911,0.023207,0.019675,0.000000]
1.586663,1.000000,[0.000000,0.000000,0.000000,0.000000,0.000000,0.000000,0.000000,0.000000,0.000000,0.000000,0.000000,0.000000,0.000000,0.000000,0.000000,0.000000,0.000000,0.000000,0.000000,0.000000,0.000001,0.000001,0.000002,0.000002,0.000004,0.000004,0.000011,0.000011,0.000027,0.000027,0.000064,0.000064,0.000147,0.000147,0.000324,0.000324,0.000686,0.000686,0.001398,0.001398,0.002742,0.002742,0.005171,0.005171,0.009380,0.009380,0.016362,0.016362,0.027447,0.027447,0.044272,0.044272,0.068662,0.068662,0.102387,0.102387,0.146795,0.146795,0.202357,0.202357,0.268213,0.268213,0.341834,0.341834,0.418935,0.418935,0.493733,0.493733,0.559572,0.559572,0.609843,0.609843,0.639024,0.639024,0.643630,0.643630,0.622850,0.622850,0.578728,0.578728,0.515845,0.515845,0.440561,0.440561,0.359996,0.359996,0.280949,0.280949,0.208977,0.208977,0.147804,0.147803,0.099136,0.099134,0.062864,0.062807,0.037382,0.036352,0.017405,0.000000]
1.602530,1.000000,[0.000000,0.000000,0.000000,0.000000,0.000000,0.000000,0.000000,0.000000,0.000000,0.000000,0.000000,0.000000,0.000000,0.000000,0.000000,0.000000,0.000000,0.000000,0.000000,0.000000,0.000000,0.000001,0.000001,0.000002,0.000002,0.000006,0.000006,0.000015,0.000015,0.000036,0.000036,0.000085,0.000085,0.000191,0.000191,0.000414,0.000414,0.000864,0.000864,0.001734,0.001734,0.003349,0.003349,0.006223,0.006223,0.011126,0.011126,0.019134,0.019134,0.031654,0.031654,0.050370,0.050370,0.077094,0.077094,0.113489,0.113489,0.160685,0.160685,0.218821,0.218821,0.286618,0.286618,0.361109,0.361109,0.437634,0.437634,0.510192,0.510192,0.572139,0.572139,0.617138,0.617138,0.640175,0.640175,0.638435,0.638435,0.611820,0.611820,0.563007,0.563007,0.497024,0.497024,0.420419,0.420419,0.340234,0.340234,0.262956,0.262956,0.193684,0.193684,0.135637,0.135636,0.090068,0.090052,0.056494,0.056194,0.032388,0.027264,0.000000]
1.618396,1.000000,[0.000000,0.000000,0.000000,0.000000,0.000000,0.000000,0.000000,0.000000,0.000000,0.000000,0.000000,0.000000,0.000000,0.000000,0.000000,0.000000,0.000000,0.000000,0.000000,0.000000,0.000000,0.000000,0.000001,0.000001,0.000003,0.000003,0.000008,0.000008,0.000020,0.000020,0.000048,0.000048,0.000111,0.000111,0.000247,0.000247,0.000527,0.000527,0.001082,0.001082,0.002138,0.002138,0.004068,0.004068,0.007449,0.007449,0.013128,0.013128,0.022264,0.022264,0.036333,0.036333,0.057051,0.057051,0.086192,0.086192,0.125288,0.125288,0.175219,0.175219,0.235770,0.235770,0.305241,0.305241,0.380240,0.380240,0.455774,0.455774,0.525679,0.525679,0.583389,0.583389,0.622897,0.622897,0.639740,0.639740,0.631781,0.631781,0.599617,0.599617,0.546511,0.546511,0.477873,0.477873,0.400373,0.400373,0.320915,0.320915,0.245638,0.245638,0.179172,0.179172,0.124245,0.124240,0.081675,0.081587,0.050467,0.048961,0.024291,0.000000]
1.634263,1.000000,[0.000000,0.000000,0.000000,0.000000,0.000000,0.000000,0.000000,0.000000,0.000000,0.000000,0.000000,0.000000,0.000000,0.000000,0.000000,0.000000,0.000000,0.000000,0.000000,0.000000,0.000000,0.000001,0.000001,0.000002,0.000002,0.000004,0.000004,0.000011,0.000011,0.000027,0.000027,0.000064,0.000064,0.000145,0.000145,0.000317,0.000317,0.000665,0.000665,0.001346,0.001346,0.002620,0.002620,0.004913,0.004913,0.008869,0.008869,0.015412,0.015412,0.025781,0.025781,0.041512,0.041512,0.064336,0.064336,0.095966,0.095966,0.137771,0.137771,0.190357,0.190357,0.253138,0.253138,0.323990,0.323990,0.399123,0.399123,0.473250,0.473250,0.540107,0.540107,0.593266,0.593266,0.627108,0.627108,0.637751,0.637751,0.623740,0.623740,0.586340,0.586340,0.529352,0.529352,0.458498,0.458498,0.380509,0.380509,0.302096,0.302096,0.229022,0.229022,0.165440,0.165439,0.113602,0.113577,0.073873,0.073431,0.043923,0.036721,0.000000]
1.650129,1.000000,[0.000000,0.000000,0.000000,0.000000,0.000000,0.000000,0.000000,0.000000,0.000000,0.000000,0.000000,0.000000,0.000000,0.000000,0.000000,0.000000,0.000000,0.000000,0.000000,0.000000,0.000000,0.000000,0.000001,0.000001,0.000002,0.000002,0.000006,0.000006,0.000015,0.000015,0.000037,0.000037,0.000084,0.000085,0.000188,0.000188,0.000404,0.000404,0.000836,0.000836,0.001664,0.001664,0.003194,0.003194,0.005902,0.005902,0.010504,0.010504,0.018004,0.018004,0.029714,0.029714,0.047218,0.047218,0.072244,0.072244,0.106418,0.106418,0.150917,0.150917,0.206052,0.206052,0.270851,0.270851,0.342774,0.342774,0.417655,0.417655,0.489964,0.489964,0.553397,0.553397,0.601727,0.601727,0.629769,0.629769,0.634248,0.634248,0.614390,0.614390,0.572093,0.572093,0.511638,0.511638,0.439000,0.439000,0.360905,0.360905,0.283827,0.283827,0.213126,0.213126,0.152481,0.152473,0.103670,0.103540,0.066385,0.064253,0.032942,0.000000]
1.665996,1.000000,[0.000000,0.000000,0.000000,0.000000,0.000000,0.000000,0.000000,0.000000,0.000000,0.000000,0.000000,0.000000,0.000000,0.000000,0.000000,0.000000,0.000000,0.000000,0.000000,0.000000,0.000000,0.000000,0.000000,0.000001,0.000001,0.000003,0.000003,0.000008,0.000008,0.000021,0.000021,0.000049,0.000049,0.000110,0.000110,0.000242,0.000242,0.000512,0.000512,0.001043,0.001043,0.002047,0.002047,0.003871,0.003871,0.007053,0.007053,0.012379,0.012379,0.020931,0.020931,0.034090,0.034090,0.053475,0.053475,0.080787,0.080787,0.117543,0.117543,0.164701,0.164701,0.222252,0.222252,0.288832,0.288832,0.361494,0.361494,0.435732,0.435732,0.505822,0.505822,0.565479,0.565479,0.608737,0.608737,0.630889,0.630889,0.629284,0.629284,0.603816,0.603816,0.556979,0.556979,0.493479,0.493479,0.419477,0.419477,0.341636,0.341636,0.266152,0.266152,0.197965,0.197963,0.140278,0.140240,0.094349,0.093719,0.058025,0.048190,0.000000]
1.681863,1.000000,[0.000000,0.000000,0.000000,0.000000,0.000000,0.000000,0.000000,0.000000,0.000000,0.000000,0.000000,0.000000,0.000000,0.000000,0.000000,0.000000,0.000000,0.000000,0.000000,0.000000,0.000000,0.000000,0.000001,0.000001,0.000002,0.000002,0.000005,0.000005,0.000011,0.000011,0.000028,0.000028,0.000064,0.000064,0.000143,0.000143,0.000310,0.000310,0.000645,0.000645,0.001294,0.001294,0.002503,0.002503,0.004666,0.004666,0.008384,0.008384,0.014517,0.014517,0.024221,0.024221,0.038936,0.038936,0.060303,0.060303,0.089976,0.089976,0.129332,0.129332,0.179089,0.179089,0.238897,0.238897,0.306997,0.306997,0.380054,0.380054,0.453255,0.453255,0.520736,0.520736,0.576294,0.576294,0.614275,0.614275,0.630487,0.630487,0.622917,0.622917,0.592107,0.592107,0.541104,0.541104,0.474978,0.474978,0.400016,0.400016,0.322765,0.322765,0.249105,0.249105,0.183543,0.183532,0.128796,0.128610,0.085268,0.082336,0.043519,0.000000]
1.697729,1.000000,[0.000000,0.000000,0.000000,0.000000,0.000000,0.000000,0.000000,0.000000,0.000000,0.000000,0.000000,0.000000,0.000000,0.000000,0.000000,0.000000,0.000000,0.000000,0.000000,0.000000,0.000000,0.000000,0.000000,0.000001,0.000001,0.000002,0.000002,0.000006,0.000006,0.000015,0.000015,0.000037,0.000037,0.000084,0.000084,0.000185,0.000185,0.000393,0.000393,0.000807,0.000807,0.001596,0.001596,0.003044,0.003044,0.005596,0.005596,0.009917,0.009918,0.016943,0.016943,0.027900,0.027900,0.044278,0.044278,0.067721,0.067721,0.099815,0.099815,0.141771,0.141771,0.194041,0.194041,0.255922,0.255922,0.325261,0.325261,0.398354,0.398354,0.470125,0.470125,0.534626,0.534626,0.585789,0.585789,0.618328,0.618328,0.628595,0.628595,0.615214,0.615214,0.579356,0.579356,0.524573,0.524573,0.456238,0.456238,0.380704,0.380704,0.304350,0.304350,0.232715,0.232711,0.169856,0.169802,0.117914,0.117041,0.074830,0.061752,0.000000]
1.713596,1.000000,[0.000000,0.000000,0.000000,0.000000,0.000000,0.000000,0.000000,0.000000,0.000000,0.000000,0.000000,0.000000,0.000000,0.000000,0.000000,0.000000,0.000000,0.000000,0.000000,0.000000,0.000000,0.000000,0.000000,0.000000,0.000001,0.000001,0.000003,0.000003,0.000009,0.000009,0.000021,0.000021,0.000048,0.000048,0.000109,0.000109,0.000237,0.000237,0.000497,0.000497,0.001004,0.001004,0.001958,0.001958,0.003682,0.003682,0.006676,0.006676,0.011674,0.011674,0.019682,0.019682,0.031994,0.031994,0.050139,0.050139,0.075745,0.075745,0.110304,0.110304,0.154839,0.154839,0.209511,0.209511,0.273257,0.273257,0.343534,0.343534,0.416297,0.416297,0.486250,0.486250,0.547417,0.547417,0.593924,0.593924,0.620895,0.620895,0.625249,0.625249,0.606250,0.606250,0.565660,0.565660,0.507489,0.507489,0.437354,0.437354,0.361615,0.361615,0.286441,0.286440,0.217000,0.216984,0.156871,0.156611,0.107143,0.103219,0.056123,0.000000]
1.729463,1.000000,[0.000000,0.000000,0.000000,0.000000,0.000000,0.000000,0.000000,0.000000,0.000000,0.000000,0.000000,0.000000,0.000000,0.000000,0.000000,0.000000,0.000000,0.000000,0.000000,0.000000,0.000000,0.000000,0.000000,0.000001,0.000001,0.000002,0.000002,0.000005,0.000005,0.000012,0.000012,0.000028,0.000028,0.000064,0.000064,0.000141,0.000141,0.000302,0.000302,0.000624,0.000624,0.001243,0.001243,0.002389,0.002389,0.004430,0.004430,0.007926,0.007926,0.013676,0.013676,0.022760,0.022760,0.036530,0.036530,0.056540,0.056540,0.084384,0.084384,0.121438,0.121438,0.168507,0.168507,0.225447,0.225447,0.290826,0.290826,0.361725,0.361725,0.433785,0.433785,0.501542,0.501542,0.559043,0.559043,0.600666,0.600666,0.621983,0.621983,0.620500,0.620500,0.596102,0.596102,0.551117,0.551117,0.489955,0.489955,0.418419,0.418419,0.342822,0.342821,0.269081,0.269076,0.201968,0.201891,0.144439,0.143263,0.094388,0.077414,0.000000]
1.745329,1.000000,[0.000000,0.000000,0.000000,0.000000,0.000000,0.000000,0.000000,0.000000,0.000000,0.000000,0.000000,0.000000,0.000000,0.000000,0.000000,0.000000,0.000000,0.000000,0.000000,0.000000,0.000000,0.000000,0.000000,0.000000,0.000001,0.000001,0.000003,0.000003,0.000006,0.000006,0.000016,0.000016,0.000037,0.000037,0.000083,0.000083,0.000181,0.000181,0.000382,0.000382,0.000778,0.000778,0.001529,0.001529,0.002899,0.002899,0.005304,0.005304,0.009363,0.009363,0.015947,0.015947,0.026203,0.026203,0.041533,0.041533,0.063501,0.063501,0.093648,0.093648,0.133205,0.133205,0.182742,0.182742,0.241792,0.241792,0.308551,0.308551,0.379740,0.379740,0.450724,0.450724,0.515917,0.515917,0.569449,0.569449,0.605996,0.605996,0.621612,0.621612,0.614400,0.614400,0.584856,0.584856,0.535827,0.535827,0.472071,0.472071,0.399520,0.399520,0.324386,0.324385,0.252303,0.252280,0.187585,0.187234,0.131926,0.126801,0.070791,0.000000]
1.761196,1.000000,[0.000000,0.000000,0.000000,0.000000,0.000000,0.000000,0.000000,0.000000,0.000000,0.000000,0.000000,0.000000,0.000000,0.000000,0.000000,0.000000,0.000000,0.000000,0.000000,0.000000,0.000000,0.000000,0.000000,0.000001,0.000001,0.000001,0.000001,0.000004,0.000004,0.000009,0.000009,0.000021,0.000021,0.000048,0.000048,0.000108,0.000108,0.000232,0.000232,0.000481,0.000481,0.000966,0.000966,0.001872,0.001872,0.003500,0.003500,0.006319,0.006319,0.011009,0.011009,0.018511,0.018511,0.030035,0.030035,0.047025,0.047025,0.071038,0.071038,0.103537,0.103537,0.145589,0.145589,0.197504,0.197504,0.258482,0.258482,0.326348,0.326348,0.397486,0.397486,0.467023,0.467023,0.529300,0.529300,0.578586,0.578586,0.609900,0.609900,0.619809,0.619809,0.607014,0.607014,0.572599,0.572599,0.519888,0.519888,0.453934,0.453933,0.380737,0.380736,0.306365,0.306359,0.236123,0.236018,0.173671,0.172126,0.116642,0.095101,0.000000]
